video,frame_t,dt,class_id,area_t,remain_ratio,type
127_-hIVCYO4C90,0,5,13,366,0.0000,vanish
127_-hIVCYO4C90,2,5,9,2682,0.0030,vanish
127_-hIVCYO4C90,2,5,68,409,0.2054,shrink
127_-hIVCYO4C90,3,5,9,2463,0.0000,vanish
127_-hIVCYO4C90,3,5,68,375,0.0293,vanish
127_-hIVCYO4C90,4,4,9,2144,0.0000,vanish
127_-hIVCYO4C90,4,5,68,334,0.0000,vanish
127_-hIVCYO4C90,5,3,9,1910,0.0000,vanish
127_-hIVCYO4C90,6,1,9,306,0.0000,vanish
127_-hIVCYO4C90,6,2,9,581,0.0000,vanish
127_-hIVCYO4C90,7,5,13,590,0.0949,vanish
127_-hIVCYO4C90,8,5,13,618,0.0307,vanish
127_-hIVCYO4C90,9,5,13,523,0.0000,vanish
127_-hIVCYO4C90,9,5,61,969,0.2167,shrink
127_-hIVCYO4C90,10,4,13,384,0.0000,vanish
127_-hIVCYO4C90,11,3,13,317,0.0000,vanish
127_-hIVCYO4C90,11,5,61,640,0.0891,vanish
127_-hIVCYO4C90,12,5,61,445,0.0000,vanish
127_-hIVCYO4C90,13,5,1,3007,0.1896,shrink
127_-hIVCYO4C90,13,4,61,306,0.0000,vanish
127_-hIVCYO4C90,14,5,1,2598,0.0081,vanish
127_-hIVCYO4C90,15,5,1,2196,0.0000,vanish
127_-hIVCYO4C90,16,4,1,1503,0.0000,vanish
127_-hIVCYO4C90,16,5,60,642,0.0171,vanish
127_-hIVCYO4C90,17,3,1,1157,0.0000,vanish
127_-hIVCYO4C90,17,5,60,601,0.0000,vanish
127_-hIVCYO4C90,18,2,1,570,0.0000,vanish
127_-hIVCYO4C90,18,4,60,550,0.0000,vanish
127_-hIVCYO4C90,20,5,13,1613,0.2331,shrink
127_-hIVCYO4C90,20,3,61,307,0.0000,vanish
127_-hIVCYO4C90,23,5,60,562,0.0000,vanish
127_-hIVCYO4C90,24,4,60,497,0.0000,vanish
127_-hIVCYO4C90,25,3,60,423,0.0000,vanish
127_-hIVCYO4C90,29,5,13,1006,0.1829,shrink
127_-hIVCYO4C90,30,5,13,1047,0.1165,shrink
127_-hIVCYO4C90,31,5,13,791,0.0480,vanish
127_-hIVCYO4C90,32,5,13,650,0.0000,vanish
127_-hIVCYO4C90,33,5,13,753,0.1527,shrink
127_-hIVCYO4C90,33,4,13,427,0.0000,vanish
127_-hIVCYO4C90,34,5,13,757,0.1295,shrink
127_-hIVCYO4C90,35,5,13,696,0.0000,vanish
127_-hIVCYO4C90,45,5,90,303,0.2178,shrink
127_-hIVCYO4C90,46,5,61,2858,0.2271,shrink
127_-hIVCYO4C90,48,5,61,2018,0.0942,vanish
127_-hIVCYO4C90,49,5,60,1141,0.0649,vanish
127_-hIVCYO4C90,49,5,61,1289,0.0372,vanish
127_-hIVCYO4C90,50,4,60,982,0.0754,vanish
127_-hIVCYO4C90,50,5,61,1046,0.0000,vanish
127_-hIVCYO4C90,51,5,60,600,0.0017,vanish
127_-hIVCYO4C90,51,4,61,558,0.0000,vanish
127_-hIVCYO4C90,52,5,60,539,0.0000,vanish
127_-hIVCYO4C90,52,3,61,566,0.0000,vanish
127_-hIVCYO4C90,53,4,60,453,0.0000,vanish
127_-hIVCYO4C90,59,5,12,2480,0.1206,shrink
127_-hIVCYO4C90,59,4,14,350,0.0629,vanish
127_-hIVCYO4C90,60,5,12,2347,0.0507,vanish
127_-hIVCYO4C90,60,3,14,687,0.0451,vanish
127_-hIVCYO4C90,61,5,12,1952,0.0000,vanish
127_-hIVCYO4C90,61,1,90,413,0.0000,vanish
127_-hIVCYO4C90,62,4,12,1645,0.0000,vanish
127_-hIVCYO4C90,63,3,12,952,0.0000,vanish
127_-hIVCYO4C90,66,5,4,2298,0.0000,vanish
127_-hIVCYO4C90,66,5,13,1572,0.0668,vanish
127_-hIVCYO4C90,67,4,4,2006,0.0000,vanish
127_-hIVCYO4C90,67,5,13,1438,0.0000,vanish
127_-hIVCYO4C90,68,3,4,1984,0.0000,vanish
127_-hIVCYO4C90,68,4,13,1251,0.0000,vanish
127_-hIVCYO4C90,69,2,4,1993,0.0000,vanish
127_-hIVCYO4C90,69,3,13,1008,0.0000,vanish
127_-hIVCYO4C90,70,1,4,1955,0.0000,vanish
127_-hIVCYO4C90,70,2,13,717,0.0000,vanish
127_-hIVCYO4C90,75,3,14,374,0.0000,vanish
127_-hIVCYO4C90,78,4,1,489,0.0000,vanish
127_-hIVCYO4C90,80,5,4,691,0.2344,shrink
127_-hIVCYO4C90,81,5,1,3164,0.2462,shrink
127_-hIVCYO4C90,81,5,4,641,0.1591,shrink
127_-hIVCYO4C90,82,5,1,2855,0.0445,vanish
127_-hIVCYO4C90,82,5,4,617,0.0308,vanish
127_-hIVCYO4C90,83,5,1,2423,0.0000,vanish
127_-hIVCYO4C90,83,5,4,438,0.0000,vanish
127_-hIVCYO4C90,84,4,1,1884,0.0000,vanish
127_-hIVCYO4C90,85,3,1,1356,0.0000,vanish
127_-hIVCYO4C90,86,2,1,779,0.0000,vanish
127_-hIVCYO4C90,90,5,13,442,0.0045,vanish
127_-hIVCYO4C90,91,5,13,419,0.0000,vanish
127_-hIVCYO4C90,92,4,13,423,0.0000,vanish
127_-hIVCYO4C90,93,3,13,395,0.0000,vanish
127_-hIVCYO4C90,94,5,1,1367,0.1968,shrink
127_-hIVCYO4C90,95,5,1,1168,0.0000,vanish
127_-hIVCYO4C90,96,4,1,1003,0.0000,vanish
127_-hIVCYO4C90,97,3,1,799,0.0000,vanish
127_-hIVCYO4C90,98,2,1,660,0.0000,vanish
127_-hIVCYO4C90,105,5,90,404,0.0421,vanish
127_-hIVCYO4C90,106,5,90,319,0.0000,vanish
127_-hIVCYO4C90,110,5,9,1819,0.1215,shrink
127_-hIVCYO4C90,111,5,9,1569,0.0561,vanish
127_-hIVCYO4C90,112,5,9,1303,0.0000,vanish
127_-hIVCYO4C90,113,4,9,1014,0.0000,vanish
127_-hIVCYO4C90,114,3,9,630,0.0000,vanish
1643_T9npC-YHzuE,0,4,1,3139,0.0000,vanish
1643_T9npC-YHzuE,0,4,15,107774,0.0763,vanish
1643_T9npC-YHzuE,0,2,15,1132,0.0000,vanish
1643_T9npC-YHzuE,0,1,29,2106,0.0000,vanish
1643_T9npC-YHzuE,0,5,61,117879,0.0384,vanish
1643_T9npC-YHzuE,1,5,8,154367,0.2250,shrink
1643_T9npC-YHzuE,1,4,15,106214,0.0671,vanish
1643_T9npC-YHzuE,1,3,15,3303,0.0000,vanish
1643_T9npC-YHzuE,1,1,29,1280,0.0000,vanish
1643_T9npC-YHzuE,1,5,61,115822,0.0084,vanish
1643_T9npC-YHzuE,1,2,91,160003,0.1724,shrink
1643_T9npC-YHzuE,1,3,91,1341,0.0000,vanish
1643_T9npC-YHzuE,2,5,8,167494,0.2147,shrink
1643_T9npC-YHzuE,2,4,15,100474,0.0758,vanish
1643_T9npC-YHzuE,2,1,15,1416,0.0000,vanish
1643_T9npC-YHzuE,2,5,61,103589,0.0012,vanish
1643_T9npC-YHzuE,2,2,91,149804,0.1553,shrink
1643_T9npC-YHzuE,3,5,8,125765,0.2352,shrink
1643_T9npC-YHzuE,3,5,15,100356,0.0822,vanish
1643_T9npC-YHzuE,3,1,15,997,0.0000,vanish
1643_T9npC-YHzuE,3,1,61,1810,0.0000,vanish
1643_T9npC-YHzuE,3,5,61,97401,0.0966,vanish
1643_T9npC-YHzuE,3,5,91,59442,0.1261,shrink
1643_T9npC-YHzuE,3,2,91,12282,0.0418,vanish
1643_T9npC-YHzuE,4,2,1,6517,0.0000,vanish
1643_T9npC-YHzuE,4,1,1,2376,0.0000,vanish
1643_T9npC-YHzuE,4,5,4,10870,0.0000,vanish
1643_T9npC-YHzuE,4,5,8,89113,0.2166,shrink
1643_T9npC-YHzuE,4,5,15,101672,0.1776,shrink
1643_T9npC-YHzuE,4,2,15,8783,0.0000,vanish
1643_T9npC-YHzuE,4,2,15,314,0.0000,vanish
1643_T9npC-YHzuE,4,5,61,94272,0.2380,shrink
1643_T9npC-YHzuE,4,2,61,42506,0.1484,shrink
1643_T9npC-YHzuE,4,3,61,5095,0.0000,vanish
1643_T9npC-YHzuE,4,3,91,63900,0.1742,shrink
1643_T9npC-YHzuE,4,1,91,1495,0.0000,vanish
1643_T9npC-YHzuE,5,1,1,2783,0.0000,vanish
1643_T9npC-YHzuE,5,5,8,65967,0.1519,shrink
1643_T9npC-YHzuE,5,5,15,23912,0.0148,vanish
1643_T9npC-YHzuE,5,3,61,4214,0.0000,vanish
1643_T9npC-YHzuE,5,5,61,15806,0.0083,vanish
1643_T9npC-YHzuE,5,2,61,13844,0.0000,vanish
1643_T9npC-YHzuE,5,5,91,104587,0.1992,shrink
1643_T9npC-YHzuE,6,5,8,50067,0.1265,shrink
1643_T9npC-YHzuE,6,5,15,22720,0.0523,vanish
1643_T9npC-YHzuE,6,1,28,621,0.0000,vanish
1643_T9npC-YHzuE,6,4,61,18744,0.0000,vanish
1643_T9npC-YHzuE,6,5,61,15607,0.1141,shrink
1643_T9npC-YHzuE,6,1,61,2833,0.0000,vanish
1643_T9npC-YHzuE,7,5,8,36168,0.0555,vanish
1643_T9npC-YHzuE,7,5,15,21460,0.1301,shrink
1643_T9npC-YHzuE,8,4,8,29741,0.0687,vanish
1643_T9npC-YHzuE,8,5,15,21390,0.2134,shrink
1643_T9npC-YHzuE,9,5,8,19964,0.0766,vanish
1643_T9npC-YHzuE,9,1,15,1091,0.0000,vanish
1643_T9npC-YHzuE,10,5,8,11207,0.0000,vanish
1643_T9npC-YHzuE,11,4,8,7049,0.0000,vanish
1643_T9npC-YHzuE,11,1,8,388,0.0000,vanish
1643_T9npC-YHzuE,11,5,15,25911,0.1767,shrink
1643_T9npC-YHzuE,11,1,15,2039,0.2124,shrink
1643_T9npC-YHzuE,12,3,8,3227,0.0000,vanish
1643_T9npC-YHzuE,12,5,15,32732,0.1408,shrink
1643_T9npC-YHzuE,12,1,28,1221,0.0000,vanish
1643_T9npC-YHzuE,13,2,8,4840,0.0000,vanish
1643_T9npC-YHzuE,13,5,15,38090,0.1254,shrink
1643_T9npC-YHzuE,13,5,15,5553,0.1441,shrink
1643_T9npC-YHzuE,14,1,8,4254,0.0000,vanish
1643_T9npC-YHzuE,14,5,15,44199,0.2085,shrink
1643_T9npC-YHzuE,14,5,15,9199,0.1545,shrink
1643_T9npC-YHzuE,17,1,29,371,0.0000,vanish
1643_T9npC-YHzuE,18,5,0,11239,0.2474,shrink
1643_T9npC-YHzuE,18,5,29,5854,0.1689,shrink
1643_T9npC-YHzuE,19,5,0,11535,0.0570,vanish
1643_T9npC-YHzuE,19,5,15,14204,0.2079,shrink
1643_T9npC-YHzuE,19,1,28,313,0.0000,vanish
1643_T9npC-YHzuE,19,5,29,4963,0.0000,vanish
1643_T9npC-YHzuE,20,5,0,8200,0.0000,vanish
1643_T9npC-YHzuE,20,5,15,15203,0.1366,shrink
1643_T9npC-YHzuE,20,5,29,5294,0.0000,vanish
1643_T9npC-YHzuE,20,3,29,584,0.0000,vanish
1643_T9npC-YHzuE,21,4,0,5414,0.0000,vanish
1643_T9npC-YHzuE,21,5,15,15771,0.0241,vanish
1643_T9npC-YHzuE,21,5,29,5627,0.0000,vanish
1643_T9npC-YHzuE,22,3,0,4083,0.0000,vanish
1643_T9npC-YHzuE,22,5,1,16048,0.0772,vanish
1643_T9npC-YHzuE,22,5,15,16243,0.0238,vanish
1643_T9npC-YHzuE,22,4,29,5586,0.0000,vanish
1643_T9npC-YHzuE,23,2,0,2781,0.0000,vanish
1643_T9npC-YHzuE,23,5,1,14898,0.0000,vanish
1643_T9npC-YHzuE,23,5,15,16596,0.0109,vanish
1643_T9npC-YHzuE,23,2,15,387,0.0000,vanish
1643_T9npC-YHzuE,23,3,29,4978,0.0000,vanish
1643_T9npC-YHzuE,23,5,61,26628,0.2189,shrink
1643_T9npC-YHzuE,23,5,81,22784,0.0350,vanish
1643_T9npC-YHzuE,24,1,0,657,0.0000,vanish
1643_T9npC-YHzuE,24,4,1,12537,0.0000,vanish
1643_T9npC-YHzuE,24,5,8,40987,0.2025,shrink
1643_T9npC-YHzuE,24,5,15,16607,0.0000,vanish
1643_T9npC-YHzuE,24,3,29,4431,0.0000,vanish
1643_T9npC-YHzuE,24,5,61,27123,0.1930,shrink
1643_T9npC-YHzuE,24,5,81,27720,0.0000,vanish
1643_T9npC-YHzuE,25,3,1,9497,0.0000,vanish
1643_T9npC-YHzuE,25,5,8,36532,0.0302,vanish
1643_T9npC-YHzuE,25,4,15,12965,0.0000,vanish
1643_T9npC-YHzuE,25,3,29,4012,0.0000,vanish
1643_T9npC-YHzuE,25,5,61,27169,0.1738,shrink
1643_T9npC-YHzuE,25,5,81,33773,0.0000,vanish
1643_T9npC-YHzuE,26,2,1,5579,0.0000,vanish
1643_T9npC-YHzuE,26,4,8,31943,0.0136,vanish
1643_T9npC-YHzuE,26,3,15,7139,0.0000,vanish
1643_T9npC-YHzuE,26,5,28,52119,0.2033,shrink
1643_T9npC-YHzuE,26,2,29,4214,0.0078,vanish
1643_T9npC-YHzuE,26,5,61,27144,0.1606,shrink
1643_T9npC-YHzuE,26,5,81,37503,0.0000,vanish
1643_T9npC-YHzuE,27,1,1,1238,0.0000,vanish
1643_T9npC-YHzuE,27,3,8,27993,0.0000,vanish
1643_T9npC-YHzuE,27,2,15,1258,0.0000,vanish
1643_T9npC-YHzuE,27,5,28,43261,0.0843,vanish
1643_T9npC-YHzuE,27,2,29,4155,0.0000,vanish
1643_T9npC-YHzuE,27,5,61,26945,0.1604,shrink
1643_T9npC-YHzuE,28,2,8,18040,0.0000,vanish
1643_T9npC-YHzuE,28,5,28,32972,0.0472,vanish
1643_T9npC-YHzuE,28,2,29,4483,0.0000,vanish
1643_T9npC-YHzuE,28,5,61,26749,0.1926,shrink
1643_T9npC-YHzuE,28,2,91,1793,0.0017,vanish
1643_T9npC-YHzuE,29,1,8,8206,0.0000,vanish
1643_T9npC-YHzuE,29,5,28,24488,0.0503,vanish
1643_T9npC-YHzuE,29,3,29,5127,0.0004,vanish
1643_T9npC-YHzuE,29,2,29,887,0.0000,vanish
1643_T9npC-YHzuE,29,5,61,21386,0.2039,shrink
1643_T9npC-YHzuE,29,1,91,770,0.0000,vanish
1643_T9npC-YHzuE,30,5,28,18999,0.0429,vanish
1643_T9npC-YHzuE,30,3,29,5798,0.0000,vanish
1643_T9npC-YHzuE,30,2,29,1461,0.0000,vanish
1643_T9npC-YHzuE,30,5,61,17310,0.1713,shrink
1643_T9npC-YHzuE,31,1,15,585,0.0000,vanish
1643_T9npC-YHzuE,31,4,28,10594,0.0770,vanish
1643_T9npC-YHzuE,31,4,29,5775,0.1960,shrink
1643_T9npC-YHzuE,31,2,29,1274,0.0000,vanish
1643_T9npC-YHzuE,31,4,61,11741,0.1994,shrink
1643_T9npC-YHzuE,32,3,28,3358,0.2430,shrink
1643_T9npC-YHzuE,32,3,29,1072,0.0093,vanish
1643_T9npC-YHzuE,32,3,91,1085,0.1161,shrink
1643_T9npC-YHzuE,33,5,29,1345,0.1963,shrink
1643_T9npC-YHzuE,34,5,1,1991,0.0000,vanish
1643_T9npC-YHzuE,34,5,28,1232,0.2159,shrink
1643_T9npC-YHzuE,34,5,29,1366,0.0000,vanish
1643_T9npC-YHzuE,34,5,61,2344,0.2112,shrink
1643_T9npC-YHzuE,35,4,1,2300,0.0000,vanish
1643_T9npC-YHzuE,35,5,28,816,0.0392,vanish
1643_T9npC-YHzuE,35,3,29,1321,0.0000,vanish
1643_T9npC-YHzuE,35,5,61,1975,0.0962,vanish
1643_T9npC-YHzuE,36,3,1,2143,0.0000,vanish
1643_T9npC-YHzuE,36,5,28,1362,0.1329,shrink
1643_T9npC-YHzuE,36,2,29,1385,0.0000,vanish
1643_T9npC-YHzuE,36,5,61,2448,0.0535,vanish
1643_T9npC-YHzuE,37,2,1,1434,0.0000,vanish
1643_T9npC-YHzuE,37,3,29,1624,0.0000,vanish
1643_T9npC-YHzuE,38,1,1,514,0.0000,vanish
1643_T9npC-YHzuE,38,3,29,1486,0.0000,vanish
1643_T9npC-YHzuE,38,5,61,15663,0.1843,shrink
1643_T9npC-YHzuE,39,5,4,23679,0.2377,shrink
1643_T9npC-YHzuE,39,2,15,607,0.0000,vanish
1643_T9npC-YHzuE,39,3,29,2076,0.0000,vanish
1643_T9npC-YHzuE,39,5,61,15810,0.0787,vanish
1643_T9npC-YHzuE,39,5,61,13585,0.0228,vanish
1643_T9npC-YHzuE,39,5,91,109486,0.2305,shrink
1643_T9npC-YHzuE,40,1,15,2170,0.0000,vanish
1643_T9npC-YHzuE,40,3,29,1895,0.0000,vanish
1643_T9npC-YHzuE,40,4,61,16564,0.1191,shrink
1643_T9npC-YHzuE,40,4,61,12023,0.0583,vanish
1643_T9npC-YHzuE,40,2,91,3362,0.0000,vanish
1643_T9npC-YHzuE,41,2,29,2294,0.0000,vanish
1643_T9npC-YHzuE,41,3,61,20285,0.2007,shrink
1643_T9npC-YHzuE,41,3,61,10904,0.1699,shrink
1643_T9npC-YHzuE,41,1,91,860,0.0000,vanish
1643_T9npC-YHzuE,42,1,29,2238,0.0000,vanish
112_0OB2IP1enjU,95,1,75,776,0.0000,vanish
112_0OB2IP1enjU,102,2,75,605,0.0000,vanish
112_0OB2IP1enjU,103,5,61,24212,0.0325,vanish
112_0OB2IP1enjU,104,5,61,26256,0.0532,vanish
112_0OB2IP1enjU,104,5,67,9026,0.2454,shrink
112_0OB2IP1enjU,105,5,61,28362,0.0611,vanish
112_0OB2IP1enjU,105,5,67,8178,0.1064,shrink
112_0OB2IP1enjU,106,5,67,6986,0.1274,shrink
112_0OB2IP1enjU,107,5,61,28743,0.1435,shrink
112_0OB2IP1enjU,107,4,67,5394,0.0538,vanish
112_0OB2IP1enjU,108,5,61,30635,0.2343,shrink
112_0OB2IP1enjU,108,4,67,4009,0.0222,vanish
112_0OB2IP1enjU,109,3,67,2313,0.0000,vanish
112_0OB2IP1enjU,110,5,49,9476,0.0000,vanish
112_0OB2IP1enjU,110,2,67,837,0.0000,vanish
112_0OB2IP1enjU,111,4,49,8191,0.0000,vanish
112_0OB2IP1enjU,112,3,49,6452,0.0000,vanish
112_0OB2IP1enjU,113,2,49,3969,0.0000,vanish
112_0OB2IP1enjU,114,1,49,1830,0.0000,vanish
231_-_w6ZFauJBI,0,4,7,411,0.0000,vanish
231_-_w6ZFauJBI,0,4,7,454,0.0000,vanish
231_-_w6ZFauJBI,0,5,7,1107,0.0090,vanish
231_-_w6ZFauJBI,0,2,7,410,0.0976,vanish
231_-_w6ZFauJBI,0,3,13,458,0.0000,vanish
231_-_w6ZFauJBI,1,5,7,871,0.0000,vanish
231_-_w6ZFauJBI,1,5,61,4645,0.0357,vanish
231_-_w6ZFauJBI,1,5,61,316,0.0000,vanish
231_-_w6ZFauJBI,2,4,7,828,0.0000,vanish
231_-_w6ZFauJBI,2,4,61,4592,0.0331,vanish
231_-_w6ZFauJBI,3,3,61,5181,0.0251,vanish
231_-_w6ZFauJBI,4,2,61,3771,0.0544,vanish
231_-_w6ZFauJBI,5,1,61,2858,0.0850,vanish
231_-_w6ZFauJBI,6,4,7,526,0.0000,vanish
231_-_w6ZFauJBI,7,5,7,2968,0.0815,vanish
231_-_w6ZFauJBI,7,4,61,2605,0.0000,vanish
231_-_w6ZFauJBI,8,5,7,2609,0.0000,vanish
231_-_w6ZFauJBI,8,5,13,2487,0.0736,vanish
231_-_w6ZFauJBI,8,3,61,3030,0.0000,vanish
231_-_w6ZFauJBI,9,4,7,2550,0.0000,vanish
231_-_w6ZFauJBI,9,5,13,2526,0.0000,vanish
231_-_w6ZFauJBI,10,3,7,2181,0.0000,vanish
231_-_w6ZFauJBI,10,5,13,4559,0.1277,shrink
231_-_w6ZFauJBI,10,4,13,2484,0.0000,vanish
231_-_w6ZFauJBI,11,2,7,3507,0.0000,vanish
231_-_w6ZFauJBI,11,5,13,4376,0.0000,vanish
231_-_w6ZFauJBI,11,3,13,2434,0.0000,vanish
231_-_w6ZFauJBI,11,2,75,20983,0.0000,vanish
231_-_w6ZFauJBI,12,4,13,3002,0.0000,vanish
231_-_w6ZFauJBI,12,2,13,1192,0.0000,vanish
231_-_w6ZFauJBI,12,1,75,10969,0.0000,vanish
231_-_w6ZFauJBI,13,4,1,4166,0.0000,vanish
231_-_w6ZFauJBI,13,2,1,4965,0.0195,vanish
231_-_w6ZFauJBI,13,5,13,8137,0.0193,vanish
231_-_w6ZFauJBI,13,3,13,1923,0.0000,vanish
231_-_w6ZFauJBI,14,3,1,3512,0.0000,vanish
231_-_w6ZFauJBI,14,1,1,716,0.0000,vanish
231_-_w6ZFauJBI,14,5,13,7660,0.0000,vanish
231_-_w6ZFauJBI,14,2,13,1601,0.0000,vanish
231_-_w6ZFauJBI,14,1,75,1278,0.0000,vanish
231_-_w6ZFauJBI,15,2,1,2880,0.0000,vanish
231_-_w6ZFauJBI,15,4,13,7227,0.0000,vanish
231_-_w6ZFauJBI,15,1,13,782,0.0000,vanish
231_-_w6ZFauJBI,16,1,1,429,0.0000,vanish
231_-_w6ZFauJBI,16,5,1,899,0.0990,vanish
231_-_w6ZFauJBI,16,4,1,324,0.0000,vanish
231_-_w6ZFauJBI,16,3,13,5382,0.0000,vanish
231_-_w6ZFauJBI,17,5,1,13735,0.2420,shrink
231_-_w6ZFauJBI,17,4,1,388,0.0000,vanish
231_-_w6ZFauJBI,17,2,13,3448,0.0000,vanish
231_-_w6ZFauJBI,18,5,1,448,0.0625,vanish
231_-_w6ZFauJBI,18,1,9,301,0.0000,vanish
231_-_w6ZFauJBI,18,3,9,1394,0.1370,shrink
231_-_w6ZFauJBI,18,5,13,407,0.1892,shrink
231_-_w6ZFauJBI,19,5,1,577,0.2288,shrink
231_-_w6ZFauJBI,21,2,1,1393,0.0000,vanish
231_-_w6ZFauJBI,21,5,75,10621,0.1411,shrink
231_-_w6ZFauJBI,22,3,1,2202,0.0000,vanish
231_-_w6ZFauJBI,22,5,1,3435,0.0041,vanish
231_-_w6ZFauJBI,22,3,75,6680,0.0000,vanish
231_-_w6ZFauJBI,23,4,1,4327,0.0000,vanish
231_-_w6ZFauJBI,24,4,1,1654,0.1348,shrink
231_-_w6ZFauJBI,24,5,1,4464,0.0000,vanish
231_-_w6ZFauJBI,25,4,1,3286,0.0000,vanish
231_-_w6ZFauJBI,25,5,75,3486,0.2487,shrink
231_-_w6ZFauJBI,26,3,1,2669,0.0000,vanish
231_-_w6ZFauJBI,26,5,61,124235,0.2335,shrink
231_-_w6ZFauJBI,28,2,75,3253,0.0000,vanish
231_-_w6ZFauJBI,29,4,1,525,0.0000,vanish
231_-_w6ZFauJBI,29,1,75,2011,0.0000,vanish
231_-_w6ZFauJBI,30,5,1,2921,0.0000,vanish
231_-_w6ZFauJBI,32,5,13,15870,0.2197,shrink
231_-_w6ZFauJBI,32,5,61,89489,0.1421,shrink
231_-_w6ZFauJBI,33,4,13,544,0.1507,shrink
231_-_w6ZFauJBI,33,5,61,89234,0.1979,shrink
231_-_w6ZFauJBI,34,5,1,2331,0.1420,shrink
231_-_w6ZFauJBI,34,5,13,520,0.0654,vanish
231_-_w6ZFauJBI,34,5,13,534,0.0000,vanish
231_-_w6ZFauJBI,34,5,61,87471,0.2442,shrink
231_-_w6ZFauJBI,35,5,1,2045,0.1355,shrink
231_-_w6ZFauJBI,35,4,13,554,0.0217,vanish
231_-_w6ZFauJBI,35,4,13,566,0.0000,vanish
231_-_w6ZFauJBI,35,5,61,83220,0.2318,shrink
231_-_w6ZFauJBI,36,5,1,1426,0.0947,vanish
231_-_w6ZFauJBI,36,5,13,306,0.1373,shrink
231_-_w6ZFauJBI,37,5,1,855,0.1345,shrink
231_-_w6ZFauJBI,38,5,1,771,0.0000,vanish
231_-_w6ZFauJBI,38,5,13,598,0.2007,shrink
231_-_w6ZFauJBI,39,4,1,331,0.0000,vanish
231_-_w6ZFauJBI,40,5,61,337,0.0356,vanish
231_-_w6ZFauJBI,43,5,13,584,0.2363,shrink
231_-_w6ZFauJBI,51,5,43,750,0.0000,vanish
231_-_w6ZFauJBI,52,4,43,1038,0.0000,vanish
231_-_w6ZFauJBI,53,5,13,368,0.1630,shrink
231_-_w6ZFauJBI,53,3,43,770,0.0000,vanish
231_-_w6ZFauJBI,54,2,43,783,0.0000,vanish
231_-_w6ZFauJBI,54,1,43,1253,0.0000,vanish
231_-_w6ZFauJBI,55,1,43,768,0.0000,vanish
231_-_w6ZFauJBI,66,2,13,599,0.0000,vanish
231_-_w6ZFauJBI,70,5,43,4781,0.0000,vanish
231_-_w6ZFauJBI,70,2,43,418,0.0096,vanish
231_-_w6ZFauJBI,71,5,13,21788,0.1963,shrink
231_-_w6ZFauJBI,71,4,43,4169,0.0000,vanish
231_-_w6ZFauJBI,72,3,43,3418,0.0000,vanish
231_-_w6ZFauJBI,73,3,1,389,0.0000,vanish
231_-_w6ZFauJBI,73,5,13,19516,0.2462,shrink
231_-_w6ZFauJBI,73,2,13,2542,0.0000,vanish
231_-_w6ZFauJBI,73,2,43,2441,0.0000,vanish
231_-_w6ZFauJBI,74,1,13,1200,0.0000,vanish
231_-_w6ZFauJBI,74,1,43,2374,0.0000,vanish
231_-_w6ZFauJBI,79,5,1,4461,0.0794,vanish
231_-_w6ZFauJBI,79,2,13,301,0.0000,vanish
231_-_w6ZFauJBI,79,1,43,536,0.0000,vanish
231_-_w6ZFauJBI,80,5,1,5305,0.0051,vanish
231_-_w6ZFauJBI,80,5,1,4107,0.1191,shrink
231_-_w6ZFauJBI,80,3,13,309,0.0000,vanish
231_-_w6ZFauJBI,81,4,1,4467,0.0096,vanish
231_-_w6ZFauJBI,81,5,1,4445,0.0448,vanish
231_-_w6ZFauJBI,82,3,1,3953,0.0458,vanish
231_-_w6ZFauJBI,82,5,1,5730,0.0414,vanish
231_-_w6ZFauJBI,82,3,13,360,0.0000,vanish
231_-_w6ZFauJBI,82,2,13,439,0.0000,vanish
231_-_w6ZFauJBI,83,2,1,4392,0.2113,shrink
231_-_w6ZFauJBI,83,5,1,6655,0.0012,vanish
231_-_w6ZFauJBI,83,4,13,498,0.0000,vanish
231_-_w6ZFauJBI,84,5,1,5924,0.1047,shrink
231_-_w6ZFauJBI,84,4,13,580,0.0000,vanish
231_-_w6ZFauJBI,84,4,13,915,0.0787,vanish
231_-_w6ZFauJBI,85,5,13,320,0.0000,vanish
231_-_w6ZFauJBI,85,4,13,732,0.2227,shrink
231_-_w6ZFauJBI,85,5,13,726,0.0000,vanish
231_-_w6ZFauJBI,86,5,9,6137,0.1136,shrink
231_-_w6ZFauJBI,86,3,13,796,0.1005,shrink
231_-_w6ZFauJBI,87,5,9,7140,0.0062,vanish
231_-_w6ZFauJBI,88,5,9,7104,0.0038,vanish
231_-_w6ZFauJBI,89,5,9,7140,0.0008,vanish
231_-_w6ZFauJBI,90,4,9,7278,0.0003,vanish
231_-_w6ZFauJBI,91,3,9,329,0.0000,vanish
231_-_w6ZFauJBI,132,3,13,339,0.0000,vanish
2097_HVti7xTm2ow,0,1,1,1554,0.0000,vanish
2097_HVti7xTm2ow,0,1,14,3964,0.0000,vanish
2097_HVti7xTm2ow,0,4,61,82443,0.0000,vanish
2097_HVti7xTm2ow,0,5,61,51881,0.2300,shrink
2097_HVti7xTm2ow,1,3,61,70458,0.0000,vanish
2097_HVti7xTm2ow,2,3,61,43419,0.0000,vanish
2097_HVti7xTm2ow,3,1,1,870,0.0529,vanish
2097_HVti7xTm2ow,3,2,61,10536,0.0000,vanish
2097_HVti7xTm2ow,3,1,61,2428,0.0000,vanish
2097_HVti7xTm2ow,3,5,61,25059,0.0332,vanish
2097_HVti7xTm2ow,4,1,61,3506,0.0000,vanish
2097_HVti7xTm2ow,4,5,61,18362,0.0000,vanish
2097_HVti7xTm2ow,5,4,61,15897,0.0000,vanish
2097_HVti7xTm2ow,6,3,61,12137,0.0000,vanish
2097_HVti7xTm2ow,7,2,61,8896,0.0000,vanish
2097_HVti7xTm2ow,8,1,61,833,0.0000,vanish
2097_HVti7xTm2ow,9,4,1,958,0.0000,vanish
2097_HVti7xTm2ow,10,3,1,3601,0.0000,vanish
2097_HVti7xTm2ow,11,2,1,9870,0.0000,vanish
2097_HVti7xTm2ow,12,1,1,11331,0.0000,vanish
2097_HVti7xTm2ow,15,5,1,35525,0.0869,vanish
2097_HVti7xTm2ow,16,5,1,37981,0.0307,vanish
2097_HVti7xTm2ow,17,5,1,51861,0.0190,vanish
2097_HVti7xTm2ow,18,5,1,55219,0.0223,vanish
2097_HVti7xTm2ow,21,1,1,15763,0.1114,shrink
2097_HVti7xTm2ow,21,1,61,41068,0.0000,vanish
2097_HVti7xTm2ow,28,5,1,50164,0.1966,shrink
2097_HVti7xTm2ow,28,5,14,30431,0.2416,shrink
2097_HVti7xTm2ow,29,5,1,46999,0.0308,vanish
2097_HVti7xTm2ow,29,5,14,27406,0.1007,shrink
2097_HVti7xTm2ow,30,5,1,31464,0.0035,vanish
2097_HVti7xTm2ow,30,5,14,21436,0.0446,vanish
2097_HVti7xTm2ow,31,5,1,22347,0.0000,vanish
2097_HVti7xTm2ow,31,5,14,14554,0.0348,vanish
2097_HVti7xTm2ow,32,1,0,10848,0.0000,vanish
2097_HVti7xTm2ow,32,1,1,356,0.0000,vanish
2097_HVti7xTm2ow,32,4,1,16676,0.0000,vanish
2097_HVti7xTm2ow,32,4,14,10550,0.0481,vanish
2097_HVti7xTm2ow,33,4,1,12842,0.0009,vanish
2097_HVti7xTm2ow,33,3,14,7288,0.0696,vanish
2097_HVti7xTm2ow,34,3,1,4328,0.0515,vanish
2097_HVti7xTm2ow,34,2,14,2759,0.1838,shrink
2097_HVti7xTm2ow,35,2,1,3064,0.1514,shrink
2097_HVti7xTm2ow,35,1,14,955,0.2314,shrink
1296_oaQaoEjjG7I,4,2,75,5786,0.0000,vanish
1296_oaQaoEjjG7I,5,2,75,3900,0.0000,vanish
1296_oaQaoEjjG7I,6,2,75,2895,0.0000,vanish
1296_oaQaoEjjG7I,7,1,75,792,0.0000,vanish
1678__qxxSOgqMpc,14,5,22,439,0.1093,shrink
93_qZmq-lc8lAg,6,5,1,14600,0.1670,shrink
93_qZmq-lc8lAg,7,5,1,17218,0.1363,shrink
93_qZmq-lc8lAg,8,2,1,65565,0.0000,vanish
93_qZmq-lc8lAg,8,5,1,22534,0.1696,shrink
93_qZmq-lc8lAg,8,1,3,32835,0.0000,vanish
93_qZmq-lc8lAg,9,1,1,23799,0.0000,vanish
93_qZmq-lc8lAg,9,5,1,25578,0.1067,shrink
93_qZmq-lc8lAg,19,1,107,816,0.0000,vanish
93_qZmq-lc8lAg,21,2,107,851,0.0000,vanish
93_qZmq-lc8lAg,22,3,0,35071,0.0000,vanish
93_qZmq-lc8lAg,23,3,0,49831,0.0000,vanish
93_qZmq-lc8lAg,23,5,111,108451,0.2122,shrink
93_qZmq-lc8lAg,24,3,0,3194,0.0000,vanish
93_qZmq-lc8lAg,24,5,111,99966,0.0000,vanish
93_qZmq-lc8lAg,25,3,0,11876,0.0000,vanish
93_qZmq-lc8lAg,25,4,1,9674,0.0000,vanish
93_qZmq-lc8lAg,25,4,111,83005,0.0000,vanish
93_qZmq-lc8lAg,26,3,0,18232,0.0000,vanish
93_qZmq-lc8lAg,26,3,111,64545,0.0000,vanish
93_qZmq-lc8lAg,27,2,0,16801,0.0000,vanish
93_qZmq-lc8lAg,27,5,76,1017853,0.0937,vanish
93_qZmq-lc8lAg,27,2,111,52760,0.0000,vanish
93_qZmq-lc8lAg,28,2,0,16857,0.0000,vanish
93_qZmq-lc8lAg,28,5,76,819635,0.0063,vanish
93_qZmq-lc8lAg,28,1,111,23259,0.0000,vanish
93_qZmq-lc8lAg,29,2,0,17189,0.0000,vanish
93_qZmq-lc8lAg,29,5,76,615935,0.0000,vanish
93_qZmq-lc8lAg,30,2,0,18249,0.0000,vanish
93_qZmq-lc8lAg,30,4,76,514381,0.0000,vanish
93_qZmq-lc8lAg,31,2,0,18278,0.0000,vanish
93_qZmq-lc8lAg,31,3,76,302445,0.0000,vanish
93_qZmq-lc8lAg,32,4,0,78126,0.0000,vanish
93_qZmq-lc8lAg,32,2,0,18183,0.0000,vanish
93_qZmq-lc8lAg,32,2,76,76473,0.0000,vanish
93_qZmq-lc8lAg,32,2,76,18858,0.0000,vanish
93_qZmq-lc8lAg,33,3,0,58949,0.0000,vanish
93_qZmq-lc8lAg,33,2,0,18913,0.0000,vanish
93_qZmq-lc8lAg,33,5,1,42762,0.0000,vanish
93_qZmq-lc8lAg,33,2,69,56407,0.0000,vanish
93_qZmq-lc8lAg,33,1,76,5093,0.0000,vanish
93_qZmq-lc8lAg,34,2,0,19576,0.0000,vanish
93_qZmq-lc8lAg,34,1,69,5488,0.0000,vanish
93_qZmq-lc8lAg,34,1,69,4766,0.0000,vanish
93_qZmq-lc8lAg,34,1,69,8462,0.0000,vanish
93_qZmq-lc8lAg,34,1,109,36733,0.0000,vanish
93_qZmq-lc8lAg,35,1,0,10084,0.0000,vanish
93_qZmq-lc8lAg,35,2,0,19407,0.0000,vanish
93_qZmq-lc8lAg,36,2,0,20016,0.0000,vanish
93_qZmq-lc8lAg,36,1,1,643,0.0000,vanish
93_qZmq-lc8lAg,36,2,77,70913,0.0000,vanish
93_qZmq-lc8lAg,37,2,0,21626,0.0000,vanish
93_qZmq-lc8lAg,37,1,77,24921,0.0000,vanish
93_qZmq-lc8lAg,38,3,0,23040,0.0000,vanish
93_qZmq-lc8lAg,38,5,1,31882,0.2256,shrink
93_qZmq-lc8lAg,39,2,0,23470,0.0000,vanish
93_qZmq-lc8lAg,39,5,1,27243,0.2263,shrink
93_qZmq-lc8lAg,40,3,0,23664,0.0000,vanish
93_qZmq-lc8lAg,41,3,0,23685,0.0000,vanish
93_qZmq-lc8lAg,41,5,1,13164,0.1844,shrink
93_qZmq-lc8lAg,42,2,0,24733,0.0000,vanish
93_qZmq-lc8lAg,42,4,1,9723,0.2372,shrink
93_qZmq-lc8lAg,43,3,0,25640,0.0000,vanish
93_qZmq-lc8lAg,44,3,0,25454,0.0000,vanish
93_qZmq-lc8lAg,44,2,1,4216,0.0852,vanish
93_qZmq-lc8lAg,45,2,0,25060,0.0000,vanish
93_qZmq-lc8lAg,45,1,1,3682,0.0676,vanish
93_qZmq-lc8lAg,46,2,0,24168,0.0000,vanish
93_qZmq-lc8lAg,47,2,0,23841,0.0000,vanish
93_qZmq-lc8lAg,48,2,0,24287,0.0000,vanish
93_qZmq-lc8lAg,48,5,115,710368,0.2451,shrink
93_qZmq-lc8lAg,48,4,115,39593,0.0000,vanish
93_qZmq-lc8lAg,49,3,0,24577,0.0000,vanish
93_qZmq-lc8lAg,49,5,115,585441,0.1984,shrink
93_qZmq-lc8lAg,49,3,115,22822,0.0000,vanish
93_qZmq-lc8lAg,50,3,0,24181,0.0000,vanish
93_qZmq-lc8lAg,50,5,115,465259,0.0139,vanish
93_qZmq-lc8lAg,50,2,115,8260,0.0000,vanish
93_qZmq-lc8lAg,51,2,0,25049,0.0000,vanish
93_qZmq-lc8lAg,51,5,115,407858,0.0000,vanish
93_qZmq-lc8lAg,51,1,115,2405,0.0000,vanish
93_qZmq-lc8lAg,52,3,0,24738,0.0000,vanish
93_qZmq-lc8lAg,52,4,115,290679,0.0000,vanish
93_qZmq-lc8lAg,53,3,0,24630,0.0000,vanish
93_qZmq-lc8lAg,53,3,115,174130,0.0000,vanish
93_qZmq-lc8lAg,54,2,0,24219,0.0000,vanish
93_qZmq-lc8lAg,54,2,115,116179,0.0000,vanish
93_qZmq-lc8lAg,55,3,0,23926,0.0000,vanish
93_qZmq-lc8lAg,55,1,76,582,0.0000,vanish
93_qZmq-lc8lAg,55,1,115,6458,0.0000,vanish
93_qZmq-lc8lAg,56,2,0,24071,0.0000,vanish
93_qZmq-lc8lAg,56,5,77,242629,0.1918,shrink
93_qZmq-lc8lAg,57,2,0,23341,0.0000,vanish
93_qZmq-lc8lAg,57,5,77,225780,0.0329,vanish
93_qZmq-lc8lAg,57,3,107,13344,0.0000,vanish
93_qZmq-lc8lAg,58,2,0,20852,0.0000,vanish
93_qZmq-lc8lAg,58,5,77,174696,0.0000,vanish
93_qZmq-lc8lAg,59,2,0,20315,0.0000,vanish
93_qZmq-lc8lAg,59,4,77,120085,0.0000,vanish
93_qZmq-lc8lAg,59,5,90,209434,0.0759,vanish
93_qZmq-lc8lAg,60,2,0,19283,0.0000,vanish
93_qZmq-lc8lAg,60,5,1,1573125,0.0786,vanish
93_qZmq-lc8lAg,60,5,3,1705512,0.2071,shrink
93_qZmq-lc8lAg,60,3,77,93531,0.0000,vanish
93_qZmq-lc8lAg,60,5,90,186922,0.0000,vanish
93_qZmq-lc8lAg,61,2,0,20127,0.0000,vanish
93_qZmq-lc8lAg,61,5,1,1355734,0.0533,vanish
93_qZmq-lc8lAg,61,2,77,47233,0.0000,vanish
93_qZmq-lc8lAg,61,4,90,147282,0.0000,vanish
93_qZmq-lc8lAg,61,3,107,35753,0.0000,vanish
93_qZmq-lc8lAg,61,3,107,22046,0.0003,vanish
93_qZmq-lc8lAg,62,2,0,18897,0.0000,vanish
93_qZmq-lc8lAg,62,5,1,1157284,0.0004,vanish
93_qZmq-lc8lAg,62,1,77,7428,0.0000,vanish
93_qZmq-lc8lAg,62,3,90,105103,0.0000,vanish
93_qZmq-lc8lAg,62,2,107,91089,0.2074,shrink
93_qZmq-lc8lAg,63,1,0,54989,0.0000,vanish
93_qZmq-lc8lAg,63,1,0,16713,0.0000,vanish
93_qZmq-lc8lAg,63,5,1,1024441,0.0000,vanish
93_qZmq-lc8lAg,63,4,1,12123,0.0000,vanish
93_qZmq-lc8lAg,63,5,3,1831920,0.1924,shrink
93_qZmq-lc8lAg,63,2,90,79783,0.0000,vanish
93_qZmq-lc8lAg,64,1,0,6166,0.0000,vanish
93_qZmq-lc8lAg,64,1,0,12868,0.0000,vanish
93_qZmq-lc8lAg,64,4,1,681579,0.0000,vanish
93_qZmq-lc8lAg,64,1,77,408,0.0000,vanish
93_qZmq-lc8lAg,64,1,90,16049,0.0000,vanish
93_qZmq-lc8lAg,65,3,1,225804,0.0000,vanish
93_qZmq-lc8lAg,65,4,107,130623,0.0661,vanish
93_qZmq-lc8lAg,65,3,107,25464,0.0000,vanish
93_qZmq-lc8lAg,66,2,1,138022,0.0000,vanish
93_qZmq-lc8lAg,66,3,107,42650,0.0000,vanish
93_qZmq-lc8lAg,67,1,1,431,0.0000,vanish
93_qZmq-lc8lAg,69,5,3,1413098,0.1864,shrink
93_qZmq-lc8lAg,70,5,3,1156574,0.1321,shrink
93_qZmq-lc8lAg,70,4,107,74877,0.0000,vanish
93_qZmq-lc8lAg,71,4,3,898403,0.1700,shrink
93_qZmq-lc8lAg,71,4,107,130344,0.0561,vanish
93_qZmq-lc8lAg,72,3,3,771209,0.1981,shrink
93_qZmq-lc8lAg,72,3,107,156456,0.2103,shrink
93_qZmq-lc8lAg,73,1,90,883,0.0000,vanish
50_9mZFBNGzmok,21,5,29,28120,0.1384,shrink
50_9mZFBNGzmok,22,5,29,29052,0.0531,vanish
50_9mZFBNGzmok,23,5,29,29283,0.0549,vanish
50_9mZFBNGzmok,24,5,29,27409,0.0748,vanish
50_9mZFBNGzmok,25,5,29,25698,0.0928,vanish
50_9mZFBNGzmok,26,5,29,22209,0.1415,shrink
50_9mZFBNGzmok,27,5,29,20403,0.2465,shrink
709_S9b4zzhzYXQ,23,5,29,4654,0.0000,vanish
709_S9b4zzhzYXQ,24,5,29,4728,0.0000,vanish
709_S9b4zzhzYXQ,25,5,29,4936,0.1408,shrink
709_S9b4zzhzYXQ,38,5,67,14027,0.2425,shrink
709_S9b4zzhzYXQ,39,5,28,42415,0.0050,vanish
709_S9b4zzhzYXQ,39,5,67,13680,0.0000,vanish
709_S9b4zzhzYXQ,40,4,28,40947,0.0052,vanish
709_S9b4zzhzYXQ,40,4,67,13276,0.0000,vanish
709_S9b4zzhzYXQ,41,3,28,39467,0.0054,vanish
709_S9b4zzhzYXQ,41,3,67,13121,0.0058,vanish
709_S9b4zzhzYXQ,42,2,28,31165,0.0069,vanish
709_S9b4zzhzYXQ,42,2,29,12822,0.0000,vanish
709_S9b4zzhzYXQ,42,2,67,11546,0.0712,vanish
709_S9b4zzhzYXQ,43,1,28,14614,0.0146,vanish
1132_ngMJTWUanCA,0,3,22,859,0.0000,vanish
1132_ngMJTWUanCA,15,1,22,1797,0.0000,vanish
1132_ngMJTWUanCA,31,5,69,3554,0.2206,shrink
1132_ngMJTWUanCA,32,5,69,3217,0.1529,shrink
1132_ngMJTWUanCA,33,5,69,2530,0.0798,vanish
1132_ngMJTWUanCA,34,5,69,1781,0.0000,vanish
1132_ngMJTWUanCA,35,4,69,1480,0.0000,vanish
1132_ngMJTWUanCA,36,3,69,773,0.0000,vanish
1132_ngMJTWUanCA,37,2,69,484,0.0000,vanish
1010_kI0mOZirPGs,1,3,86,38333,0.0000,vanish
1010_kI0mOZirPGs,2,2,86,22747,0.0000,vanish
1010_kI0mOZirPGs,3,1,86,12981,0.0000,vanish
1010_kI0mOZirPGs,6,5,0,119477,0.0000,vanish
1010_kI0mOZirPGs,6,1,15,338,0.0592,vanish
1010_kI0mOZirPGs,7,5,0,119960,0.0504,vanish
1010_kI0mOZirPGs,8,5,0,105883,0.0000,vanish
1010_kI0mOZirPGs,9,4,0,95862,0.0000,vanish
1010_kI0mOZirPGs,9,5,13,89981,0.2158,shrink
1010_kI0mOZirPGs,9,1,67,6449,0.0000,vanish
1010_kI0mOZirPGs,10,3,0,64678,0.0000,vanish
1010_kI0mOZirPGs,10,5,13,75722,0.2439,shrink
1010_kI0mOZirPGs,11,2,0,33603,0.0000,vanish
1010_kI0mOZirPGs,12,1,0,18342,0.0000,vanish
1010_kI0mOZirPGs,12,5,13,63174,0.2350,shrink
1010_kI0mOZirPGs,15,5,13,11778,0.2338,shrink
1010_kI0mOZirPGs,15,4,13,12878,0.0000,vanish
1010_kI0mOZirPGs,16,5,13,33551,0.2021,shrink
1010_kI0mOZirPGs,16,2,86,1225,0.0000,vanish
1010_kI0mOZirPGs,17,5,13,27412,0.2451,shrink
1010_kI0mOZirPGs,17,5,86,12300,0.0000,vanish
1010_kI0mOZirPGs,18,3,13,2386,0.0000,vanish
1010_kI0mOZirPGs,18,5,13,23216,0.2292,shrink
1010_kI0mOZirPGs,19,3,13,6118,0.0000,vanish
1010_kI0mOZirPGs,19,2,13,12805,0.1605,shrink
1010_kI0mOZirPGs,19,2,86,3922,0.0000,vanish
1010_kI0mOZirPGs,20,2,13,6089,0.1373,shrink
1010_kI0mOZirPGs,21,2,0,9166,0.0000,vanish
1010_kI0mOZirPGs,21,1,13,1620,0.0000,vanish
1010_kI0mOZirPGs,21,1,15,5389,0.0000,vanish
1010_kI0mOZirPGs,21,1,15,566,0.0000,vanish
1010_kI0mOZirPGs,22,2,0,29191,0.0381,vanish
1010_kI0mOZirPGs,22,3,0,49485,0.0000,vanish
1010_kI0mOZirPGs,23,1,0,1603,0.0000,vanish
1010_kI0mOZirPGs,23,2,8,38547,0.0383,vanish
1010_kI0mOZirPGs,23,4,13,6566,0.1001,shrink
1010_kI0mOZirPGs,23,2,15,22156,0.2351,shrink
1010_kI0mOZirPGs,24,1,8,24667,0.0118,vanish
1010_kI0mOZirPGs,24,5,13,4073,0.0000,vanish
1010_kI0mOZirPGs,24,2,15,17329,0.0997,vanish
1010_kI0mOZirPGs,25,1,0,4397,0.0000,vanish
1010_kI0mOZirPGs,25,3,0,1156,0.0000,vanish
1010_kI0mOZirPGs,25,1,13,1355,0.0000,vanish
1010_kI0mOZirPGs,25,1,15,5547,0.0000,vanish
1010_kI0mOZirPGs,25,3,61,67447,0.0000,vanish
1010_kI0mOZirPGs,26,2,0,975,0.0000,vanish
1010_kI0mOZirPGs,26,2,61,32796,0.0000,vanish
1010_kI0mOZirPGs,27,1,0,20066,0.0000,vanish
1010_kI0mOZirPGs,27,1,61,9182,0.0000,vanish
1010_kI0mOZirPGs,27,1,61,1490,0.0000,vanish
1010_kI0mOZirPGs,28,1,13,2711,0.0000,vanish
1010_kI0mOZirPGs,37,1,86,16976,0.0000,vanish
1010_kI0mOZirPGs,38,2,0,42309,0.0000,vanish
1010_kI0mOZirPGs,39,2,0,64671,0.0000,vanish
1010_kI0mOZirPGs,39,2,13,10091,0.0000,vanish
1010_kI0mOZirPGs,40,1,13,4756,0.0000,vanish
1010_kI0mOZirPGs,41,1,29,539,0.0000,vanish
1010_kI0mOZirPGs,41,2,86,31645,0.0000,vanish
1010_kI0mOZirPGs,42,1,86,20239,0.0000,vanish
1010_kI0mOZirPGs,44,2,29,3173,0.0000,vanish
1010_kI0mOZirPGs,44,2,107,5070,0.0000,vanish
1010_kI0mOZirPGs,45,1,29,3336,0.0000,vanish
1010_kI0mOZirPGs,56,2,29,1918,0.0000,vanish
1010_kI0mOZirPGs,57,1,29,2391,0.0000,vanish
1010_kI0mOZirPGs,58,1,29,2412,0.0000,vanish
1010_kI0mOZirPGs,59,2,29,2553,0.0000,vanish
1010_kI0mOZirPGs,60,2,29,3646,0.0000,vanish
1010_kI0mOZirPGs,61,1,29,2169,0.0000,vanish
1010_kI0mOZirPGs,62,2,29,1969,0.0000,vanish
1010_kI0mOZirPGs,63,1,29,1544,0.0000,vanish
1010_kI0mOZirPGs,64,3,29,1563,0.0000,vanish
1010_kI0mOZirPGs,65,3,29,1780,0.0000,vanish
1010_kI0mOZirPGs,66,4,29,1602,0.0000,vanish
1010_kI0mOZirPGs,67,5,29,1985,0.0000,vanish
1010_kI0mOZirPGs,68,5,29,2983,0.0047,vanish
1010_kI0mOZirPGs,69,5,29,3244,0.0000,vanish
1010_kI0mOZirPGs,71,3,15,84528,0.1759,shrink
1010_kI0mOZirPGs,72,3,15,70302,0.1382,shrink
1010_kI0mOZirPGs,73,4,86,10848,0.0195,vanish
1010_kI0mOZirPGs,74,1,15,4519,0.0000,vanish
1010_kI0mOZirPGs,74,3,86,7043,0.0000,vanish
1010_kI0mOZirPGs,75,2,86,4975,0.0000,vanish
1010_kI0mOZirPGs,76,5,13,8832,0.2375,shrink
1010_kI0mOZirPGs,76,5,15,79006,0.2093,shrink
1010_kI0mOZirPGs,76,1,86,1512,0.0000,vanish
1010_kI0mOZirPGs,77,5,13,8889,0.0466,vanish
1010_kI0mOZirPGs,78,5,13,8747,0.0000,vanish
1010_kI0mOZirPGs,78,5,15,28560,0.2419,shrink
1010_kI0mOZirPGs,79,5,13,7086,0.0007,vanish
1010_kI0mOZirPGs,79,5,15,34529,0.2436,shrink
1010_kI0mOZirPGs,80,5,13,6233,0.0000,vanish
1010_kI0mOZirPGs,80,4,15,30008,0.1603,shrink
1010_kI0mOZirPGs,81,4,13,5518,0.0000,vanish
1010_kI0mOZirPGs,81,5,15,28323,0.2371,shrink
1010_kI0mOZirPGs,82,3,13,4056,0.0000,vanish
1010_kI0mOZirPGs,82,5,15,25097,0.0628,vanish
1010_kI0mOZirPGs,82,3,86,9809,0.0000,vanish
1010_kI0mOZirPGs,83,2,13,2559,0.0000,vanish
1010_kI0mOZirPGs,83,3,15,18615,0.0000,vanish
1010_kI0mOZirPGs,83,3,86,7500,0.0000,vanish
1010_kI0mOZirPGs,84,1,13,1324,0.0000,vanish
1010_kI0mOZirPGs,84,1,15,14120,0.0021,vanish
1010_kI0mOZirPGs,84,2,86,5241,0.0000,vanish
1010_kI0mOZirPGs,86,2,15,4022,0.0000,vanish
1010_kI0mOZirPGs,87,1,15,394,0.0000,vanish
1350_N9tha05fPX8,2,5,23,5741,0.2491,shrink
1350_N9tha05fPX8,2,3,61,473,0.0000,vanish
1350_N9tha05fPX8,3,5,23,5192,0.2469,shrink
1350_N9tha05fPX8,3,5,61,2819,0.1146,shrink
1350_N9tha05fPX8,4,5,61,6390,0.1286,shrink
1350_N9tha05fPX8,5,5,23,2852,0.2335,shrink
1350_N9tha05fPX8,5,5,61,9763,0.0675,vanish
1350_N9tha05fPX8,6,5,23,1939,0.0000,vanish
1350_N9tha05fPX8,7,4,23,1430,0.0000,vanish
1350_N9tha05fPX8,8,3,23,1282,0.0000,vanish
1350_N9tha05fPX8,9,2,23,1206,0.0000,vanish
1350_N9tha05fPX8,10,1,23,666,0.0000,vanish
1350_N9tha05fPX8,23,5,61,8096,0.2323,shrink
1350_N9tha05fPX8,24,5,61,9358,0.1017,shrink
1350_N9tha05fPX8,25,5,61,9656,0.0774,vanish
1350_N9tha05fPX8,26,5,61,9932,0.0916,vanish
1350_N9tha05fPX8,27,4,61,9754,0.1795,shrink
1350_N9tha05fPX8,54,5,30,8484,0.1327,shrink
1350_N9tha05fPX8,55,5,30,8471,0.1251,shrink
1350_N9tha05fPX8,57,3,73,4958,0.2081,shrink
2056_r5M69R4-YBw,0,5,31,5457,0.0000,vanish
2056_r5M69R4-YBw,0,2,31,3455,0.0000,vanish
2056_r5M69R4-YBw,0,5,38,4427,0.0208,vanish
2056_r5M69R4-YBw,0,5,69,11794,0.1695,shrink
2056_r5M69R4-YBw,1,4,31,3313,0.0000,vanish
2056_r5M69R4-YBw,1,1,31,958,0.0000,vanish
2056_r5M69R4-YBw,1,5,38,3417,0.0214,vanish
2056_r5M69R4-YBw,1,5,69,10297,0.1552,shrink
2056_r5M69R4-YBw,2,3,31,2219,0.0000,vanish
2056_r5M69R4-YBw,2,5,38,3200,0.0234,vanish
2056_r5M69R4-YBw,2,5,69,9376,0.1024,shrink
2056_r5M69R4-YBw,3,2,31,826,0.0000,vanish
2056_r5M69R4-YBw,3,5,38,2614,0.0000,vanish
2056_r5M69R4-YBw,3,5,69,8275,0.0642,vanish
2056_r5M69R4-YBw,4,4,38,2184,0.0000,vanish
2056_r5M69R4-YBw,4,5,69,7153,0.0050,vanish
2056_r5M69R4-YBw,5,3,38,808,0.0000,vanish
2056_r5M69R4-YBw,5,5,69,6265,0.0000,vanish
2056_r5M69R4-YBw,6,2,38,723,0.0000,vanish
2056_r5M69R4-YBw,6,4,69,5343,0.0000,vanish
2056_r5M69R4-YBw,7,3,69,3489,0.0000,vanish
2056_r5M69R4-YBw,8,2,69,2427,0.0000,vanish
2056_r5M69R4-YBw,9,1,69,868,0.0000,vanish
2056_r5M69R4-YBw,19,5,69,7818,0.0384,vanish
2056_r5M69R4-YBw,20,5,69,5796,0.0000,vanish
2056_r5M69R4-YBw,21,4,69,3697,0.0000,vanish
2056_r5M69R4-YBw,22,3,69,2862,0.0000,vanish
2056_r5M69R4-YBw,23,2,69,875,0.0000,vanish
2056_r5M69R4-YBw,24,1,69,300,0.0000,vanish
2056_r5M69R4-YBw,27,3,69,2480,0.0492,vanish
2056_r5M69R4-YBw,28,2,69,1715,0.0000,vanish
2056_r5M69R4-YBw,36,5,31,2997,0.2079,shrink
2056_r5M69R4-YBw,37,4,31,2373,0.1323,shrink
2056_r5M69R4-YBw,38,4,31,1527,0.0013,vanish
2056_r5M69R4-YBw,39,3,31,1269,0.0000,vanish
2056_r5M69R4-YBw,40,2,31,752,0.0000,vanish
1466_X9tU8ybzcFs,0,5,24,103409,0.0000,vanish
1466_X9tU8ybzcFs,0,5,67,157086,0.2411,shrink
1466_X9tU8ybzcFs,1,4,24,103591,0.0000,vanish
1466_X9tU8ybzcFs,1,5,67,159214,0.1141,shrink
1466_X9tU8ybzcFs,2,3,24,106320,0.0000,vanish
1466_X9tU8ybzcFs,2,5,67,161317,0.0070,vanish
1466_X9tU8ybzcFs,3,3,24,106110,0.0000,vanish
1466_X9tU8ybzcFs,3,5,67,162146,0.0000,vanish
1466_X9tU8ybzcFs,4,3,24,105285,0.0000,vanish
1466_X9tU8ybzcFs,4,4,67,162628,0.0000,vanish
1466_X9tU8ybzcFs,5,2,24,103860,0.0000,vanish
1466_X9tU8ybzcFs,5,5,67,162390,0.0000,vanish
1466_X9tU8ybzcFs,6,2,24,104731,0.0000,vanish
1466_X9tU8ybzcFs,6,4,67,161722,0.0000,vanish
1466_X9tU8ybzcFs,7,2,24,102819,0.0000,vanish
1466_X9tU8ybzcFs,7,5,67,162637,0.0044,vanish
1466_X9tU8ybzcFs,8,3,24,99488,0.0000,vanish
1466_X9tU8ybzcFs,8,5,67,162189,0.0762,vanish
1466_X9tU8ybzcFs,9,3,24,96036,0.0000,vanish
1466_X9tU8ybzcFs,9,5,67,162677,0.1580,shrink
1466_X9tU8ybzcFs,10,5,24,91443,0.1479,shrink
1466_X9tU8ybzcFs,21,2,61,4316,0.0000,vanish
1466_X9tU8ybzcFs,22,1,24,459,0.0000,vanish
1466_X9tU8ybzcFs,28,5,24,35289,0.2319,shrink
1466_X9tU8ybzcFs,29,5,24,31957,0.2185,shrink
1466_X9tU8ybzcFs,30,5,24,24497,0.1384,shrink
1466_X9tU8ybzcFs,30,2,56,2615,0.0000,vanish
1466_X9tU8ybzcFs,31,5,24,22017,0.0668,vanish
1466_X9tU8ybzcFs,31,1,56,532,0.0000,vanish
1466_X9tU8ybzcFs,32,5,24,15823,0.0000,vanish
1466_X9tU8ybzcFs,33,4,24,10543,0.0000,vanish
1466_X9tU8ybzcFs,34,3,24,8482,0.0000,vanish
1466_X9tU8ybzcFs,35,2,24,3548,0.0000,vanish
1466_X9tU8ybzcFs,36,1,24,1470,0.0000,vanish
1466_X9tU8ybzcFs,36,1,61,2964,0.0000,vanish
667_lnly4FHs6OQ,0,2,13,2447,0.0000,vanish
667_lnly4FHs6OQ,1,2,13,2951,0.0000,vanish
667_lnly4FHs6OQ,2,2,13,2851,0.0000,vanish
667_lnly4FHs6OQ,3,2,13,2854,0.0256,vanish
667_lnly4FHs6OQ,6,5,13,2646,0.1731,shrink
667_lnly4FHs6OQ,7,5,13,3044,0.1922,shrink
667_lnly4FHs6OQ,8,4,13,2941,0.1465,shrink
667_lnly4FHs6OQ,9,3,13,2994,0.1944,shrink
667_lnly4FHs6OQ,13,5,13,3365,0.0478,vanish
667_lnly4FHs6OQ,14,5,13,3417,0.0079,vanish
667_lnly4FHs6OQ,15,5,13,2949,0.0000,vanish
667_lnly4FHs6OQ,30,5,56,17613,0.1374,shrink
667_lnly4FHs6OQ,31,5,56,17113,0.0405,vanish
667_lnly4FHs6OQ,32,5,56,15011,0.0134,vanish
667_lnly4FHs6OQ,33,5,56,9477,0.0161,vanish
667_lnly4FHs6OQ,34,2,13,2046,0.0000,vanish
667_lnly4FHs6OQ,34,1,13,1377,0.0000,vanish
667_lnly4FHs6OQ,34,4,56,5694,0.0269,vanish
667_lnly4FHs6OQ,35,1,13,787,0.0000,vanish
667_lnly4FHs6OQ,35,1,13,478,0.0000,vanish
667_lnly4FHs6OQ,35,3,56,2601,0.0588,vanish
667_lnly4FHs6OQ,36,2,56,669,0.2287,shrink
667_lnly4FHs6OQ,36,5,61,1927,0.0000,vanish
667_lnly4FHs6OQ,37,4,61,1686,0.0000,vanish
667_lnly4FHs6OQ,38,3,61,1752,0.0000,vanish
667_lnly4FHs6OQ,39,3,61,1898,0.0000,vanish
667_lnly4FHs6OQ,40,2,61,2064,0.0000,vanish
667_lnly4FHs6OQ,41,3,13,458,0.0000,vanish
667_lnly4FHs6OQ,42,2,13,2039,0.0000,vanish
667_lnly4FHs6OQ,42,2,13,313,0.0000,vanish
667_lnly4FHs6OQ,43,2,13,1644,0.0000,vanish
667_lnly4FHs6OQ,43,2,37,614,0.0000,vanish
667_lnly4FHs6OQ,44,1,13,1647,0.0000,vanish
667_lnly4FHs6OQ,44,3,37,950,0.1800,shrink
667_lnly4FHs6OQ,44,5,56,6706,0.2092,shrink
667_lnly4FHs6OQ,45,5,56,8784,0.0369,vanish
667_lnly4FHs6OQ,46,5,56,11182,0.0009,vanish
667_lnly4FHs6OQ,47,2,13,2129,0.0000,vanish
667_lnly4FHs6OQ,47,4,56,10536,0.0000,vanish
667_lnly4FHs6OQ,106,5,29,829,0.1230,shrink
667_lnly4FHs6OQ,107,5,29,613,0.1485,shrink
667_lnly4FHs6OQ,108,5,29,586,0.1195,shrink
667_lnly4FHs6OQ,109,4,29,496,0.2339,shrink
1083_GeoAbL3JXdQ,56,4,29,333,0.0000,vanish
1083_GeoAbL3JXdQ,102,5,29,2571,0.2240,shrink
1083_GeoAbL3JXdQ,103,5,29,2103,0.2268,shrink
1083_GeoAbL3JXdQ,104,5,29,1529,0.1995,shrink
1083_GeoAbL3JXdQ,111,5,29,451,0.0843,vanish
1083_GeoAbL3JXdQ,113,5,29,444,0.0113,vanish
1083_GeoAbL3JXdQ,114,5,29,571,0.0000,vanish
1083_GeoAbL3JXdQ,115,4,29,513,0.0000,vanish
1477_GkuOGCQiUlk,0,5,104,33343,0.0000,vanish
1477_GkuOGCQiUlk,1,5,104,35163,0.0000,vanish
1477_GkuOGCQiUlk,2,5,104,36164,0.0000,vanish
1477_GkuOGCQiUlk,3,5,104,36982,0.0000,vanish
1477_GkuOGCQiUlk,4,5,104,38443,0.0000,vanish
1477_GkuOGCQiUlk,5,4,104,39728,0.0000,vanish
1477_GkuOGCQiUlk,6,5,104,41928,0.0000,vanish
1477_GkuOGCQiUlk,7,4,104,42063,0.0000,vanish
1477_GkuOGCQiUlk,8,1,1,9055,0.0000,vanish
1477_GkuOGCQiUlk,8,4,104,41779,0.0000,vanish
1477_GkuOGCQiUlk,9,5,89,60851,0.2153,shrink
1477_GkuOGCQiUlk,9,4,104,42927,0.0000,vanish
1477_GkuOGCQiUlk,10,5,89,54685,0.1642,shrink
1477_GkuOGCQiUlk,10,4,104,42936,0.0000,vanish
1477_GkuOGCQiUlk,11,5,89,42151,0.0003,vanish
1477_GkuOGCQiUlk,11,4,104,42439,0.0000,vanish
1477_GkuOGCQiUlk,12,5,89,35760,0.0000,vanish
1477_GkuOGCQiUlk,12,4,104,42225,0.0000,vanish
1477_GkuOGCQiUlk,13,4,89,23885,0.0000,vanish
1477_GkuOGCQiUlk,13,4,104,42297,0.0000,vanish
1477_GkuOGCQiUlk,14,3,89,13103,0.0000,vanish
1477_GkuOGCQiUlk,14,4,104,41978,0.0000,vanish
1477_GkuOGCQiUlk,15,2,89,8978,0.0000,vanish
1477_GkuOGCQiUlk,16,4,104,40798,0.0000,vanish
1477_GkuOGCQiUlk,17,4,104,40599,0.0000,vanish
1477_GkuOGCQiUlk,18,4,104,40173,0.0000,vanish
1477_GkuOGCQiUlk,19,3,1,8891,0.0000,vanish
1477_GkuOGCQiUlk,19,4,104,40062,0.0000,vanish
1477_GkuOGCQiUlk,20,3,1,19628,0.0560,vanish
1477_GkuOGCQiUlk,20,2,1,15683,0.0000,vanish
1477_GkuOGCQiUlk,20,4,104,40092,0.0000,vanish
1477_GkuOGCQiUlk,20,4,104,8077,0.0000,vanish
1477_GkuOGCQiUlk,21,1,1,661,0.0000,vanish
1477_GkuOGCQiUlk,21,5,79,28575,0.2409,shrink
1477_GkuOGCQiUlk,21,5,89,28912,0.2430,shrink
1477_GkuOGCQiUlk,21,4,104,32819,0.0000,vanish
1477_GkuOGCQiUlk,21,4,104,28881,0.0000,vanish
1477_GkuOGCQiUlk,22,5,79,26578,0.1691,shrink
1477_GkuOGCQiUlk,22,5,89,30685,0.2251,shrink
1477_GkuOGCQiUlk,22,4,104,33331,0.0000,vanish
1477_GkuOGCQiUlk,22,4,104,40152,0.0000,vanish
1477_GkuOGCQiUlk,23,5,79,21885,0.0000,vanish
1477_GkuOGCQiUlk,23,5,89,33091,0.2114,shrink
1477_GkuOGCQiUlk,23,4,104,32533,0.0000,vanish
1477_GkuOGCQiUlk,23,5,104,52350,0.0000,vanish
1477_GkuOGCQiUlk,24,1,1,731,0.0000,vanish
1477_GkuOGCQiUlk,24,2,60,2608,0.0000,vanish
1477_GkuOGCQiUlk,24,4,79,16259,0.0000,vanish
1477_GkuOGCQiUlk,24,3,85,6228,0.0000,vanish
1477_GkuOGCQiUlk,24,5,104,32852,0.0000,vanish
1477_GkuOGCQiUlk,24,5,104,50718,0.0000,vanish
1477_GkuOGCQiUlk,25,1,60,2168,0.0000,vanish
1477_GkuOGCQiUlk,25,3,79,13762,0.0000,vanish
1477_GkuOGCQiUlk,25,2,85,4959,0.0000,vanish
1477_GkuOGCQiUlk,25,4,104,32365,0.0000,vanish
1477_GkuOGCQiUlk,25,5,104,50290,0.0000,vanish
1477_GkuOGCQiUlk,26,2,79,8319,0.0000,vanish
1477_GkuOGCQiUlk,26,1,85,1287,0.0000,vanish
1477_GkuOGCQiUlk,26,4,104,32973,0.0000,vanish
1477_GkuOGCQiUlk,26,5,104,48845,0.0000,vanish
1477_GkuOGCQiUlk,26,5,108,37158,0.2143,shrink
1477_GkuOGCQiUlk,27,1,79,5514,0.0000,vanish
1477_GkuOGCQiUlk,27,4,104,32992,0.0000,vanish
1477_GkuOGCQiUlk,27,4,104,48416,0.0034,vanish
1477_GkuOGCQiUlk,28,3,104,34073,0.0783,vanish
1477_GkuOGCQiUlk,28,3,104,47157,0.1311,shrink
1655_scluLCGBtFI,3,1,15,792,0.2475,shrink
1655_scluLCGBtFI,20,5,61,317,0.0000,vanish
1655_scluLCGBtFI,21,3,15,568,0.0000,vanish
1655_scluLCGBtFI,24,5,60,2234,0.1410,shrink
1655_scluLCGBtFI,25,5,60,2298,0.0000,vanish
1655_scluLCGBtFI,26,4,60,2038,0.0000,vanish
1655_scluLCGBtFI,27,3,60,1931,0.0000,vanish
1655_scluLCGBtFI,28,2,60,1882,0.0000,vanish
1655_scluLCGBtFI,32,3,15,648,0.0000,vanish
1655_scluLCGBtFI,33,2,15,583,0.2041,shrink
1655_scluLCGBtFI,34,2,15,514,0.2023,shrink
1235_POaFtbFl_nM,0,5,14,67643,0.0459,vanish
1235_POaFtbFl_nM,0,1,14,2678,0.0037,vanish
1235_POaFtbFl_nM,0,1,14,315,0.0000,vanish
1235_POaFtbFl_nM,1,5,14,57911,0.0000,vanish
1235_POaFtbFl_nM,2,4,14,46345,0.0000,vanish
1235_POaFtbFl_nM,3,3,14,34245,0.0000,vanish
1235_POaFtbFl_nM,4,2,14,1745,0.0000,vanish
1235_POaFtbFl_nM,4,2,14,17713,0.0000,vanish
1235_POaFtbFl_nM,4,5,14,39707,0.2160,shrink
1235_POaFtbFl_nM,4,2,91,1622,0.0000,vanish
1235_POaFtbFl_nM,5,1,14,3086,0.0000,vanish
1235_POaFtbFl_nM,5,5,14,28915,0.1920,shrink
1235_POaFtbFl_nM,6,2,0,860,0.0000,vanish
1235_POaFtbFl_nM,6,5,14,21713,0.2391,shrink
1235_POaFtbFl_nM,16,5,14,18433,0.1498,shrink
1235_POaFtbFl_nM,17,5,14,38517,0.2363,shrink
1235_POaFtbFl_nM,17,5,14,18955,0.0359,vanish
1235_POaFtbFl_nM,18,5,14,35374,0.1745,shrink
1235_POaFtbFl_nM,18,5,14,17356,0.0175,vanish
1235_POaFtbFl_nM,19,5,14,29818,0.1717,shrink
1235_POaFtbFl_nM,19,5,14,16239,0.0863,vanish
1235_POaFtbFl_nM,20,5,14,23049,0.1993,shrink
1235_POaFtbFl_nM,20,5,14,12370,0.1195,shrink
1235_POaFtbFl_nM,21,5,14,8548,0.1572,shrink
1235_POaFtbFl_nM,22,5,14,8768,0.0847,vanish
1235_POaFtbFl_nM,22,5,14,9458,0.2410,shrink
1235_POaFtbFl_nM,23,5,14,7548,0.0004,vanish
1235_POaFtbFl_nM,23,5,14,6827,0.1194,shrink
1235_POaFtbFl_nM,24,5,14,7432,0.0000,vanish
1235_POaFtbFl_nM,24,5,14,5356,0.0000,vanish
1235_POaFtbFl_nM,25,4,14,7370,0.0000,vanish
1235_POaFtbFl_nM,25,4,14,4593,0.0000,vanish
1235_POaFtbFl_nM,26,3,14,7064,0.0000,vanish
1235_POaFtbFl_nM,26,3,14,4038,0.0000,vanish
1235_POaFtbFl_nM,27,3,14,6728,0.0000,vanish
1235_POaFtbFl_nM,27,2,14,2520,0.0000,vanish
1235_POaFtbFl_nM,28,2,14,5881,0.0000,vanish
1235_POaFtbFl_nM,28,1,14,1184,0.0000,vanish
1235_POaFtbFl_nM,29,4,14,5234,0.0000,vanish
1235_POaFtbFl_nM,30,4,14,5092,0.0000,vanish
1235_POaFtbFl_nM,31,3,14,4618,0.0000,vanish
1235_POaFtbFl_nM,32,2,14,3486,0.0000,vanish
1235_POaFtbFl_nM,39,5,1,76846,0.1382,shrink
1235_POaFtbFl_nM,40,5,1,66583,0.0654,vanish
1235_POaFtbFl_nM,41,4,1,55188,0.0788,vanish
1235_POaFtbFl_nM,42,3,1,43677,0.0992,vanish
1235_POaFtbFl_nM,43,2,1,28778,0.1498,shrink
1017_8aIZCJKQL1s,88,5,61,31349,0.2084,shrink
1017_8aIZCJKQL1s,102,5,61,21049,0.1053,shrink
1017_8aIZCJKQL1s,103,5,61,23850,0.0839,vanish
1017_8aIZCJKQL1s,104,5,61,26014,0.0906,vanish
1017_8aIZCJKQL1s,132,3,61,39777,0.1074,shrink
1017_8aIZCJKQL1s,133,2,61,30859,0.1077,shrink
1019_OfFne6dmXvE,0,5,20,9385,0.0446,vanish
1019_OfFne6dmXvE,1,4,13,1547,0.1713,shrink
1019_OfFne6dmXvE,1,5,16,24065,0.2043,shrink
1019_OfFne6dmXvE,1,5,20,12335,0.0000,vanish
1019_OfFne6dmXvE,2,5,13,1445,0.0997,vanish
1019_OfFne6dmXvE,2,4,16,23813,0.2292,shrink
1019_OfFne6dmXvE,2,4,20,11849,0.0000,vanish
1019_OfFne6dmXvE,3,3,20,11788,0.0000,vanish
1019_OfFne6dmXvE,4,2,20,12054,0.0000,vanish
1019_OfFne6dmXvE,4,5,29,6087,0.1812,shrink
1019_OfFne6dmXvE,4,5,67,395,0.0000,vanish
1019_OfFne6dmXvE,5,5,13,3860,0.0946,vanish
1019_OfFne6dmXvE,5,5,20,12202,0.0039,vanish
1019_OfFne6dmXvE,5,5,29,10810,0.0004,vanish
1019_OfFne6dmXvE,5,2,30,7307,0.0000,vanish
1019_OfFne6dmXvE,5,2,30,1085,0.0000,vanish
1019_OfFne6dmXvE,5,4,67,1085,0.0000,vanish
1019_OfFne6dmXvE,6,5,13,4322,0.0000,vanish
1019_OfFne6dmXvE,6,1,20,11499,0.0000,vanish
1019_OfFne6dmXvE,6,4,29,9952,0.0004,vanish
1019_OfFne6dmXvE,6,1,30,13484,0.0000,vanish
1019_OfFne6dmXvE,6,3,67,1114,0.0000,vanish
1019_OfFne6dmXvE,7,4,13,3828,0.0000,vanish
1019_OfFne6dmXvE,7,5,20,11411,0.0000,vanish
1019_OfFne6dmXvE,7,3,29,2026,0.0020,vanish
1019_OfFne6dmXvE,7,2,67,758,0.0000,vanish
1019_OfFne6dmXvE,8,3,13,3765,0.0000,vanish
1019_OfFne6dmXvE,8,5,16,21919,0.0063,vanish
1019_OfFne6dmXvE,8,4,20,11374,0.0000,vanish
1019_OfFne6dmXvE,8,2,29,1957,0.0020,vanish
1019_OfFne6dmXvE,8,5,67,20067,0.0617,vanish
1019_OfFne6dmXvE,9,2,13,2414,0.0000,vanish
1019_OfFne6dmXvE,9,4,16,21277,0.0000,vanish
1019_OfFne6dmXvE,9,3,20,11300,0.0000,vanish
1019_OfFne6dmXvE,9,1,29,1103,0.0036,vanish
1019_OfFne6dmXvE,9,5,67,19624,0.0000,vanish
1019_OfFne6dmXvE,10,1,13,1435,0.0000,vanish
1019_OfFne6dmXvE,10,3,16,21197,0.0000,vanish
1019_OfFne6dmXvE,10,2,20,11276,0.0000,vanish
1019_OfFne6dmXvE,10,3,67,19108,0.0000,vanish
1019_OfFne6dmXvE,11,4,16,20909,0.0000,vanish
1019_OfFne6dmXvE,11,2,20,10351,0.0000,vanish
1019_OfFne6dmXvE,11,2,30,4908,0.0000,vanish
1019_OfFne6dmXvE,11,4,30,671,0.0000,vanish
1019_OfFne6dmXvE,11,4,67,22217,0.0014,vanish
1019_OfFne6dmXvE,12,5,16,20637,0.0000,vanish
1019_OfFne6dmXvE,12,2,20,10232,0.0000,vanish
1019_OfFne6dmXvE,12,4,29,794,0.0756,vanish
1019_OfFne6dmXvE,12,5,30,13807,0.0000,vanish
1019_OfFne6dmXvE,12,5,30,4272,0.0283,vanish
1019_OfFne6dmXvE,12,5,30,818,0.0000,vanish
1019_OfFne6dmXvE,13,5,16,21850,0.0212,vanish
1019_OfFne6dmXvE,13,4,20,10344,0.0000,vanish
1019_OfFne6dmXvE,13,5,29,1844,0.0027,vanish
1019_OfFne6dmXvE,13,5,30,15805,0.0000,vanish
1019_OfFne6dmXvE,13,5,30,5187,0.1419,shrink
1019_OfFne6dmXvE,13,5,30,1640,0.0006,vanish
1019_OfFne6dmXvE,13,2,67,1219,0.0000,vanish
1019_OfFne6dmXvE,14,4,13,2292,0.0000,vanish
1019_OfFne6dmXvE,14,5,16,22029,0.0443,vanish
1019_OfFne6dmXvE,14,3,20,10633,0.0000,vanish
1019_OfFne6dmXvE,14,4,29,1961,0.0000,vanish
1019_OfFne6dmXvE,14,3,29,813,0.0000,vanish
1019_OfFne6dmXvE,14,5,30,5014,0.1905,shrink
1019_OfFne6dmXvE,14,4,67,1688,0.0000,vanish
1019_OfFne6dmXvE,14,5,67,12455,0.0849,vanish
1019_OfFne6dmXvE,15,4,16,22978,0.1846,shrink
1019_OfFne6dmXvE,15,3,20,9582,0.0000,vanish
1019_OfFne6dmXvE,15,3,29,1613,0.0000,vanish
1019_OfFne6dmXvE,15,2,30,900,0.0000,vanish
1019_OfFne6dmXvE,15,3,67,2185,0.0000,vanish
1019_OfFne6dmXvE,16,2,13,3725,0.0000,vanish
1019_OfFne6dmXvE,16,5,16,24084,0.0958,vanish
1019_OfFne6dmXvE,16,3,20,11513,0.0000,vanish
1019_OfFne6dmXvE,16,2,29,1742,0.0000,vanish
1019_OfFne6dmXvE,16,1,29,988,0.0000,vanish
1019_OfFne6dmXvE,16,1,30,699,0.0000,vanish
1019_OfFne6dmXvE,16,5,30,5040,0.0000,vanish
1019_OfFne6dmXvE,16,2,67,1233,0.0000,vanish
1019_OfFne6dmXvE,16,1,67,554,0.1877,shrink
1019_OfFne6dmXvE,17,1,13,1173,0.0000,vanish
1019_OfFne6dmXvE,17,5,16,23334,0.0936,vanish
1019_OfFne6dmXvE,17,4,20,11264,0.0000,vanish
1019_OfFne6dmXvE,17,1,29,1661,0.0000,vanish
1019_OfFne6dmXvE,17,5,29,2560,0.2262,shrink
1019_OfFne6dmXvE,17,4,30,6069,0.0000,vanish
1019_OfFne6dmXvE,17,1,67,967,0.0000,vanish
1019_OfFne6dmXvE,17,5,67,21369,0.0488,vanish
1019_OfFne6dmXvE,18,4,20,10266,0.0000,vanish
1019_OfFne6dmXvE,18,1,29,1515,0.0990,vanish
1019_OfFne6dmXvE,18,3,30,1346,0.0000,vanish
1019_OfFne6dmXvE,18,3,30,6137,0.0000,vanish
1019_OfFne6dmXvE,18,1,67,717,0.0000,vanish
1019_OfFne6dmXvE,18,4,67,24106,0.0168,vanish
1019_OfFne6dmXvE,19,3,20,9766,0.1043,shrink
1019_OfFne6dmXvE,19,2,30,6501,0.0000,vanish
1019_OfFne6dmXvE,19,3,67,530,0.0736,vanish
1019_OfFne6dmXvE,19,3,67,25570,0.0188,vanish
1019_OfFne6dmXvE,20,2,20,9425,0.0417,vanish
1019_OfFne6dmXvE,20,1,30,6993,0.0000,vanish
1019_OfFne6dmXvE,20,2,67,25933,0.1768,shrink
1019_OfFne6dmXvE,21,1,30,7168,0.0135,vanish
1019_OfFne6dmXvE,22,3,20,9149,0.1720,shrink
1019_OfFne6dmXvE,22,3,30,7533,0.2497,shrink
1019_OfFne6dmXvE,23,3,30,621,0.1288,shrink
1019_OfFne6dmXvE,25,3,30,590,0.0000,vanish
1019_OfFne6dmXvE,34,5,16,1991,0.2391,shrink
1019_OfFne6dmXvE,35,5,16,1791,0.0609,vanish
1019_OfFne6dmXvE,36,5,16,1569,0.0032,vanish
1019_OfFne6dmXvE,37,5,16,998,0.0000,vanish
1019_OfFne6dmXvE,38,4,16,659,0.0000,vanish
1019_OfFne6dmXvE,39,3,16,476,0.0000,vanish
1019_OfFne6dmXvE,45,1,29,320,0.0000,vanish
1019_OfFne6dmXvE,60,2,29,407,0.0000,vanish
1019_OfFne6dmXvE,61,5,20,7769,0.0596,vanish
1019_OfFne6dmXvE,61,5,30,7959,0.0085,vanish
1019_OfFne6dmXvE,62,5,20,8124,0.0000,vanish
1019_OfFne6dmXvE,62,5,30,8438,0.0000,vanish
1019_OfFne6dmXvE,63,4,20,8407,0.0000,vanish
1019_OfFne6dmXvE,63,4,30,8290,0.0000,vanish
1019_OfFne6dmXvE,64,5,20,8257,0.0000,vanish
1019_OfFne6dmXvE,64,4,30,8532,0.0000,vanish
1019_OfFne6dmXvE,65,5,20,8388,0.0198,vanish
1019_OfFne6dmXvE,65,5,30,8432,0.0000,vanish
1019_OfFne6dmXvE,66,5,30,8794,0.0707,vanish
1019_OfFne6dmXvE,72,5,30,8675,0.1429,shrink
1019_OfFne6dmXvE,73,3,29,595,0.0000,vanish
1019_OfFne6dmXvE,73,5,30,7959,0.1366,shrink
1019_OfFne6dmXvE,74,4,30,7890,0.1470,shrink
1019_OfFne6dmXvE,75,1,29,902,0.0000,vanish
1019_OfFne6dmXvE,75,5,30,6644,0.1166,shrink
1019_OfFne6dmXvE,86,2,30,8725,0.2460,shrink
1019_OfFne6dmXvE,87,4,30,8608,0.0260,vanish
1019_OfFne6dmXvE,88,3,20,7736,0.1740,shrink
1019_OfFne6dmXvE,88,3,30,8953,0.0000,vanish
1019_OfFne6dmXvE,89,2,30,8240,0.0198,vanish
1019_OfFne6dmXvE,90,1,29,728,0.0000,vanish
1019_OfFne6dmXvE,100,5,30,8457,0.1486,shrink
1019_OfFne6dmXvE,101,4,30,8271,0.2071,shrink
1019_OfFne6dmXvE,105,1,29,312,0.0000,vanish
1019_OfFne6dmXvE,105,4,30,413,0.0097,vanish
1019_OfFne6dmXvE,106,2,30,345,0.0000,vanish
1019_OfFne6dmXvE,110,5,30,8272,0.2252,shrink
1019_OfFne6dmXvE,111,5,30,8139,0.2441,shrink
1019_OfFne6dmXvE,114,5,30,358,0.0475,vanish
1019_OfFne6dmXvE,115,5,30,355,0.0000,vanish
1019_OfFne6dmXvE,116,4,30,857,0.0000,vanish
1019_OfFne6dmXvE,117,5,30,7830,0.1575,shrink
1019_OfFne6dmXvE,118,5,20,8828,0.2152,shrink
1019_OfFne6dmXvE,118,2,30,357,0.0000,vanish
1019_OfFne6dmXvE,118,5,30,7782,0.0847,vanish
1019_OfFne6dmXvE,119,5,20,8547,0.1609,shrink
1019_OfFne6dmXvE,119,4,30,7788,0.1247,shrink
1019_OfFne6dmXvE,120,4,20,7336,0.0977,vanish
1039_QZROp4t0doU,19,3,53,1664,0.0000,vanish
1039_QZROp4t0doU,20,3,53,4195,0.0000,vanish
1039_QZROp4t0doU,73,5,23,587,0.0000,vanish
1039_QZROp4t0doU,74,5,23,756,0.0026,vanish
1039_QZROp4t0doU,75,4,23,755,0.0000,vanish
1039_QZROp4t0doU,76,4,23,917,0.0000,vanish
1039_QZROp4t0doU,77,4,23,1204,0.0000,vanish
1039_QZROp4t0doU,78,4,23,1297,0.0000,vanish
1039_QZROp4t0doU,79,4,23,1351,0.0000,vanish
1039_QZROp4t0doU,80,4,23,1352,0.0000,vanish
1039_QZROp4t0doU,81,4,23,1293,0.0000,vanish
1039_QZROp4t0doU,85,4,67,456,0.0000,vanish
1039_QZROp4t0doU,86,2,67,1705,0.0000,vanish
1039_QZROp4t0doU,87,5,67,4226,0.0000,vanish
1078_83TjDU7LjH4,0,1,8,424,0.0000,vanish
1078_83TjDU7LjH4,0,1,15,3157,0.1191,shrink
1078_83TjDU7LjH4,0,5,23,32233,0.1062,shrink
1078_83TjDU7LjH4,0,5,29,21236,0.1563,shrink
1078_83TjDU7LjH4,0,5,61,32357,0.0000,vanish
1078_83TjDU7LjH4,0,5,61,81175,0.0206,vanish
1078_83TjDU7LjH4,0,5,71,122172,0.0159,vanish
1078_83TjDU7LjH4,1,5,23,33505,0.0748,vanish
1078_83TjDU7LjH4,1,5,29,20856,0.1090,shrink
1078_83TjDU7LjH4,1,4,61,28309,0.0000,vanish
1078_83TjDU7LjH4,1,5,61,80143,0.0045,vanish
1078_83TjDU7LjH4,1,5,71,122936,0.0112,vanish
1078_83TjDU7LjH4,2,5,23,31751,0.0990,vanish
1078_83TjDU7LjH4,2,5,29,19514,0.1129,shrink
1078_83TjDU7LjH4,2,3,61,23191,0.0000,vanish
1078_83TjDU7LjH4,2,5,61,73412,0.0098,vanish
1078_83TjDU7LjH4,2,5,71,121781,0.0303,vanish
1078_83TjDU7LjH4,3,5,23,31029,0.1923,shrink
1078_83TjDU7LjH4,3,5,29,16082,0.1703,shrink
1078_83TjDU7LjH4,3,2,61,15949,0.0000,vanish
1078_83TjDU7LjH4,3,5,61,75280,0.0435,vanish
1078_83TjDU7LjH4,3,1,61,1885,0.0037,vanish
1078_83TjDU7LjH4,3,5,67,23882,0.1207,shrink
1078_83TjDU7LjH4,3,5,71,123487,0.0956,vanish
1078_83TjDU7LjH4,4,5,29,14570,0.2043,shrink
1078_83TjDU7LjH4,4,1,44,743,0.0000,vanish
1078_83TjDU7LjH4,4,2,61,5370,0.0000,vanish
1078_83TjDU7LjH4,4,4,61,74779,0.1497,shrink
1078_83TjDU7LjH4,4,5,67,25554,0.2299,shrink
1078_83TjDU7LjH4,4,5,71,123053,0.2233,shrink
1078_83TjDU7LjH4,5,3,61,1296,0.0000,vanish
1078_83TjDU7LjH4,6,5,15,9407,0.0894,vanish
1078_83TjDU7LjH4,7,3,15,9047,0.1493,shrink
1078_83TjDU7LjH4,8,5,8,481,0.1268,shrink
1078_83TjDU7LjH4,8,2,15,8383,0.1608,shrink
1078_83TjDU7LjH4,10,1,15,1348,0.0000,vanish
1078_83TjDU7LjH4,11,5,61,65033,0.2470,shrink
1078_83TjDU7LjH4,12,5,61,64869,0.2399,shrink
1078_83TjDU7LjH4,14,2,15,3132,0.0872,vanish
1078_83TjDU7LjH4,15,1,15,3978,0.2016,shrink
1078_83TjDU7LjH4,15,3,44,735,0.0000,vanish
1078_83TjDU7LjH4,16,1,15,863,0.0000,vanish
1078_83TjDU7LjH4,20,5,61,67071,0.1932,shrink
1078_83TjDU7LjH4,21,5,61,66939,0.1708,shrink
1078_83TjDU7LjH4,22,5,61,65456,0.1938,shrink
1078_83TjDU7LjH4,23,3,15,1326,0.0000,vanish
1078_83TjDU7LjH4,23,5,61,64281,0.2315,shrink
1078_83TjDU7LjH4,23,5,61,26068,0.2289,shrink
1078_83TjDU7LjH4,24,5,61,35539,0.1348,shrink
1078_83TjDU7LjH4,25,5,61,42307,0.0850,vanish
1078_83TjDU7LjH4,26,5,61,45979,0.0693,vanish
1078_83TjDU7LjH4,27,5,61,45747,0.0636,vanish
1078_83TjDU7LjH4,28,5,61,45430,0.0571,vanish
1078_83TjDU7LjH4,29,5,61,45554,0.0455,vanish
1078_83TjDU7LjH4,30,5,61,42058,0.0285,vanish
1078_83TjDU7LjH4,31,5,61,42621,0.0240,vanish
1078_83TjDU7LjH4,32,3,15,731,0.0000,vanish
1078_83TjDU7LjH4,32,5,61,42925,0.0288,vanish
1078_83TjDU7LjH4,33,5,61,43234,0.0256,vanish
1078_83TjDU7LjH4,34,5,61,43344,0.0197,vanish
1078_83TjDU7LjH4,35,5,61,43870,0.0185,vanish
1078_83TjDU7LjH4,36,5,61,43653,0.0828,vanish
1078_83TjDU7LjH4,37,5,61,42516,0.1465,shrink
1078_83TjDU7LjH4,38,5,61,41099,0.1245,shrink
1078_83TjDU7LjH4,39,5,61,42346,0.1143,shrink
1078_83TjDU7LjH4,39,5,67,1222,0.1334,shrink
1078_83TjDU7LjH4,40,5,61,41536,0.1308,shrink
1078_83TjDU7LjH4,40,5,67,1061,0.0141,vanish
1078_83TjDU7LjH4,41,5,61,43611,0.1146,shrink
1078_83TjDU7LjH4,41,4,67,1364,0.0689,vanish
1078_83TjDU7LjH4,42,5,61,43391,0.1762,shrink
1078_83TjDU7LjH4,57,2,15,397,0.0000,vanish
1078_83TjDU7LjH4,58,1,61,892,0.0000,vanish
1121_RyACyzeCaVI,17,5,16,4520,0.2491,shrink
1121_RyACyzeCaVI,18,5,16,4532,0.0958,vanish
1121_RyACyzeCaVI,18,5,67,22940,0.1376,shrink
1121_RyACyzeCaVI,19,5,16,4186,0.0000,vanish
1121_RyACyzeCaVI,19,5,67,23565,0.0309,vanish
1121_RyACyzeCaVI,20,5,16,3789,0.0000,vanish
1121_RyACyzeCaVI,20,4,54,775,0.0000,vanish
1121_RyACyzeCaVI,20,5,67,23627,0.0281,vanish
1121_RyACyzeCaVI,21,4,16,3661,0.0000,vanish
1121_RyACyzeCaVI,21,3,54,1471,0.0000,vanish
1121_RyACyzeCaVI,21,5,67,23987,0.0901,vanish
1121_RyACyzeCaVI,22,4,16,3399,0.0000,vanish
1121_RyACyzeCaVI,22,5,67,23706,0.1875,shrink
1121_RyACyzeCaVI,23,5,16,3770,0.0016,vanish
1121_RyACyzeCaVI,24,5,16,3856,0.2254,shrink
1121_RyACyzeCaVI,34,5,38,838,0.2458,shrink
1121_RyACyzeCaVI,35,5,38,860,0.0000,vanish
1121_RyACyzeCaVI,36,4,38,802,0.0000,vanish
1121_RyACyzeCaVI,37,3,38,839,0.0000,vanish
1121_RyACyzeCaVI,38,2,38,894,0.0000,vanish
1121_RyACyzeCaVI,44,2,54,1704,0.0000,vanish
1121_RyACyzeCaVI,45,5,16,6095,0.2456,shrink
1121_RyACyzeCaVI,45,1,54,695,0.0000,vanish
1121_RyACyzeCaVI,46,5,16,6566,0.1048,shrink
1121_RyACyzeCaVI,46,2,54,946,0.0000,vanish
1121_RyACyzeCaVI,47,5,16,7139,0.0000,vanish
1121_RyACyzeCaVI,50,1,13,4250,0.0000,vanish
1121_RyACyzeCaVI,50,2,13,4658,0.0000,vanish
1121_RyACyzeCaVI,50,1,38,425,0.0000,vanish
1121_RyACyzeCaVI,51,1,13,7366,0.0000,vanish
1121_RyACyzeCaVI,51,1,13,820,0.0000,vanish
1121_RyACyzeCaVI,52,1,13,7903,0.0000,vanish
1121_RyACyzeCaVI,53,2,13,7583,0.0000,vanish
1121_RyACyzeCaVI,53,1,38,452,0.0000,vanish
1121_RyACyzeCaVI,54,3,13,7665,0.0000,vanish
1121_RyACyzeCaVI,55,5,13,7358,0.0000,vanish
1121_RyACyzeCaVI,56,4,13,7352,0.0000,vanish
1121_RyACyzeCaVI,57,4,13,7574,0.0000,vanish
1121_RyACyzeCaVI,57,5,38,2328,0.2436,shrink
1121_RyACyzeCaVI,58,3,13,7569,0.0000,vanish
1121_RyACyzeCaVI,59,2,13,7461,0.0000,vanish
1121_RyACyzeCaVI,59,4,38,2197,0.2130,shrink
1121_RyACyzeCaVI,60,2,13,7150,0.0000,vanish
1121_RyACyzeCaVI,60,3,38,2115,0.2312,shrink
1121_RyACyzeCaVI,61,2,13,6914,0.0000,vanish
1121_RyACyzeCaVI,61,3,38,1336,0.0434,vanish
1121_RyACyzeCaVI,62,2,13,6856,0.0000,vanish
1121_RyACyzeCaVI,62,3,38,851,0.0000,vanish
1121_RyACyzeCaVI,62,5,54,27050,0.2237,shrink
1121_RyACyzeCaVI,62,5,67,6912,0.2147,shrink
1121_RyACyzeCaVI,63,1,13,6830,0.0000,vanish
1121_RyACyzeCaVI,63,5,38,29201,0.1481,shrink
1121_RyACyzeCaVI,63,1,38,330,0.0000,vanish
1121_RyACyzeCaVI,63,5,54,24102,0.1407,shrink
1121_RyACyzeCaVI,63,5,67,6185,0.1470,shrink
1121_RyACyzeCaVI,64,2,13,7000,0.0000,vanish
1121_RyACyzeCaVI,64,5,38,24024,0.0143,vanish
1121_RyACyzeCaVI,64,5,54,18448,0.0476,vanish
1121_RyACyzeCaVI,64,5,67,5294,0.0025,vanish
1121_RyACyzeCaVI,65,1,13,7393,0.0000,vanish
1121_RyACyzeCaVI,65,1,13,898,0.0000,vanish
1121_RyACyzeCaVI,65,5,16,25400,0.1602,shrink
1121_RyACyzeCaVI,65,5,38,21252,0.0000,vanish
1121_RyACyzeCaVI,65,5,54,15581,0.0028,vanish
1121_RyACyzeCaVI,65,5,67,4761,0.0000,vanish
1121_RyACyzeCaVI,66,1,13,7216,0.0000,vanish
1121_RyACyzeCaVI,66,5,16,425,0.0047,vanish
1121_RyACyzeCaVI,66,5,16,21727,0.0914,vanish
1121_RyACyzeCaVI,66,4,38,15907,0.0000,vanish
1121_RyACyzeCaVI,66,1,54,598,0.0000,vanish
1121_RyACyzeCaVI,66,5,54,9683,0.0000,vanish
1121_RyACyzeCaVI,66,4,67,3855,0.0000,vanish
1121_RyACyzeCaVI,67,1,13,7323,0.0000,vanish
1121_RyACyzeCaVI,67,5,16,17221,0.0000,vanish
1121_RyACyzeCaVI,67,3,38,10236,0.0000,vanish
1121_RyACyzeCaVI,67,4,54,6252,0.0000,vanish
1121_RyACyzeCaVI,67,3,67,2687,0.0000,vanish
1121_RyACyzeCaVI,68,3,16,625,0.0000,vanish
1121_RyACyzeCaVI,68,4,16,12712,0.0000,vanish
1121_RyACyzeCaVI,68,2,38,4540,0.0000,vanish
1121_RyACyzeCaVI,68,3,54,3624,0.0000,vanish
1121_RyACyzeCaVI,68,2,67,1864,0.0000,vanish
1121_RyACyzeCaVI,69,3,16,7981,0.0000,vanish
1121_RyACyzeCaVI,69,1,38,344,0.0000,vanish
1121_RyACyzeCaVI,69,1,54,617,0.0000,vanish
1121_RyACyzeCaVI,69,2,54,2278,0.0000,vanish
1121_RyACyzeCaVI,69,1,67,566,0.0000,vanish
1121_RyACyzeCaVI,70,2,16,4068,0.0000,vanish
1121_RyACyzeCaVI,70,1,54,1524,0.0000,vanish
1121_RyACyzeCaVI,71,1,16,1985,0.0000,vanish
1121_RyACyzeCaVI,73,5,61,91920,0.1801,shrink
1121_RyACyzeCaVI,74,2,13,2434,0.0000,vanish
1121_RyACyzeCaVI,74,3,16,722,0.0000,vanish
1121_RyACyzeCaVI,74,5,61,74460,0.0777,vanish
1121_RyACyzeCaVI,75,3,16,1975,0.0000,vanish
1121_RyACyzeCaVI,75,5,61,59237,0.0594,vanish
1121_RyACyzeCaVI,76,2,16,1142,0.0000,vanish
1121_RyACyzeCaVI,76,5,61,48340,0.0471,vanish
1121_RyACyzeCaVI,77,4,61,33988,0.0560,vanish
1121_RyACyzeCaVI,78,5,61,15131,0.1650,shrink
1121_RyACyzeCaVI,78,1,61,7430,0.0000,vanish
1121_RyACyzeCaVI,79,2,54,1419,0.0000,vanish
1121_RyACyzeCaVI,79,1,61,819,0.0000,vanish
1121_RyACyzeCaVI,79,5,61,10723,0.0000,vanish
1121_RyACyzeCaVI,80,4,61,9383,0.0000,vanish
1121_RyACyzeCaVI,81,3,61,7658,0.0000,vanish
1121_RyACyzeCaVI,82,2,61,5255,0.0000,vanish
1121_RyACyzeCaVI,82,4,86,7331,0.0000,vanish
1121_RyACyzeCaVI,83,1,61,3050,0.0000,vanish
1121_RyACyzeCaVI,83,3,86,5509,0.0000,vanish
1121_RyACyzeCaVI,84,2,86,3439,0.0000,vanish
1121_RyACyzeCaVI,85,2,86,3946,0.0000,vanish
1121_RyACyzeCaVI,85,1,86,1699,0.0000,vanish
1121_RyACyzeCaVI,86,1,13,544,0.0000,vanish
1121_RyACyzeCaVI,86,1,86,2200,0.0000,vanish
1121_RyACyzeCaVI,87,1,61,1978,0.0000,vanish
1121_RyACyzeCaVI,88,1,13,586,0.0000,vanish
1121_RyACyzeCaVI,90,2,13,838,0.0000,vanish
1121_RyACyzeCaVI,95,5,48,6161,0.0000,vanish
1121_RyACyzeCaVI,96,4,48,7570,0.0000,vanish
1121_RyACyzeCaVI,97,3,48,12110,0.0000,vanish
1121_RyACyzeCaVI,98,1,13,5457,0.0000,vanish
1121_RyACyzeCaVI,98,3,48,21459,0.0000,vanish
1121_RyACyzeCaVI,100,5,16,21117,0.1996,shrink
1121_RyACyzeCaVI,101,1,13,5820,0.0000,vanish
1121_RyACyzeCaVI,101,5,16,22678,0.0849,vanish
1121_RyACyzeCaVI,101,5,16,216148,0.2210,shrink
1121_RyACyzeCaVI,101,5,29,35200,0.0029,vanish
1121_RyACyzeCaVI,102,1,13,6067,0.0000,vanish
1121_RyACyzeCaVI,102,1,13,1213,0.0000,vanish
1121_RyACyzeCaVI,102,5,16,27727,0.0505,vanish
1121_RyACyzeCaVI,102,5,16,194533,0.1346,shrink
1121_RyACyzeCaVI,102,5,29,35246,0.0013,vanish
1121_RyACyzeCaVI,102,2,86,711,0.0000,vanish
1121_RyACyzeCaVI,103,1,13,6147,0.0000,vanish
1121_RyACyzeCaVI,103,5,16,33430,0.0323,vanish
1121_RyACyzeCaVI,103,5,16,171262,0.0553,vanish
1121_RyACyzeCaVI,103,5,29,34960,0.0000,vanish
1121_RyACyzeCaVI,103,2,86,4782,0.0000,vanish
1121_RyACyzeCaVI,103,2,86,1591,0.0000,vanish
1121_RyACyzeCaVI,104,1,13,6330,0.0000,vanish
1121_RyACyzeCaVI,104,4,16,38452,0.0923,vanish
1121_RyACyzeCaVI,104,5,16,147065,0.0156,vanish
1121_RyACyzeCaVI,104,5,29,34982,0.0000,vanish
1121_RyACyzeCaVI,104,5,61,4848,0.2345,shrink
1121_RyACyzeCaVI,104,2,86,5948,0.0000,vanish
1121_RyACyzeCaVI,105,1,13,6427,0.0000,vanish
1121_RyACyzeCaVI,105,5,16,118126,0.0014,vanish
1121_RyACyzeCaVI,105,5,29,34872,0.0000,vanish
1121_RyACyzeCaVI,105,5,61,22350,0.0369,vanish
1121_RyACyzeCaVI,106,1,13,6525,0.0000,vanish
1121_RyACyzeCaVI,106,5,16,54702,0.0074,vanish
1121_RyACyzeCaVI,106,4,16,33352,0.0000,vanish
1121_RyACyzeCaVI,106,5,29,35108,0.0009,vanish
1121_RyACyzeCaVI,106,5,61,74483,0.0121,vanish
1121_RyACyzeCaVI,107,1,13,6495,0.0000,vanish
1121_RyACyzeCaVI,107,1,13,2744,0.0000,vanish
1121_RyACyzeCaVI,107,5,16,39807,0.0000,vanish
1121_RyACyzeCaVI,107,1,16,1302,0.0000,vanish
1121_RyACyzeCaVI,107,3,16,17866,0.0000,vanish
1121_RyACyzeCaVI,107,5,29,35171,0.0022,vanish
1121_RyACyzeCaVI,107,2,48,2481,0.0000,vanish
1121_RyACyzeCaVI,107,2,54,328,0.0000,vanish
1121_RyACyzeCaVI,107,5,61,112839,0.0021,vanish
1121_RyACyzeCaVI,108,1,13,6889,0.0000,vanish
1121_RyACyzeCaVI,108,4,16,26771,0.0000,vanish
1121_RyACyzeCaVI,108,2,16,7268,0.0000,vanish
1121_RyACyzeCaVI,108,5,29,34869,0.0057,vanish
1121_RyACyzeCaVI,108,2,48,18935,0.0000,vanish
1121_RyACyzeCaVI,108,5,61,130722,0.0000,vanish
1121_RyACyzeCaVI,108,5,67,4387,0.0000,vanish
1121_RyACyzeCaVI,109,1,13,7027,0.0000,vanish
1121_RyACyzeCaVI,109,2,16,1172,0.0000,vanish
1121_RyACyzeCaVI,109,3,16,19847,0.0000,vanish
1121_RyACyzeCaVI,109,1,16,944,0.0000,vanish
1121_RyACyzeCaVI,109,5,29,34913,0.0087,vanish
1121_RyACyzeCaVI,109,5,67,8599,0.0000,vanish
1121_RyACyzeCaVI,110,1,13,6384,0.0000,vanish
1121_RyACyzeCaVI,110,2,16,11667,0.0000,vanish
1121_RyACyzeCaVI,110,4,29,26265,0.1848,shrink
1121_RyACyzeCaVI,110,5,29,34920,0.0130,vanish
1121_RyACyzeCaVI,110,5,67,11201,0.0000,vanish
1121_RyACyzeCaVI,111,1,13,5692,0.0000,vanish
1121_RyACyzeCaVI,111,1,16,5482,0.0000,vanish
1121_RyACyzeCaVI,111,3,29,17960,0.0874,vanish
1121_RyACyzeCaVI,111,5,29,34156,0.0162,vanish
1121_RyACyzeCaVI,111,4,67,12444,0.0420,vanish
1121_RyACyzeCaVI,112,1,13,6630,0.0000,vanish
1121_RyACyzeCaVI,112,2,29,8986,0.0491,vanish
1121_RyACyzeCaVI,112,5,29,35052,0.0320,vanish
1121_RyACyzeCaVI,112,2,38,2443,0.0000,vanish
1121_RyACyzeCaVI,112,5,67,15062,0.2336,shrink
1121_RyACyzeCaVI,113,1,13,6725,0.0000,vanish
1121_RyACyzeCaVI,113,2,29,3416,0.0000,vanish
1121_RyACyzeCaVI,113,5,29,36078,0.0792,vanish
1121_RyACyzeCaVI,113,1,38,695,0.0000,vanish
1121_RyACyzeCaVI,113,5,67,30123,0.1758,shrink
1121_RyACyzeCaVI,114,1,13,6704,0.0000,vanish
1121_RyACyzeCaVI,114,1,29,422,0.0000,vanish
1121_RyACyzeCaVI,114,5,29,35311,0.1536,shrink
1121_RyACyzeCaVI,114,5,67,19729,0.1332,shrink
1121_RyACyzeCaVI,115,1,13,6208,0.0000,vanish
1121_RyACyzeCaVI,115,1,13,4171,0.0000,vanish
1121_RyACyzeCaVI,115,5,67,7851,0.1143,shrink
1121_RyACyzeCaVI,118,1,54,1616,0.0000,vanish
1121_RyACyzeCaVI,125,5,16,3768,0.0411,vanish
1121_RyACyzeCaVI,126,5,16,3712,0.0000,vanish
1121_RyACyzeCaVI,127,4,16,3301,0.0000,vanish
1121_RyACyzeCaVI,128,3,16,2879,0.0000,vanish
1121_RyACyzeCaVI,128,3,16,918,0.0392,vanish
1121_RyACyzeCaVI,129,4,16,1913,0.0094,vanish
1121_RyACyzeCaVI,130,2,16,1067,0.1621,shrink
1163_ayuSarPEafI,1,1,41,346,0.0000,vanish
1163_ayuSarPEafI,18,5,60,30098,0.0109,vanish
1163_ayuSarPEafI,19,5,60,26598,0.0608,vanish
1163_ayuSarPEafI,20,5,60,18802,0.0000,vanish
1163_ayuSarPEafI,21,4,60,12738,0.0000,vanish
1163_ayuSarPEafI,22,3,60,7834,0.0000,vanish
1163_ayuSarPEafI,23,2,60,4470,0.0000,vanish
1163_ayuSarPEafI,24,1,60,1788,0.0000,vanish
1163_ayuSarPEafI,41,2,2,3030,0.0000,vanish
1163_ayuSarPEafI,42,1,2,1051,0.0000,vanish
1163_ayuSarPEafI,43,5,60,13108,0.1549,shrink
1163_ayuSarPEafI,44,5,60,12216,0.0025,vanish
1163_ayuSarPEafI,45,5,41,16337,0.1367,shrink
1163_ayuSarPEafI,45,5,60,11704,0.0000,vanish
1163_ayuSarPEafI,46,5,41,14323,0.0000,vanish
1163_ayuSarPEafI,46,4,60,10019,0.0000,vanish
1163_ayuSarPEafI,47,4,41,11680,0.0000,vanish
1163_ayuSarPEafI,47,3,60,6685,0.0000,vanish
1163_ayuSarPEafI,47,4,60,5925,0.0000,vanish
1163_ayuSarPEafI,48,3,41,9657,0.0000,vanish
1163_ayuSarPEafI,48,2,60,2806,0.0000,vanish
1163_ayuSarPEafI,48,3,60,4865,0.0000,vanish
1163_ayuSarPEafI,49,2,41,6381,0.0000,vanish
1163_ayuSarPEafI,49,2,60,3084,0.0000,vanish
1163_ayuSarPEafI,50,1,41,2790,0.0000,vanish
1163_ayuSarPEafI,50,1,60,1773,0.0000,vanish
1163_ayuSarPEafI,56,5,41,229375,0.2047,shrink
1163_ayuSarPEafI,57,5,41,199152,0.0686,vanish
1163_ayuSarPEafI,58,5,41,161975,0.0064,vanish
1163_ayuSarPEafI,59,5,41,124009,0.0000,vanish
1163_ayuSarPEafI,60,4,41,87942,0.0000,vanish
1163_ayuSarPEafI,61,3,41,46945,0.0000,vanish
1163_ayuSarPEafI,62,2,41,13671,0.0000,vanish
1163_ayuSarPEafI,63,1,41,1034,0.0000,vanish
1163_ayuSarPEafI,67,5,60,22530,0.0479,vanish
1163_ayuSarPEafI,68,5,60,23276,0.0344,vanish
1163_ayuSarPEafI,69,5,60,24204,0.1333,shrink
1163_ayuSarPEafI,70,2,2,3503,0.0000,vanish
1163_ayuSarPEafI,70,5,60,23320,0.1848,shrink
1163_ayuSarPEafI,71,1,2,316,0.0000,vanish
1163_ayuSarPEafI,71,5,60,21906,0.0952,vanish
1163_ayuSarPEafI,72,5,60,18763,0.1564,shrink
1163_ayuSarPEafI,73,5,60,14363,0.2023,shrink
1163_ayuSarPEafI,74,5,60,12237,0.1492,shrink
1163_ayuSarPEafI,75,5,60,9988,0.0559,vanish
1163_ayuSarPEafI,76,5,60,4496,0.0011,vanish
1163_ayuSarPEafI,77,5,60,3061,0.0000,vanish
1163_ayuSarPEafI,78,4,60,2936,0.0000,vanish
1163_ayuSarPEafI,79,3,60,1829,0.0000,vanish
1163_ayuSarPEafI,80,1,1,462,0.0087,vanish
1163_ayuSarPEafI,80,2,60,558,0.0000,vanish
1163_ayuSarPEafI,83,1,14,436,0.0000,vanish
1163_ayuSarPEafI,93,5,60,16762,0.0386,vanish
1163_ayuSarPEafI,94,5,60,16634,0.1963,shrink
1163_ayuSarPEafI,96,5,60,15281,0.1328,shrink
1163_ayuSarPEafI,97,5,60,14776,0.0067,vanish
1163_ayuSarPEafI,98,5,60,14005,0.0000,vanish
1163_ayuSarPEafI,99,5,60,12968,0.0000,vanish
1163_ayuSarPEafI,100,4,60,11377,0.0000,vanish
1163_ayuSarPEafI,101,5,2,68862,0.2104,shrink
1163_ayuSarPEafI,101,3,60,7764,0.0000,vanish
1163_ayuSarPEafI,102,5,2,64578,0.2219,shrink
1163_ayuSarPEafI,102,2,60,3682,0.0000,vanish
1163_ayuSarPEafI,103,1,60,904,0.0000,vanish
1163_ayuSarPEafI,105,5,2,33214,0.2102,shrink
1163_ayuSarPEafI,105,2,60,7996,0.0000,vanish
1163_ayuSarPEafI,106,2,2,3458,0.0000,vanish
1163_ayuSarPEafI,106,4,60,6457,0.0000,vanish
1163_ayuSarPEafI,107,2,2,2843,0.0000,vanish
1163_ayuSarPEafI,107,4,60,6060,0.0000,vanish
1163_ayuSarPEafI,108,2,2,2595,0.0000,vanish
1163_ayuSarPEafI,108,4,60,5534,0.0000,vanish
1163_ayuSarPEafI,109,2,2,2174,0.0000,vanish
1163_ayuSarPEafI,109,3,60,5244,0.0000,vanish
1163_ayuSarPEafI,110,1,2,1662,0.0000,vanish
1163_ayuSarPEafI,110,4,60,4993,0.0000,vanish
1163_ayuSarPEafI,111,3,2,681,0.0000,vanish
1163_ayuSarPEafI,111,5,2,5672,0.0606,vanish
1163_ayuSarPEafI,111,3,60,3462,0.0000,vanish
1163_ayuSarPEafI,112,5,2,6303,0.0000,vanish
1163_ayuSarPEafI,112,2,60,1960,0.0000,vanish
1163_ayuSarPEafI,113,4,2,8177,0.0000,vanish
1163_ayuSarPEafI,113,1,60,453,0.0000,vanish
1163_ayuSarPEafI,114,3,2,6152,0.0000,vanish
1163_ayuSarPEafI,115,2,2,3508,0.0000,vanish
1163_ayuSarPEafI,116,1,2,414,0.0000,vanish
1165_OxqFAwLeLNs,0,2,15,9357,0.0000,vanish
1165_OxqFAwLeLNs,0,3,15,6312,0.0000,vanish
1165_OxqFAwLeLNs,0,2,33,2693,0.0000,vanish
1165_OxqFAwLeLNs,0,3,61,19745,0.2095,shrink
1165_OxqFAwLeLNs,1,1,15,1334,0.0000,vanish
1165_OxqFAwLeLNs,1,1,33,494,0.0000,vanish
1165_OxqFAwLeLNs,2,5,15,7230,0.0004,vanish
1165_OxqFAwLeLNs,3,4,15,7795,0.0148,vanish
1165_OxqFAwLeLNs,4,3,15,9167,0.0020,vanish
1165_OxqFAwLeLNs,5,3,15,11818,0.1358,shrink
1165_OxqFAwLeLNs,6,4,15,10143,0.0000,vanish
1165_OxqFAwLeLNs,7,5,15,9916,0.0074,vanish
1165_OxqFAwLeLNs,8,5,15,10363,0.0716,vanish
1165_OxqFAwLeLNs,9,5,15,10358,0.0181,vanish
1165_OxqFAwLeLNs,10,5,15,9913,0.0396,vanish
1165_OxqFAwLeLNs,11,5,15,10560,0.1833,shrink
1165_OxqFAwLeLNs,12,5,15,10176,0.0826,vanish
1165_OxqFAwLeLNs,13,5,15,9476,0.1540,shrink
1165_OxqFAwLeLNs,14,5,15,9470,0.1873,shrink
1165_OxqFAwLeLNs,15,5,15,10529,0.2085,shrink
1165_OxqFAwLeLNs,16,5,15,9412,0.1669,shrink
1165_OxqFAwLeLNs,17,5,15,8567,0.1714,shrink
1165_OxqFAwLeLNs,18,5,15,8443,0.0746,vanish
1165_OxqFAwLeLNs,19,4,15,7957,0.2491,shrink
1165_OxqFAwLeLNs,30,5,15,7563,0.0022,vanish
1165_OxqFAwLeLNs,31,5,15,6647,0.0000,vanish
1165_OxqFAwLeLNs,32,4,15,6080,0.0000,vanish
1165_OxqFAwLeLNs,33,4,15,6338,0.0000,vanish
1165_OxqFAwLeLNs,34,4,15,6639,0.0396,vanish
1165_OxqFAwLeLNs,69,5,15,10070,0.1633,shrink
1165_OxqFAwLeLNs,70,5,15,9736,0.0990,vanish
1165_OxqFAwLeLNs,71,5,15,9023,0.0294,vanish
1165_OxqFAwLeLNs,72,4,15,9150,0.1051,shrink
1165_OxqFAwLeLNs,73,4,15,9006,0.0109,vanish
1165_OxqFAwLeLNs,74,3,15,9192,0.0011,vanish
1165_OxqFAwLeLNs,75,2,15,9278,0.0504,vanish
1165_OxqFAwLeLNs,75,3,33,10032,0.0204,vanish
1165_OxqFAwLeLNs,76,2,15,8806,0.0000,vanish
1165_OxqFAwLeLNs,76,3,33,8156,0.0000,vanish
1165_OxqFAwLeLNs,76,5,61,38991,0.1187,shrink
1165_OxqFAwLeLNs,77,2,15,8930,0.0296,vanish
1165_OxqFAwLeLNs,77,2,33,4654,0.0000,vanish
1165_OxqFAwLeLNs,77,5,61,35424,0.0659,vanish
1165_OxqFAwLeLNs,78,2,15,8743,0.0114,vanish
1165_OxqFAwLeLNs,78,1,33,386,0.0000,vanish
1165_OxqFAwLeLNs,78,5,61,32111,0.0324,vanish
1165_OxqFAwLeLNs,79,2,15,8336,0.0000,vanish
1165_OxqFAwLeLNs,79,4,61,24963,0.0000,vanish
1165_OxqFAwLeLNs,80,2,15,8134,0.0230,vanish
1165_OxqFAwLeLNs,80,3,61,12605,0.0000,vanish
1165_OxqFAwLeLNs,81,4,15,7055,0.0006,vanish
1165_OxqFAwLeLNs,81,2,61,7659,0.0000,vanish
1165_OxqFAwLeLNs,82,2,15,1057,0.0000,vanish
1165_OxqFAwLeLNs,82,1,61,2276,0.0000,vanish
1165_OxqFAwLeLNs,86,3,15,1264,0.0000,vanish
1165_OxqFAwLeLNs,87,2,15,1009,0.0000,vanish
1165_OxqFAwLeLNs,88,1,15,521,0.0000,vanish
1165_OxqFAwLeLNs,90,5,15,4047,0.0633,vanish
1165_OxqFAwLeLNs,91,5,15,3772,0.0058,vanish
1165_OxqFAwLeLNs,92,5,15,3403,0.0047,vanish
1165_OxqFAwLeLNs,92,5,61,17248,0.2015,shrink
1165_OxqFAwLeLNs,93,4,15,3349,0.0000,vanish
1165_OxqFAwLeLNs,93,5,61,17176,0.1074,shrink
1165_OxqFAwLeLNs,94,3,15,3263,0.0000,vanish
1165_OxqFAwLeLNs,94,5,61,16827,0.1038,shrink
1165_OxqFAwLeLNs,95,2,15,2881,0.0000,vanish
1165_OxqFAwLeLNs,95,5,61,16270,0.1106,shrink
1165_OxqFAwLeLNs,96,2,15,2981,0.0000,vanish
1165_OxqFAwLeLNs,96,5,61,16030,0.1193,shrink
1165_OxqFAwLeLNs,97,3,15,2535,0.0000,vanish
1165_OxqFAwLeLNs,98,3,15,2433,0.0000,vanish
1165_OxqFAwLeLNs,99,3,15,2255,0.0000,vanish
1165_OxqFAwLeLNs,100,4,15,2077,0.0000,vanish
1165_OxqFAwLeLNs,101,4,15,2086,0.0000,vanish
1165_OxqFAwLeLNs,102,4,15,2284,0.0000,vanish
1165_OxqFAwLeLNs,103,4,15,2041,0.0000,vanish
1165_OxqFAwLeLNs,103,5,61,28064,0.0824,vanish
1165_OxqFAwLeLNs,104,3,15,2218,0.0000,vanish
1165_OxqFAwLeLNs,104,5,61,24464,0.0110,vanish
1165_OxqFAwLeLNs,105,4,15,2586,0.0000,vanish
1165_OxqFAwLeLNs,105,5,61,22589,0.0000,vanish
1165_OxqFAwLeLNs,106,5,15,1810,0.0000,vanish
1165_OxqFAwLeLNs,106,4,61,16144,0.0000,vanish
1165_OxqFAwLeLNs,107,5,15,1623,0.0111,vanish
1165_OxqFAwLeLNs,107,3,61,9202,0.0000,vanish
1165_OxqFAwLeLNs,108,5,15,1706,0.0000,vanish
1165_OxqFAwLeLNs,108,1,61,436,0.0000,vanish
1165_OxqFAwLeLNs,109,5,15,1467,0.0293,vanish
1165_OxqFAwLeLNs,110,5,15,1460,0.0507,vanish
1165_OxqFAwLeLNs,111,5,15,1637,0.0000,vanish
1165_OxqFAwLeLNs,112,4,15,1942,0.0000,vanish
1165_OxqFAwLeLNs,113,5,15,2304,0.0195,vanish
1165_OxqFAwLeLNs,114,5,15,2695,0.0000,vanish
1165_OxqFAwLeLNs,115,5,15,3183,0.0456,vanish
1165_OxqFAwLeLNs,116,5,15,4551,0.1604,shrink
1165_OxqFAwLeLNs,117,5,15,4462,0.1136,shrink
1165_OxqFAwLeLNs,118,5,15,5039,0.1945,shrink
1165_OxqFAwLeLNs,120,5,15,5612,0.2438,shrink
1182_tNbLX2wX4Bs,1,2,1,504,0.0000,vanish
1182_tNbLX2wX4Bs,1,2,1,1009,0.0327,vanish
1182_tNbLX2wX4Bs,8,2,1,315,0.0000,vanish
1182_tNbLX2wX4Bs,15,5,1,623,0.1124,shrink
1182_tNbLX2wX4Bs,27,3,14,404,0.0000,vanish
1182_tNbLX2wX4Bs,28,2,14,363,0.0000,vanish
1182_tNbLX2wX4Bs,29,1,14,323,0.0000,vanish
1182_tNbLX2wX4Bs,30,5,1,2022,0.2334,shrink
1182_tNbLX2wX4Bs,31,5,14,346,0.0058,vanish
1182_tNbLX2wX4Bs,32,3,1,941,0.2476,shrink
1182_tNbLX2wX4Bs,32,4,14,436,0.0046,vanish
1182_tNbLX2wX4Bs,33,3,14,390,0.0051,vanish
1182_tNbLX2wX4Bs,60,4,1,1494,0.1901,shrink
1182_tNbLX2wX4Bs,96,5,1,403,0.0000,vanish
1182_tNbLX2wX4Bs,97,4,1,341,0.0000,vanish
1182_tNbLX2wX4Bs,105,2,1,637,0.0063,vanish
1182_tNbLX2wX4Bs,108,5,1,608,0.0082,vanish
1182_tNbLX2wX4Bs,109,4,1,531,0.0000,vanish
1182_tNbLX2wX4Bs,110,3,1,421,0.0000,vanish
1182_tNbLX2wX4Bs,110,5,9,2458,0.1664,shrink
1182_tNbLX2wX4Bs,111,5,9,2446,0.0000,vanish
1182_tNbLX2wX4Bs,112,2,1,308,0.0000,vanish
1182_tNbLX2wX4Bs,112,4,9,2142,0.0000,vanish
1182_tNbLX2wX4Bs,113,3,9,1504,0.0000,vanish
1182_tNbLX2wX4Bs,114,2,9,950,0.0000,vanish
1182_tNbLX2wX4Bs,115,1,9,431,0.0000,vanish
1184__Ij5JaEIcPc,0,5,1,2920,0.2089,shrink
1184__Ij5JaEIcPc,1,5,1,2419,0.1360,shrink
1184__Ij5JaEIcPc,2,5,1,1913,0.0314,vanish
1184__Ij5JaEIcPc,3,5,1,1479,0.0000,vanish
1184__Ij5JaEIcPc,4,4,1,991,0.0000,vanish
1184__Ij5JaEIcPc,5,3,1,616,0.0000,vanish
1184__Ij5JaEIcPc,6,2,1,332,0.0000,vanish
1184__Ij5JaEIcPc,22,5,61,2119,0.1713,shrink
1184__Ij5JaEIcPc,23,5,61,1917,0.0000,vanish
1184__Ij5JaEIcPc,24,4,61,1490,0.0000,vanish
1184__Ij5JaEIcPc,25,3,61,1186,0.0000,vanish
1184__Ij5JaEIcPc,26,2,61,859,0.0000,vanish
1184__Ij5JaEIcPc,27,1,61,363,0.0000,vanish
1191_g9PMoi6Y7ok,0,5,55,1629,0.1946,shrink
1191_g9PMoi6Y7ok,1,5,30,33793,0.1259,shrink
1191_g9PMoi6Y7ok,1,4,55,1281,0.0835,vanish
1191_g9PMoi6Y7ok,2,5,30,34368,0.0198,vanish
1191_g9PMoi6Y7ok,2,3,55,803,0.0324,vanish
1191_g9PMoi6Y7ok,3,5,30,35899,0.0398,vanish
1191_g9PMoi6Y7ok,4,4,30,36129,0.0990,vanish
1191_g9PMoi6Y7ok,5,5,17,83551,0.2346,shrink
1191_g9PMoi6Y7ok,5,5,55,412,0.0000,vanish
1191_g9PMoi6Y7ok,6,5,17,60723,0.0000,vanish
1191_g9PMoi6Y7ok,6,4,55,961,0.0000,vanish
1191_g9PMoi6Y7ok,7,4,17,46762,0.0000,vanish
1191_g9PMoi6Y7ok,7,4,55,2745,0.0000,vanish
1191_g9PMoi6Y7ok,8,3,17,37557,0.0000,vanish
1191_g9PMoi6Y7ok,8,5,55,4835,0.0000,vanish
1191_g9PMoi6Y7ok,9,2,17,37791,0.0000,vanish
1191_g9PMoi6Y7ok,9,4,55,4888,0.0000,vanish
1191_g9PMoi6Y7ok,10,1,17,19597,0.0000,vanish
1191_g9PMoi6Y7ok,27,5,55,5309,0.2481,shrink
1202_hdkz6av8Sxc,1,1,88,760,0.0000,vanish
1202_hdkz6av8Sxc,7,2,61,5186,0.0000,vanish
1202_hdkz6av8Sxc,8,5,1,1037,0.2228,shrink
1202_hdkz6av8Sxc,8,5,61,4027,0.0000,vanish
1202_hdkz6av8Sxc,9,4,1,1091,0.2337,shrink
1202_hdkz6av8Sxc,9,4,61,3511,0.0000,vanish
1202_hdkz6av8Sxc,10,3,61,3059,0.0000,vanish
1202_hdkz6av8Sxc,11,3,1,1076,0.2491,shrink
1202_hdkz6av8Sxc,11,3,61,2706,0.0000,vanish
1202_hdkz6av8Sxc,12,2,1,913,0.0843,vanish
1202_hdkz6av8Sxc,12,2,61,2745,0.0000,vanish
1202_hdkz6av8Sxc,13,1,1,2091,0.0153,vanish
1202_hdkz6av8Sxc,13,1,1,436,0.0000,vanish
1202_hdkz6av8Sxc,14,3,1,587,0.0000,vanish
1202_hdkz6av8Sxc,15,3,1,793,0.0000,vanish
1202_hdkz6av8Sxc,16,2,1,670,0.0000,vanish
1202_hdkz6av8Sxc,30,5,3,7903,0.2017,shrink
1202_hdkz6av8Sxc,30,5,14,33602,0.2176,shrink
1202_hdkz6av8Sxc,31,5,3,8800,0.0260,vanish
1202_hdkz6av8Sxc,31,5,14,28668,0.1384,shrink
1202_hdkz6av8Sxc,32,5,3,9641,0.0000,vanish
1202_hdkz6av8Sxc,32,5,14,26432,0.0000,vanish
1202_hdkz6av8Sxc,33,5,1,57474,0.2291,shrink
1202_hdkz6av8Sxc,33,4,3,10420,0.0000,vanish
1202_hdkz6av8Sxc,33,5,9,32074,0.1523,shrink
1202_hdkz6av8Sxc,33,4,14,24733,0.0000,vanish
1202_hdkz6av8Sxc,34,4,1,57924,0.2275,shrink
1202_hdkz6av8Sxc,34,3,3,9639,0.0000,vanish
1202_hdkz6av8Sxc,34,4,9,32246,0.1519,shrink
1202_hdkz6av8Sxc,34,3,14,19745,0.0000,vanish
1202_hdkz6av8Sxc,35,2,3,3003,0.0000,vanish
1202_hdkz6av8Sxc,35,3,9,25574,0.2169,shrink
1202_hdkz6av8Sxc,35,2,14,7313,0.0000,vanish
1202_hdkz6av8Sxc,36,1,3,689,0.0000,vanish
1202_hdkz6av8Sxc,36,1,14,3968,0.0000,vanish
1372_4n-UrApAvho,0,5,36,1866,0.1479,shrink
1372_4n-UrApAvho,1,5,36,1473,0.0923,vanish
1372_4n-UrApAvho,2,5,36,1295,0.0332,vanish
1372_4n-UrApAvho,11,4,13,535,0.0000,vanish
1372_4n-UrApAvho,12,4,13,1843,0.0000,vanish
1372_4n-UrApAvho,13,4,13,3005,0.0000,vanish
1372_4n-UrApAvho,14,4,13,3249,0.0000,vanish
154_6-pyJNd1h3I,0,3,49,576,0.0000,vanish
154_6-pyJNd1h3I,28,5,15,1425,0.1270,shrink
154_6-pyJNd1h3I,30,2,22,331,0.0000,vanish
154_6-pyJNd1h3I,31,3,15,576,0.0000,vanish
154_6-pyJNd1h3I,32,2,15,316,0.0000,vanish
154_6-pyJNd1h3I,38,4,49,532,0.0733,vanish
154_6-pyJNd1h3I,81,4,19,606,0.0000,vanish
154_6-pyJNd1h3I,83,5,49,367,0.0000,vanish
154_6-pyJNd1h3I,84,1,19,467,0.0000,vanish
154_6-pyJNd1h3I,84,4,49,336,0.0000,vanish
154_6-pyJNd1h3I,85,3,49,899,0.0000,vanish
154_6-pyJNd1h3I,122,5,51,3858,0.0736,vanish
154_6-pyJNd1h3I,123,4,51,3349,0.0848,vanish
154_6-pyJNd1h3I,124,5,51,2695,0.0449,vanish
154_6-pyJNd1h3I,125,4,51,1681,0.0720,vanish
154_6-pyJNd1h3I,126,5,51,1269,0.0118,vanish
154_6-pyJNd1h3I,128,4,51,522,0.0000,vanish
670_JboU-y2LdkU,1,3,16,3960,0.0000,vanish
670_JboU-y2LdkU,2,2,16,2393,0.0000,vanish
670_JboU-y2LdkU,3,2,16,410,0.0000,vanish
670_JboU-y2LdkU,8,5,67,29848,0.0000,vanish
670_JboU-y2LdkU,9,4,67,21005,0.0000,vanish
670_JboU-y2LdkU,10,3,67,13294,0.0000,vanish
670_JboU-y2LdkU,11,2,67,7171,0.0000,vanish
670_JboU-y2LdkU,12,1,67,2585,0.0000,vanish
670_JboU-y2LdkU,14,1,49,1270,0.0000,vanish
670_JboU-y2LdkU,15,5,67,28549,0.2011,shrink
670_JboU-y2LdkU,16,5,67,22582,0.1071,shrink
670_JboU-y2LdkU,17,5,67,17886,0.0185,vanish
670_JboU-y2LdkU,18,5,67,13353,0.0000,vanish
670_JboU-y2LdkU,19,4,67,9231,0.0000,vanish
670_JboU-y2LdkU,20,3,67,5847,0.0000,vanish
670_JboU-y2LdkU,21,2,67,2419,0.0000,vanish
670_JboU-y2LdkU,22,5,49,50691,0.2395,shrink
670_JboU-y2LdkU,22,5,61,14854,0.1531,shrink
670_JboU-y2LdkU,22,1,67,330,0.0000,vanish
670_JboU-y2LdkU,23,5,49,48802,0.1326,shrink
670_JboU-y2LdkU,23,5,61,13180,0.0000,vanish
670_JboU-y2LdkU,24,5,49,45698,0.0181,vanish
670_JboU-y2LdkU,24,4,61,10817,0.0000,vanish
670_JboU-y2LdkU,25,5,49,40941,0.0000,vanish
670_JboU-y2LdkU,25,3,61,7651,0.0000,vanish
670_JboU-y2LdkU,26,4,49,35149,0.0000,vanish
670_JboU-y2LdkU,26,2,61,5652,0.0000,vanish
670_JboU-y2LdkU,27,3,49,28253,0.0000,vanish
670_JboU-y2LdkU,27,1,61,2286,0.0000,vanish
670_JboU-y2LdkU,28,3,49,21470,0.0000,vanish
670_JboU-y2LdkU,29,3,49,14334,0.0000,vanish
670_JboU-y2LdkU,31,3,16,15950,0.0000,vanish
670_JboU-y2LdkU,31,1,49,2457,0.0000,vanish
670_JboU-y2LdkU,32,2,16,8333,0.0000,vanish
670_JboU-y2LdkU,33,1,16,1935,0.0000,vanish
670_JboU-y2LdkU,38,5,67,142758,0.1896,shrink
670_JboU-y2LdkU,39,5,67,117716,0.0264,vanish
670_JboU-y2LdkU,40,4,67,97304,0.0319,vanish
670_JboU-y2LdkU,41,3,67,68310,0.0454,vanish
670_JboU-y2LdkU,42,2,67,45673,0.0679,vanish
670_JboU-y2LdkU,43,1,67,16564,0.1873,shrink
670_JboU-y2LdkU,43,1,67,10497,0.0000,vanish
736_ML-JwZIxno0,26,4,49,168942,0.0000,vanish
736_ML-JwZIxno0,27,3,49,146060,0.0000,vanish
736_ML-JwZIxno0,28,2,49,98310,0.0000,vanish
736_ML-JwZIxno0,29,1,49,33700,0.0000,vanish
736_ML-JwZIxno0,73,4,49,185494,0.0000,vanish
736_ML-JwZIxno0,74,3,49,150591,0.0000,vanish
736_ML-JwZIxno0,75,2,49,93669,0.0000,vanish
736_ML-JwZIxno0,76,1,49,17417,0.0000,vanish
736_ML-JwZIxno0,113,5,30,209308,0.1824,shrink
736_ML-JwZIxno0,114,5,30,189906,0.1928,shrink
736_ML-JwZIxno0,115,3,30,123417,0.0760,vanish
736_ML-JwZIxno0,117,3,30,40203,0.0000,vanish
736_ML-JwZIxno0,123,1,36,533,0.0000,vanish
736_ML-JwZIxno0,124,5,30,611721,0.0000,vanish
736_ML-JwZIxno0,125,4,30,533091,0.0000,vanish
736_ML-JwZIxno0,126,3,30,449626,0.0000,vanish
736_ML-JwZIxno0,127,2,30,413009,0.0000,vanish
736_ML-JwZIxno0,128,1,30,412433,0.0000,vanish
794_701d4x0AN9E,18,2,23,300,0.0000,vanish
794_701d4x0AN9E,21,5,16,4116,0.1825,shrink
794_701d4x0AN9E,21,5,67,5885,0.2224,shrink
794_701d4x0AN9E,22,5,16,3428,0.1995,shrink
794_701d4x0AN9E,22,5,67,4569,0.1116,shrink
794_701d4x0AN9E,23,5,16,2709,0.0816,vanish
794_701d4x0AN9E,23,5,19,7887,0.2384,shrink
794_701d4x0AN9E,23,5,67,4029,0.0119,vanish
794_701d4x0AN9E,24,5,16,4793,0.1058,shrink
794_701d4x0AN9E,24,5,19,5809,0.1873,shrink
794_701d4x0AN9E,24,4,67,2522,0.0000,vanish
794_701d4x0AN9E,25,5,16,4750,0.0131,vanish
794_701d4x0AN9E,25,5,19,5696,0.1018,shrink
794_701d4x0AN9E,25,3,67,2471,0.0000,vanish
794_701d4x0AN9E,26,4,16,1196,0.0109,vanish
794_701d4x0AN9E,26,3,16,1502,0.0000,vanish
794_701d4x0AN9E,26,5,19,3911,0.1376,shrink
794_701d4x0AN9E,26,2,67,1301,0.0000,vanish
794_701d4x0AN9E,27,3,16,1187,0.0084,vanish
794_701d4x0AN9E,27,2,16,1208,0.0000,vanish
794_701d4x0AN9E,27,5,19,3003,0.0090,vanish
794_701d4x0AN9E,27,1,67,506,0.0000,vanish
794_701d4x0AN9E,28,2,16,935,0.0032,vanish
794_701d4x0AN9E,28,1,16,515,0.0000,vanish
794_701d4x0AN9E,28,5,19,1880,0.0000,vanish
794_701d4x0AN9E,29,1,16,405,0.0000,vanish
794_701d4x0AN9E,29,4,19,1088,0.0000,vanish
794_701d4x0AN9E,30,5,16,3208,0.2391,shrink
794_701d4x0AN9E,30,3,19,580,0.0000,vanish
794_701d4x0AN9E,31,5,16,3144,0.0006,vanish
794_701d4x0AN9E,31,2,19,538,0.0000,vanish
794_701d4x0AN9E,32,5,16,2415,0.0000,vanish
794_701d4x0AN9E,33,3,15,1711,0.0000,vanish
794_701d4x0AN9E,33,4,16,1659,0.0000,vanish
794_701d4x0AN9E,34,2,15,1071,0.0000,vanish
794_701d4x0AN9E,34,3,16,1228,0.0000,vanish
794_701d4x0AN9E,35,5,15,13163,0.2010,shrink
794_701d4x0AN9E,35,1,15,468,0.0000,vanish
794_701d4x0AN9E,35,2,16,813,0.0000,vanish
794_701d4x0AN9E,36,4,15,939,0.0000,vanish
794_701d4x0AN9E,36,5,15,7608,0.2382,shrink
794_701d4x0AN9E,36,3,15,934,0.0000,vanish
794_701d4x0AN9E,37,3,15,950,0.0000,vanish
794_701d4x0AN9E,37,5,15,7393,0.1204,shrink
794_701d4x0AN9E,37,2,15,821,0.0000,vanish
794_701d4x0AN9E,38,2,15,638,0.0000,vanish
794_701d4x0AN9E,38,4,15,5721,0.1556,shrink
794_701d4x0AN9E,38,1,15,320,0.0000,vanish
794_701d4x0AN9E,39,1,15,336,0.0000,vanish
794_701d4x0AN9E,39,5,15,3848,0.1424,shrink
794_701d4x0AN9E,39,5,49,2766,0.1934,shrink
794_701d4x0AN9E,40,5,15,2646,0.0000,vanish
794_701d4x0AN9E,40,5,16,17688,0.0000,vanish
794_701d4x0AN9E,40,5,29,1479,0.0000,vanish
794_701d4x0AN9E,40,5,49,2342,0.0000,vanish
794_701d4x0AN9E,41,4,15,1812,0.0000,vanish
794_701d4x0AN9E,41,4,16,14830,0.0000,vanish
794_701d4x0AN9E,41,4,29,1823,0.0000,vanish
794_701d4x0AN9E,41,4,49,1927,0.0000,vanish
794_701d4x0AN9E,42,3,15,890,0.0000,vanish
794_701d4x0AN9E,42,3,16,12275,0.0000,vanish
794_701d4x0AN9E,42,3,29,1254,0.0000,vanish
794_701d4x0AN9E,42,3,49,1264,0.0000,vanish
794_701d4x0AN9E,43,2,15,955,0.0000,vanish
794_701d4x0AN9E,43,2,16,14051,0.0000,vanish
794_701d4x0AN9E,43,5,29,1795,0.1777,shrink
794_701d4x0AN9E,43,2,29,1289,0.0000,vanish
794_701d4x0AN9E,43,2,49,1183,0.0000,vanish
794_701d4x0AN9E,44,1,15,548,0.0000,vanish
794_701d4x0AN9E,44,1,16,10239,0.0000,vanish
794_701d4x0AN9E,44,2,23,695,0.0000,vanish
794_701d4x0AN9E,44,3,23,376,0.0000,vanish
794_701d4x0AN9E,44,5,29,1633,0.1831,shrink
794_701d4x0AN9E,44,1,29,689,0.0000,vanish
794_701d4x0AN9E,44,1,49,535,0.0000,vanish
794_701d4x0AN9E,45,5,13,5291,0.1614,shrink
794_701d4x0AN9E,45,1,23,345,0.0000,vanish
794_701d4x0AN9E,45,1,23,776,0.0000,vanish
794_701d4x0AN9E,45,2,23,360,0.0000,vanish
794_701d4x0AN9E,45,4,29,1355,0.2207,shrink
794_701d4x0AN9E,46,5,13,7185,0.1271,shrink
794_701d4x0AN9E,46,3,16,819,0.0024,vanish
794_701d4x0AN9E,46,4,16,335,0.0000,vanish
794_701d4x0AN9E,46,5,23,7083,0.2111,shrink
794_701d4x0AN9E,46,5,29,1078,0.1484,shrink
794_701d4x0AN9E,47,5,13,7076,0.0957,vanish
794_701d4x0AN9E,47,5,16,2163,0.0000,vanish
794_701d4x0AN9E,47,5,16,534,0.0000,vanish
794_701d4x0AN9E,47,5,23,5448,0.1191,shrink
794_701d4x0AN9E,47,4,29,654,0.2446,shrink
794_701d4x0AN9E,48,5,13,7280,0.0992,vanish
794_701d4x0AN9E,48,4,16,2263,0.0000,vanish
794_701d4x0AN9E,48,5,23,3545,0.0000,vanish
794_701d4x0AN9E,49,5,13,7365,0.0481,vanish
794_701d4x0AN9E,49,3,16,2307,0.0000,vanish
794_701d4x0AN9E,49,4,23,3578,0.0000,vanish
794_701d4x0AN9E,49,5,29,1675,0.1104,shrink
794_701d4x0AN9E,50,4,13,6956,0.0880,vanish
794_701d4x0AN9E,50,2,16,1884,0.0000,vanish
794_701d4x0AN9E,50,3,23,2860,0.0000,vanish
794_701d4x0AN9E,50,4,29,314,0.2197,shrink
794_701d4x0AN9E,50,4,29,1412,0.1310,shrink
794_701d4x0AN9E,51,5,13,7431,0.2257,shrink
794_701d4x0AN9E,51,5,13,7081,0.0301,vanish
794_701d4x0AN9E,51,1,16,992,0.0000,vanish
794_701d4x0AN9E,51,2,23,1495,0.0000,vanish
794_701d4x0AN9E,51,5,29,1012,0.0000,vanish
794_701d4x0AN9E,51,5,53,3944,0.2406,shrink
794_701d4x0AN9E,52,5,13,7292,0.1600,shrink
794_701d4x0AN9E,52,5,23,21872,0.2141,shrink
794_701d4x0AN9E,52,1,23,649,0.0000,vanish
794_701d4x0AN9E,52,4,29,731,0.0000,vanish
794_701d4x0AN9E,52,5,53,4363,0.2313,shrink
794_701d4x0AN9E,52,5,53,2843,0.0067,vanish
794_701d4x0AN9E,53,5,13,7528,0.1040,shrink
794_701d4x0AN9E,53,5,13,6901,0.0000,vanish
794_701d4x0AN9E,53,3,23,4460,0.0000,vanish
794_701d4x0AN9E,53,5,23,13611,0.2165,shrink
794_701d4x0AN9E,53,3,29,485,0.0000,vanish
794_701d4x0AN9E,53,5,53,2492,0.2203,shrink
794_701d4x0AN9E,53,5,53,2562,0.0000,vanish
794_701d4x0AN9E,53,5,53,1193,0.0000,vanish
794_701d4x0AN9E,54,5,13,7568,0.0550,vanish
794_701d4x0AN9E,54,4,13,6688,0.0000,vanish
794_701d4x0AN9E,54,2,15,900,0.0000,vanish
794_701d4x0AN9E,54,2,23,2172,0.0000,vanish
794_701d4x0AN9E,54,5,23,11610,0.1665,shrink
794_701d4x0AN9E,54,5,53,2470,0.0000,vanish
794_701d4x0AN9E,54,5,53,2088,0.0000,vanish
794_701d4x0AN9E,55,5,13,7633,0.0321,vanish
794_701d4x0AN9E,55,3,13,6742,0.0000,vanish
794_701d4x0AN9E,55,1,15,818,0.0000,vanish
794_701d4x0AN9E,55,1,23,2373,0.0000,vanish
794_701d4x0AN9E,55,5,23,11602,0.1085,shrink
794_701d4x0AN9E,55,1,29,358,0.0000,vanish
794_701d4x0AN9E,55,4,53,2469,0.0000,vanish
794_701d4x0AN9E,55,4,53,2099,0.0000,vanish
794_701d4x0AN9E,56,4,13,7454,0.0770,vanish
794_701d4x0AN9E,56,3,13,6615,0.0000,vanish
794_701d4x0AN9E,56,4,23,7898,0.1274,shrink
794_701d4x0AN9E,56,3,53,2096,0.0000,vanish
794_701d4x0AN9E,56,3,53,1674,0.0000,vanish
794_701d4x0AN9E,57,3,13,7947,0.1513,shrink
794_701d4x0AN9E,57,3,23,4683,0.2347,shrink
794_701d4x0AN9E,57,2,53,1121,0.0000,vanish
794_701d4x0AN9E,58,2,13,6944,0.0000,vanish
794_701d4x0AN9E,58,1,53,1070,0.0000,vanish
794_701d4x0AN9E,58,1,53,602,0.0000,vanish
794_701d4x0AN9E,59,1,13,5108,0.0000,vanish
926_5QB2Z8AypBA,0,5,16,10110,0.0855,vanish
926_5QB2Z8AypBA,0,5,20,6051,0.1517,shrink
926_5QB2Z8AypBA,0,4,23,6332,0.0000,vanish
926_5QB2Z8AypBA,0,3,67,1437,0.0000,vanish
926_5QB2Z8AypBA,1,5,16,6596,0.0656,vanish
926_5QB2Z8AypBA,1,3,23,4248,0.0000,vanish
926_5QB2Z8AypBA,1,3,67,1125,0.0000,vanish
926_5QB2Z8AypBA,2,5,16,3396,0.0000,vanish
926_5QB2Z8AypBA,2,5,20,5982,0.0226,vanish
926_5QB2Z8AypBA,2,2,23,2484,0.0000,vanish
926_5QB2Z8AypBA,3,4,16,2832,0.0000,vanish
926_5QB2Z8AypBA,3,5,19,6928,0.1568,shrink
926_5QB2Z8AypBA,3,5,20,5630,0.0504,vanish
926_5QB2Z8AypBA,3,1,23,1114,0.0000,vanish
926_5QB2Z8AypBA,4,3,16,2030,0.0000,vanish
926_5QB2Z8AypBA,4,5,19,5813,0.1579,shrink
926_5QB2Z8AypBA,5,2,13,2731,0.0000,vanish
926_5QB2Z8AypBA,5,2,16,1058,0.0000,vanish
926_5QB2Z8AypBA,5,5,19,4017,0.1899,shrink
926_5QB2Z8AypBA,6,1,13,1139,0.0000,vanish
926_5QB2Z8AypBA,6,1,16,640,0.0000,vanish
926_5QB2Z8AypBA,6,5,19,3266,0.0824,vanish
926_5QB2Z8AypBA,7,4,19,2379,0.0000,vanish
926_5QB2Z8AypBA,8,4,19,2174,0.0000,vanish
926_5QB2Z8AypBA,8,5,49,21203,0.2491,shrink
926_5QB2Z8AypBA,8,5,67,22385,0.2246,shrink
926_5QB2Z8AypBA,9,5,19,2336,0.0017,vanish
926_5QB2Z8AypBA,9,5,49,18968,0.1017,shrink
926_5QB2Z8AypBA,9,5,67,22153,0.1932,shrink
926_5QB2Z8AypBA,10,5,19,2958,0.0443,vanish
926_5QB2Z8AypBA,10,5,49,16590,0.0000,vanish
926_5QB2Z8AypBA,10,5,67,21968,0.1582,shrink
926_5QB2Z8AypBA,11,5,19,3820,0.0673,vanish
926_5QB2Z8AypBA,11,5,20,302,0.0000,vanish
926_5QB2Z8AypBA,11,4,49,13524,0.0000,vanish
926_5QB2Z8AypBA,11,5,67,21888,0.1726,shrink
926_5QB2Z8AypBA,12,5,19,4733,0.1927,shrink
926_5QB2Z8AypBA,12,5,20,689,0.0000,vanish
926_5QB2Z8AypBA,12,3,49,9987,0.0000,vanish
926_5QB2Z8AypBA,12,5,67,21575,0.2170,shrink
926_5QB2Z8AypBA,13,2,49,6485,0.0000,vanish
926_5QB2Z8AypBA,14,1,49,2701,0.0000,vanish
926_5QB2Z8AypBA,14,4,67,944,0.0000,vanish
926_5QB2Z8AypBA,15,5,19,3290,0.0660,vanish
926_5QB2Z8AypBA,15,5,67,2115,0.0142,vanish
926_5QB2Z8AypBA,16,5,19,4763,0.0000,vanish
926_5QB2Z8AypBA,16,3,19,2103,0.0000,vanish
926_5QB2Z8AypBA,17,3,19,4456,0.0000,vanish
926_5QB2Z8AypBA,17,4,19,4298,0.0000,vanish
926_5QB2Z8AypBA,18,2,19,5524,0.0000,vanish
926_5QB2Z8AypBA,18,3,19,4258,0.0000,vanish
926_5QB2Z8AypBA,19,1,19,3016,0.0000,vanish
926_5QB2Z8AypBA,19,2,19,4458,0.0904,vanish
926_5QB2Z8AypBA,19,4,19,1831,0.0000,vanish
926_5QB2Z8AypBA,20,5,19,20364,0.2380,shrink
926_5QB2Z8AypBA,20,2,19,3902,0.0000,vanish
926_5QB2Z8AypBA,20,3,19,1834,0.0000,vanish
926_5QB2Z8AypBA,20,5,20,13455,0.1792,shrink
926_5QB2Z8AypBA,21,5,16,6559,0.1918,shrink
926_5QB2Z8AypBA,21,5,19,18703,0.1187,shrink
926_5QB2Z8AypBA,21,2,19,3162,0.0000,vanish
926_5QB2Z8AypBA,21,2,19,1546,0.0000,vanish
926_5QB2Z8AypBA,21,5,20,11980,0.0250,vanish
926_5QB2Z8AypBA,22,5,16,5941,0.1619,shrink
926_5QB2Z8AypBA,22,4,19,16162,0.0485,vanish
926_5QB2Z8AypBA,22,3,19,1620,0.0000,vanish
926_5QB2Z8AypBA,22,2,19,1668,0.0000,vanish
926_5QB2Z8AypBA,22,1,19,1579,0.0000,vanish
926_5QB2Z8AypBA,22,5,20,10224,0.0036,vanish
926_5QB2Z8AypBA,23,5,16,5002,0.0332,vanish
926_5QB2Z8AypBA,23,3,19,13121,0.0013,vanish
926_5QB2Z8AypBA,23,3,19,2000,0.0000,vanish
926_5QB2Z8AypBA,23,2,19,1971,0.0000,vanish
926_5QB2Z8AypBA,23,5,20,7896,0.0000,vanish
926_5QB2Z8AypBA,24,5,16,3546,0.0000,vanish
926_5QB2Z8AypBA,24,3,19,8073,0.0000,vanish
926_5QB2Z8AypBA,24,4,19,2129,0.0000,vanish
926_5QB2Z8AypBA,24,2,19,1964,0.0000,vanish
926_5QB2Z8AypBA,24,4,20,5246,0.0000,vanish
926_5QB2Z8AypBA,25,4,16,2386,0.0000,vanish
926_5QB2Z8AypBA,25,2,19,3598,0.0000,vanish
926_5QB2Z8AypBA,25,4,19,2282,0.0000,vanish
926_5QB2Z8AypBA,25,5,19,2106,0.0000,vanish
926_5QB2Z8AypBA,25,3,20,2411,0.0000,vanish
926_5QB2Z8AypBA,26,3,16,1417,0.0000,vanish
926_5QB2Z8AypBA,26,4,19,2600,0.0000,vanish
926_5QB2Z8AypBA,26,5,19,2100,0.0000,vanish
926_5QB2Z8AypBA,27,2,16,1066,0.0000,vanish
926_5QB2Z8AypBA,27,3,19,2337,0.0000,vanish
926_5QB2Z8AypBA,27,5,19,1921,0.0000,vanish
926_5QB2Z8AypBA,28,3,19,2573,0.0000,vanish
926_5QB2Z8AypBA,28,5,19,1549,0.0026,vanish
926_5QB2Z8AypBA,29,4,19,2259,0.0000,vanish
926_5QB2Z8AypBA,30,4,19,2144,0.0000,vanish
926_5QB2Z8AypBA,30,5,19,1307,0.0176,vanish
926_5QB2Z8AypBA,31,3,19,1217,0.0000,vanish
926_5QB2Z8AypBA,31,5,19,1006,0.0000,vanish
926_5QB2Z8AypBA,32,4,19,824,0.0000,vanish
926_5QB2Z8AypBA,32,2,19,548,0.0000,vanish
926_5QB2Z8AypBA,35,5,19,6371,0.0000,vanish
926_5QB2Z8AypBA,36,4,19,14372,0.1483,shrink
926_5QB2Z8AypBA,37,3,19,17271,0.1995,shrink
926_5QB2Z8AypBA,37,3,19,505,0.0000,vanish
926_5QB2Z8AypBA,38,2,19,14435,0.0917,vanish
926_5QB2Z8AypBA,38,4,19,1221,0.0000,vanish
926_5QB2Z8AypBA,39,1,19,8310,0.0592,vanish
926_5QB2Z8AypBA,39,4,19,1756,0.0000,vanish
926_5QB2Z8AypBA,40,3,19,1993,0.0000,vanish
926_5QB2Z8AypBA,40,1,19,822,0.0000,vanish
926_5QB2Z8AypBA,41,5,19,2895,0.0000,vanish
926_5QB2Z8AypBA,42,5,19,3756,0.0008,vanish
926_5QB2Z8AypBA,42,5,19,2983,0.2424,shrink
926_5QB2Z8AypBA,43,4,19,4120,0.0010,vanish
926_5QB2Z8AypBA,43,5,19,2863,0.2361,shrink
926_5QB2Z8AypBA,44,4,19,4365,0.0000,vanish
926_5QB2Z8AypBA,45,3,19,4451,0.0000,vanish
926_5QB2Z8AypBA,45,5,19,2075,0.0930,vanish
926_5QB2Z8AypBA,46,3,19,5150,0.0000,vanish
926_5QB2Z8AypBA,46,5,19,1274,0.0000,vanish
926_5QB2Z8AypBA,47,3,19,5081,0.0000,vanish
926_5QB2Z8AypBA,47,3,19,723,0.0000,vanish
926_5QB2Z8AypBA,47,5,67,2453,0.0000,vanish
926_5QB2Z8AypBA,48,3,19,5215,0.0002,vanish
926_5QB2Z8AypBA,48,2,19,676,0.0000,vanish
926_5QB2Z8AypBA,48,4,67,2325,0.0000,vanish
926_5QB2Z8AypBA,49,3,19,5220,0.0000,vanish
926_5QB2Z8AypBA,49,3,19,958,0.0000,vanish
926_5QB2Z8AypBA,49,3,67,1717,0.0000,vanish
926_5QB2Z8AypBA,50,3,19,5196,0.0000,vanish
926_5QB2Z8AypBA,50,3,19,994,0.1127,shrink
926_5QB2Z8AypBA,50,2,67,1269,0.0000,vanish
926_5QB2Z8AypBA,51,4,19,4779,0.0268,vanish
926_5QB2Z8AypBA,51,5,19,1567,0.0881,vanish
926_5QB2Z8AypBA,51,1,67,831,0.0000,vanish
926_5QB2Z8AypBA,52,3,19,4089,0.2052,shrink
926_5QB2Z8AypBA,54,5,19,2604,0.0058,vanish
926_5QB2Z8AypBA,54,3,19,2208,0.0000,vanish
926_5QB2Z8AypBA,55,2,19,1952,0.0000,vanish
926_5QB2Z8AypBA,60,5,19,5161,0.0043,vanish
926_5QB2Z8AypBA,61,5,19,4665,0.0000,vanish
926_5QB2Z8AypBA,62,5,19,4584,0.0000,vanish
926_5QB2Z8AypBA,63,5,19,4902,0.0000,vanish
926_5QB2Z8AypBA,64,5,19,5423,0.0089,vanish
926_5QB2Z8AypBA,65,5,19,6188,0.0241,vanish
926_5QB2Z8AypBA,66,5,19,6359,0.0464,vanish
926_5QB2Z8AypBA,67,5,19,6348,0.1000,shrink
926_5QB2Z8AypBA,68,5,19,6419,0.1712,shrink
926_5QB2Z8AypBA,73,5,19,6133,0.1606,shrink
926_5QB2Z8AypBA,74,5,19,6035,0.0237,vanish
926_5QB2Z8AypBA,75,5,19,6079,0.0150,vanish
926_5QB2Z8AypBA,75,5,67,3389,0.2122,shrink
926_5QB2Z8AypBA,76,5,19,5556,0.0000,vanish
926_5QB2Z8AypBA,76,5,67,2747,0.1230,shrink
926_5QB2Z8AypBA,77,5,19,5282,0.0000,vanish
926_5QB2Z8AypBA,77,5,67,1916,0.0000,vanish
926_5QB2Z8AypBA,78,5,19,5100,0.0000,vanish
926_5QB2Z8AypBA,78,4,67,1430,0.0000,vanish
926_5QB2Z8AypBA,79,5,19,4880,0.0000,vanish
926_5QB2Z8AypBA,79,3,67,1176,0.0000,vanish
926_5QB2Z8AypBA,80,4,19,4969,0.0000,vanish
926_5QB2Z8AypBA,80,2,67,719,0.0000,vanish
926_5QB2Z8AypBA,81,4,19,4546,0.0000,vanish
926_5QB2Z8AypBA,81,1,67,338,0.0000,vanish
926_5QB2Z8AypBA,82,4,19,4255,0.0000,vanish
926_5QB2Z8AypBA,92,1,19,12121,0.1385,shrink
926_5QB2Z8AypBA,93,1,19,831,0.0000,vanish
926_5QB2Z8AypBA,93,5,49,1835,0.1929,shrink
926_5QB2Z8AypBA,94,5,49,2057,0.1804,shrink
926_5QB2Z8AypBA,98,4,19,687,0.0000,vanish
926_5QB2Z8AypBA,99,3,19,2105,0.0000,vanish
926_5QB2Z8AypBA,100,2,19,1975,0.0000,vanish
926_5QB2Z8AypBA,101,2,19,1358,0.0000,vanish
926_5QB2Z8AypBA,106,5,19,2892,0.1255,shrink
926_5QB2Z8AypBA,107,5,19,4164,0.0000,vanish
926_5QB2Z8AypBA,108,4,19,4478,0.0000,vanish
926_5QB2Z8AypBA,109,3,19,3645,0.0000,vanish
926_5QB2Z8AypBA,110,2,19,2234,0.0000,vanish
926_5QB2Z8AypBA,111,1,19,691,0.0000,vanish
1211_saJ2Brc6Qvc,25,5,12,5197,0.2113,shrink
1211_saJ2Brc6Qvc,26,5,12,5098,0.1481,shrink
1211_saJ2Brc6Qvc,27,5,12,5017,0.0915,vanish
1211_saJ2Brc6Qvc,28,5,12,4659,0.0000,vanish
1211_saJ2Brc6Qvc,29,5,12,4536,0.0000,vanish
1211_saJ2Brc6Qvc,30,5,1,6682,0.1776,shrink
1211_saJ2Brc6Qvc,30,5,12,4538,0.0000,vanish
1211_saJ2Brc6Qvc,31,5,1,5495,0.1763,shrink
1211_saJ2Brc6Qvc,31,4,12,4216,0.0000,vanish
1211_saJ2Brc6Qvc,31,1,100,331,0.0000,vanish
1211_saJ2Brc6Qvc,32,5,1,5235,0.2076,shrink
1211_saJ2Brc6Qvc,32,4,12,4007,0.0000,vanish
1211_saJ2Brc6Qvc,33,5,12,3536,0.0000,vanish
1211_saJ2Brc6Qvc,34,5,12,3334,0.0819,vanish
1211_saJ2Brc6Qvc,37,5,12,2765,0.2188,shrink
1211_saJ2Brc6Qvc,38,5,12,2671,0.0412,vanish
1211_saJ2Brc6Qvc,39,5,1,3232,0.2392,shrink
1211_saJ2Brc6Qvc,39,5,12,2705,0.0000,vanish
1211_saJ2Brc6Qvc,39,5,61,29249,0.2183,shrink
1211_saJ2Brc6Qvc,40,5,1,3007,0.1354,shrink
1211_saJ2Brc6Qvc,40,5,12,2461,0.0000,vanish
1211_saJ2Brc6Qvc,40,5,61,23569,0.0000,vanish
1211_saJ2Brc6Qvc,41,5,1,2752,0.0400,vanish
1211_saJ2Brc6Qvc,41,4,12,2378,0.0000,vanish
1211_saJ2Brc6Qvc,41,4,61,17852,0.0000,vanish
1211_saJ2Brc6Qvc,42,5,1,2689,0.0409,vanish
1211_saJ2Brc6Qvc,42,4,12,2323,0.0000,vanish
1211_saJ2Brc6Qvc,42,3,61,14961,0.0000,vanish
1211_saJ2Brc6Qvc,43,5,1,2597,0.0474,vanish
1211_saJ2Brc6Qvc,43,4,12,2146,0.0000,vanish
1211_saJ2Brc6Qvc,43,2,61,9389,0.0000,vanish
1211_saJ2Brc6Qvc,44,5,1,2666,0.0544,vanish
1211_saJ2Brc6Qvc,44,4,12,2024,0.0000,vanish
1211_saJ2Brc6Qvc,44,1,61,6385,0.0000,vanish
1211_saJ2Brc6Qvc,45,5,1,3185,0.2028,shrink
1211_saJ2Brc6Qvc,45,4,12,1655,0.0000,vanish
1211_saJ2Brc6Qvc,46,5,12,1672,0.1184,shrink
1215_H8r8vRTIf7Y,5,1,40,3371,0.0000,vanish
1215_H8r8vRTIf7Y,27,1,40,315,0.0000,vanish
1215_H8r8vRTIf7Y,29,1,40,6080,0.0000,vanish
1215_H8r8vRTIf7Y,33,3,40,1682,0.0000,vanish
1223_xD8VN2r_h2s,0,5,1,4338,0.0184,vanish
1223_xD8VN2r_h2s,0,3,1,1558,0.0000,vanish
1223_xD8VN2r_h2s,1,5,1,3820,0.0000,vanish
1223_xD8VN2r_h2s,1,2,1,855,0.0000,vanish
1223_xD8VN2r_h2s,2,4,1,3312,0.0000,vanish
1223_xD8VN2r_h2s,3,4,1,3460,0.0000,vanish
1223_xD8VN2r_h2s,4,3,1,3760,0.0000,vanish
1223_xD8VN2r_h2s,5,3,1,3896,0.0000,vanish
1223_xD8VN2r_h2s,5,5,61,76202,0.2327,shrink
1223_xD8VN2r_h2s,6,5,1,4179,0.0000,vanish
1223_xD8VN2r_h2s,7,5,1,5598,0.0213,vanish
1223_xD8VN2r_h2s,7,3,1,9117,0.0000,vanish
1223_xD8VN2r_h2s,8,2,1,7735,0.0000,vanish
1223_xD8VN2r_h2s,8,5,61,36099,0.1604,shrink
1223_xD8VN2r_h2s,9,1,1,4904,0.0000,vanish
1223_xD8VN2r_h2s,9,1,1,2398,0.0000,vanish
1223_xD8VN2r_h2s,9,5,61,27840,0.0242,vanish
1223_xD8VN2r_h2s,10,5,1,51146,0.1987,shrink
1223_xD8VN2r_h2s,10,1,1,704,0.0000,vanish
1223_xD8VN2r_h2s,10,5,61,17731,0.0000,vanish
1223_xD8VN2r_h2s,11,5,1,47754,0.1580,shrink
1223_xD8VN2r_h2s,11,4,61,16021,0.0000,vanish
1223_xD8VN2r_h2s,12,5,1,40184,0.1148,shrink
1223_xD8VN2r_h2s,12,3,61,12764,0.0000,vanish
1223_xD8VN2r_h2s,13,5,1,28082,0.0219,vanish
1223_xD8VN2r_h2s,13,2,61,6106,0.0000,vanish
1223_xD8VN2r_h2s,14,4,1,21727,0.0284,vanish
1223_xD8VN2r_h2s,14,1,61,652,0.0000,vanish
1223_xD8VN2r_h2s,15,5,1,10161,0.0348,vanish
1223_xD8VN2r_h2s,16,5,1,7546,0.0103,vanish
1223_xD8VN2r_h2s,17,5,1,4612,0.0000,vanish
1223_xD8VN2r_h2s,18,4,1,616,0.0000,vanish
1223_xD8VN2r_h2s,19,3,1,1010,0.0000,vanish
1223_xD8VN2r_h2s,23,5,1,6669,0.1174,shrink
1223_xD8VN2r_h2s,24,4,1,6689,0.0000,vanish
1223_xD8VN2r_h2s,25,3,1,6456,0.0000,vanish
1223_xD8VN2r_h2s,26,3,1,6200,0.0000,vanish
1223_xD8VN2r_h2s,26,5,61,131275,0.2416,shrink
1223_xD8VN2r_h2s,27,2,1,6371,0.0000,vanish
1223_xD8VN2r_h2s,27,5,61,129232,0.1352,shrink
1223_xD8VN2r_h2s,28,3,1,6385,0.0000,vanish
1223_xD8VN2r_h2s,28,5,61,121797,0.1865,shrink
1223_xD8VN2r_h2s,29,2,1,6108,0.0000,vanish
1223_xD8VN2r_h2s,29,5,61,116141,0.1965,shrink
1223_xD8VN2r_h2s,30,2,1,6412,0.0000,vanish
1223_xD8VN2r_h2s,30,5,61,110045,0.1460,shrink
1223_xD8VN2r_h2s,31,3,1,5450,0.0000,vanish
1223_xD8VN2r_h2s,31,5,61,106133,0.2483,shrink
1223_xD8VN2r_h2s,32,2,1,4964,0.0000,vanish
1223_xD8VN2r_h2s,32,5,1,18509,0.2348,shrink
1223_xD8VN2r_h2s,33,2,1,4705,0.0000,vanish
1223_xD8VN2r_h2s,34,2,1,4701,0.0000,vanish
1223_xD8VN2r_h2s,34,3,1,696,0.0000,vanish
1223_xD8VN2r_h2s,34,3,1,12977,0.1325,shrink
1223_xD8VN2r_h2s,35,2,1,5801,0.0000,vanish
1223_xD8VN2r_h2s,35,4,1,4937,0.0000,vanish
1223_xD8VN2r_h2s,35,3,1,9615,0.0669,vanish
1223_xD8VN2r_h2s,36,1,1,4136,0.0000,vanish
1223_xD8VN2r_h2s,36,3,1,6925,0.0000,vanish
1223_xD8VN2r_h2s,36,2,1,6530,0.0000,vanish
1223_xD8VN2r_h2s,37,1,1,1408,0.0000,vanish
1223_xD8VN2r_h2s,40,3,0,386,0.0000,vanish
1223_xD8VN2r_h2s,40,5,1,77464,0.2322,shrink
1223_xD8VN2r_h2s,41,2,0,863,0.0000,vanish
1223_xD8VN2r_h2s,42,1,0,564,0.0000,vanish
1223_xD8VN2r_h2s,51,3,1,1868,0.0000,vanish
1223_xD8VN2r_h2s,52,2,1,1444,0.0000,vanish
1223_xD8VN2r_h2s,54,5,1,13459,0.0594,vanish
1223_xD8VN2r_h2s,54,1,1,749,0.1562,shrink
1223_xD8VN2r_h2s,55,5,1,1468,0.2037,shrink
1223_xD8VN2r_h2s,55,5,121,23738,0.1368,shrink
1223_xD8VN2r_h2s,56,5,1,4681,0.1538,shrink
1223_xD8VN2r_h2s,56,5,1,12321,0.0000,vanish
1223_xD8VN2r_h2s,56,1,61,989,0.0000,vanish
1223_xD8VN2r_h2s,56,5,121,20389,0.0000,vanish
1223_xD8VN2r_h2s,57,4,1,9016,0.0000,vanish
1223_xD8VN2r_h2s,57,4,121,15389,0.0000,vanish
1223_xD8VN2r_h2s,58,5,1,9596,0.2323,shrink
1223_xD8VN2r_h2s,58,3,1,9174,0.0000,vanish
1223_xD8VN2r_h2s,58,3,121,13344,0.0000,vanish
1223_xD8VN2r_h2s,59,5,1,16432,0.1696,shrink
1223_xD8VN2r_h2s,59,2,1,4588,0.0000,vanish
1223_xD8VN2r_h2s,59,5,1,25312,0.0838,vanish
1223_xD8VN2r_h2s,59,2,121,10661,0.0000,vanish
1223_xD8VN2r_h2s,59,2,121,13909,0.0109,vanish
1223_xD8VN2r_h2s,60,1,1,1500,0.0000,vanish
1223_xD8VN2r_h2s,60,5,1,27424,0.1690,shrink
1223_xD8VN2r_h2s,60,1,121,1281,0.0000,vanish
1223_xD8VN2r_h2s,60,1,121,1966,0.0000,vanish
1223_xD8VN2r_h2s,60,1,121,2166,0.0000,vanish
1223_xD8VN2r_h2s,61,5,1,22405,0.0985,vanish
1223_xD8VN2r_h2s,61,5,121,36362,0.2296,shrink
1223_xD8VN2r_h2s,62,5,1,29477,0.2369,shrink
1223_xD8VN2r_h2s,62,5,1,19473,0.0000,vanish
1223_xD8VN2r_h2s,62,4,121,28199,0.1061,shrink
1223_xD8VN2r_h2s,62,1,121,1744,0.1101,shrink
1223_xD8VN2r_h2s,63,4,1,11998,0.0000,vanish
1223_xD8VN2r_h2s,63,5,121,21712,0.0190,vanish
1223_xD8VN2r_h2s,64,3,1,7698,0.0000,vanish
1223_xD8VN2r_h2s,64,5,121,16281,0.0002,vanish
1223_xD8VN2r_h2s,65,2,1,5510,0.0000,vanish
1223_xD8VN2r_h2s,65,5,121,15193,0.0000,vanish
1223_xD8VN2r_h2s,66,1,1,2207,0.0000,vanish
1223_xD8VN2r_h2s,66,4,121,12573,0.0000,vanish
1223_xD8VN2r_h2s,67,4,121,8959,0.0000,vanish
1223_xD8VN2r_h2s,68,3,121,7246,0.0000,vanish
1223_xD8VN2r_h2s,69,2,121,4730,0.0000,vanish
1223_xD8VN2r_h2s,70,1,121,729,0.0000,vanish
1243_XVA1jN0wbks,3,5,91,736,0.0000,vanish
1243_XVA1jN0wbks,4,5,91,582,0.0000,vanish
1243_XVA1jN0wbks,4,5,91,2902,0.1778,shrink
1243_XVA1jN0wbks,5,4,91,450,0.0000,vanish
1243_XVA1jN0wbks,5,5,91,779,0.1733,shrink
1243_XVA1jN0wbks,5,5,91,1308,0.0000,vanish
1243_XVA1jN0wbks,6,3,91,387,0.0000,vanish
1243_XVA1jN0wbks,6,5,91,702,0.0912,vanish
1243_XVA1jN0wbks,6,4,91,1085,0.0000,vanish
1243_XVA1jN0wbks,7,5,91,526,0.0000,vanish
1243_XVA1jN0wbks,7,3,91,714,0.0000,vanish
1243_XVA1jN0wbks,8,4,91,451,0.0000,vanish
1243_XVA1jN0wbks,8,2,91,534,0.0000,vanish
1243_XVA1jN0wbks,18,5,15,1819,0.0467,vanish
1243_XVA1jN0wbks,19,5,15,855,0.0000,vanish
1243_XVA1jN0wbks,20,4,15,729,0.0000,vanish
1243_XVA1jN0wbks,21,3,15,483,0.0000,vanish
1243_XVA1jN0wbks,50,5,45,4863,0.2375,shrink
1243_XVA1jN0wbks,52,5,45,3841,0.1093,shrink
1243_XVA1jN0wbks,53,5,45,3414,0.0533,vanish
1243_XVA1jN0wbks,54,5,45,1651,0.0000,vanish
1243_XVA1jN0wbks,55,4,45,793,0.0000,vanish
1243_XVA1jN0wbks,56,3,45,941,0.0000,vanish
1243_XVA1jN0wbks,57,2,45,410,0.0000,vanish
1272_kDLzAZhFEVY,35,1,16,592,0.0000,vanish
1272_kDLzAZhFEVY,39,2,16,10536,0.0269,vanish
1272_kDLzAZhFEVY,40,4,16,15783,0.0320,vanish
1272_kDLzAZhFEVY,41,4,16,21276,0.0821,vanish
1272_kDLzAZhFEVY,42,4,16,25678,0.2468,shrink
1272_kDLzAZhFEVY,46,5,67,2346,0.0524,vanish
1272_kDLzAZhFEVY,46,5,67,1155,0.0061,vanish
1272_kDLzAZhFEVY,47,5,16,10113,0.0000,vanish
1272_kDLzAZhFEVY,47,4,67,2758,0.0482,vanish
1272_kDLzAZhFEVY,47,5,67,1453,0.0034,vanish
1272_kDLzAZhFEVY,48,4,16,16579,0.0115,vanish
1272_kDLzAZhFEVY,49,3,16,22127,0.0911,vanish
1272_kDLzAZhFEVY,50,3,16,27984,0.2099,shrink
1272_kDLzAZhFEVY,50,1,67,6651,0.0502,vanish
1272_kDLzAZhFEVY,55,4,16,13569,0.0845,vanish
1272_kDLzAZhFEVY,56,4,16,18625,0.1938,shrink
1272_kDLzAZhFEVY,57,3,16,23863,0.1941,shrink
1319_jvFGffS7y_w,45,3,93,547,0.1298,shrink
1330_WjOJ6iOEkAU,0,5,1,72180,0.1735,shrink
1330_WjOJ6iOEkAU,0,5,97,25704,0.1271,shrink
1330_WjOJ6iOEkAU,1,5,1,51074,0.1607,shrink
1330_WjOJ6iOEkAU,1,5,97,21461,0.0000,vanish
1330_WjOJ6iOEkAU,2,5,1,36067,0.1060,shrink
1330_WjOJ6iOEkAU,2,4,97,16151,0.0000,vanish
1330_WjOJ6iOEkAU,3,5,1,26345,0.0000,vanish
1330_WjOJ6iOEkAU,3,3,97,11403,0.0000,vanish
1330_WjOJ6iOEkAU,4,5,1,18297,0.0000,vanish
1330_WjOJ6iOEkAU,4,2,97,6897,0.0000,vanish
1330_WjOJ6iOEkAU,5,4,1,12523,0.0000,vanish
1330_WjOJ6iOEkAU,5,1,97,3266,0.0000,vanish
1330_WjOJ6iOEkAU,6,3,1,8207,0.0000,vanish
1330_WjOJ6iOEkAU,7,2,1,3824,0.0000,vanish
1330_WjOJ6iOEkAU,7,2,105,360,0.0000,vanish
972_DWyYNsbN41w,0,5,46,6500,0.0000,vanish
972_DWyYNsbN41w,0,2,107,13470,0.0000,vanish
972_DWyYNsbN41w,0,5,111,10718,0.1943,shrink
972_DWyYNsbN41w,1,3,14,444,0.0000,vanish
972_DWyYNsbN41w,1,5,46,18048,0.0000,vanish
972_DWyYNsbN41w,1,1,107,434,0.0000,vanish
972_DWyYNsbN41w,1,5,111,10238,0.1450,shrink
972_DWyYNsbN41w,2,4,14,1885,0.0000,vanish
972_DWyYNsbN41w,2,5,46,28258,0.0000,vanish
972_DWyYNsbN41w,2,5,90,47273,0.1119,shrink
972_DWyYNsbN41w,2,4,93,870,0.0000,vanish
972_DWyYNsbN41w,2,5,111,8669,0.0561,vanish
972_DWyYNsbN41w,3,4,14,4754,0.0000,vanish
972_DWyYNsbN41w,3,5,46,32458,0.0000,vanish
972_DWyYNsbN41w,3,5,90,42567,0.0744,vanish
972_DWyYNsbN41w,3,5,93,7279,0.0326,vanish
972_DWyYNsbN41w,3,4,109,19883,0.0000,vanish
972_DWyYNsbN41w,3,5,111,6854,0.0000,vanish
972_DWyYNsbN41w,4,4,14,5837,0.0000,vanish
972_DWyYNsbN41w,4,5,46,34218,0.0000,vanish
972_DWyYNsbN41w,4,5,90,38734,0.0591,vanish
972_DWyYNsbN41w,4,5,93,16750,0.0452,vanish
972_DWyYNsbN41w,4,3,109,16448,0.0000,vanish
972_DWyYNsbN41w,4,4,111,4824,0.0000,vanish
972_DWyYNsbN41w,5,5,46,34990,0.0000,vanish
972_DWyYNsbN41w,5,4,90,35476,0.0823,vanish
972_DWyYNsbN41w,5,5,93,27936,0.1549,shrink
972_DWyYNsbN41w,5,2,109,10784,0.0000,vanish
972_DWyYNsbN41w,5,3,111,2766,0.0000,vanish
972_DWyYNsbN41w,6,5,46,35342,0.0000,vanish
972_DWyYNsbN41w,6,5,90,32007,0.0922,vanish
972_DWyYNsbN41w,6,5,93,39821,0.1782,shrink
972_DWyYNsbN41w,6,1,109,5504,0.0000,vanish
972_DWyYNsbN41w,6,2,111,1526,0.0000,vanish
972_DWyYNsbN41w,7,4,0,18985,0.0000,vanish
972_DWyYNsbN41w,7,5,46,35695,0.0000,vanish
972_DWyYNsbN41w,7,2,90,5828,0.0000,vanish
972_DWyYNsbN41w,7,1,90,1743,0.0000,vanish
972_DWyYNsbN41w,7,5,90,309,0.0000,vanish
972_DWyYNsbN41w,7,5,93,50709,0.2249,shrink
972_DWyYNsbN41w,7,1,111,489,0.0000,vanish
972_DWyYNsbN41w,8,3,0,17563,0.0000,vanish
972_DWyYNsbN41w,8,5,46,35458,0.0000,vanish
972_DWyYNsbN41w,8,4,90,670,0.0000,vanish
972_DWyYNsbN41w,8,2,90,4194,0.0000,vanish
972_DWyYNsbN41w,9,2,0,12497,0.0000,vanish
972_DWyYNsbN41w,9,5,46,35260,0.0000,vanish
972_DWyYNsbN41w,9,5,82,23684,0.1621,shrink
972_DWyYNsbN41w,9,3,90,462,0.0000,vanish
972_DWyYNsbN41w,9,2,90,3338,0.0000,vanish
972_DWyYNsbN41w,10,1,0,4563,0.0000,vanish
972_DWyYNsbN41w,10,5,46,34973,0.0000,vanish
972_DWyYNsbN41w,10,5,82,31699,0.0921,vanish
972_DWyYNsbN41w,10,3,89,3355,0.0000,vanish
972_DWyYNsbN41w,10,2,90,5658,0.0000,vanish
972_DWyYNsbN41w,11,5,46,34531,0.0000,vanish
972_DWyYNsbN41w,11,5,82,40080,0.0656,vanish
972_DWyYNsbN41w,11,3,89,9472,0.0000,vanish
972_DWyYNsbN41w,11,2,90,6358,0.0000,vanish
972_DWyYNsbN41w,12,2,1,381,0.0000,vanish
972_DWyYNsbN41w,12,2,14,427,0.0000,vanish
972_DWyYNsbN41w,12,5,46,33876,0.0000,vanish
972_DWyYNsbN41w,12,5,82,44291,0.0587,vanish
972_DWyYNsbN41w,12,3,89,12396,0.0000,vanish
972_DWyYNsbN41w,12,3,89,6275,0.0000,vanish
972_DWyYNsbN41w,13,5,1,5320,0.0000,vanish
972_DWyYNsbN41w,13,1,1,10433,0.0000,vanish
972_DWyYNsbN41w,13,5,82,45493,0.0522,vanish
972_DWyYNsbN41w,13,5,100,43605,0.0000,vanish
972_DWyYNsbN41w,14,5,1,10729,0.0000,vanish
972_DWyYNsbN41w,14,1,76,2395,0.0000,vanish
972_DWyYNsbN41w,14,5,82,47007,0.0524,vanish
972_DWyYNsbN41w,14,5,100,38810,0.0000,vanish
972_DWyYNsbN41w,15,4,3,23821,0.0000,vanish
972_DWyYNsbN41w,15,5,82,47896,0.0834,vanish
972_DWyYNsbN41w,15,4,100,31517,0.0000,vanish
972_DWyYNsbN41w,16,5,1,17063,0.0000,vanish
972_DWyYNsbN41w,16,5,2,17260,0.1553,shrink
972_DWyYNsbN41w,16,3,3,23041,0.0000,vanish
972_DWyYNsbN41w,16,5,69,62896,0.2410,shrink
972_DWyYNsbN41w,16,5,82,47075,0.0751,vanish
972_DWyYNsbN41w,16,3,100,17957,0.0000,vanish
972_DWyYNsbN41w,17,5,2,17217,0.1375,shrink
972_DWyYNsbN41w,17,3,3,20419,0.0000,vanish
972_DWyYNsbN41w,17,2,100,7064,0.0000,vanish
972_DWyYNsbN41w,18,5,2,11330,0.0846,vanish
972_DWyYNsbN41w,18,2,3,12371,0.0000,vanish
972_DWyYNsbN41w,18,2,82,327,0.0000,vanish
972_DWyYNsbN41w,18,1,100,818,0.0000,vanish
972_DWyYNsbN41w,19,5,2,9289,0.0433,vanish
972_DWyYNsbN41w,19,1,3,3071,0.0000,vanish
972_DWyYNsbN41w,19,1,82,935,0.0000,vanish
972_DWyYNsbN41w,20,5,2,8430,0.0300,vanish
972_DWyYNsbN41w,20,5,76,18956,0.1097,shrink
972_DWyYNsbN41w,21,5,2,3684,0.0508,vanish
972_DWyYNsbN41w,21,5,9,20740,0.1463,shrink
972_DWyYNsbN41w,21,5,76,15140,0.1242,shrink
972_DWyYNsbN41w,22,5,2,2990,0.0000,vanish
972_DWyYNsbN41w,22,5,9,16118,0.0000,vanish
972_DWyYNsbN41w,22,2,9,3258,0.0000,vanish
972_DWyYNsbN41w,22,5,76,11331,0.1431,shrink
972_DWyYNsbN41w,23,4,2,1292,0.0000,vanish
972_DWyYNsbN41w,23,4,9,12859,0.0000,vanish
972_DWyYNsbN41w,23,2,9,3857,0.0000,vanish
972_DWyYNsbN41w,23,5,76,6722,0.1470,shrink
972_DWyYNsbN41w,24,1,2,355,0.0000,vanish
972_DWyYNsbN41w,24,5,9,150565,0.2354,shrink
972_DWyYNsbN41w,24,3,9,9734,0.0000,vanish
972_DWyYNsbN41w,24,2,9,4971,0.0000,vanish
972_DWyYNsbN41w,24,5,76,4167,0.1586,shrink
972_DWyYNsbN41w,25,5,9,153434,0.2178,shrink
972_DWyYNsbN41w,25,2,9,6581,0.0000,vanish
972_DWyYNsbN41w,25,3,9,5664,0.0000,vanish
972_DWyYNsbN41w,25,5,76,3429,0.0000,vanish
972_DWyYNsbN41w,25,2,110,746,0.0000,vanish
972_DWyYNsbN41w,26,1,9,3197,0.0000,vanish
972_DWyYNsbN41w,26,2,9,5774,0.0000,vanish
972_DWyYNsbN41w,26,4,76,2680,0.0000,vanish
972_DWyYNsbN41w,27,3,9,5838,0.0000,vanish
972_DWyYNsbN41w,27,5,60,5931,0.0071,vanish
972_DWyYNsbN41w,27,3,76,1662,0.0000,vanish
972_DWyYNsbN41w,28,2,76,988,0.0000,vanish
972_DWyYNsbN41w,29,5,60,6170,0.0000,vanish
972_DWyYNsbN41w,29,1,76,661,0.0000,vanish
972_DWyYNsbN41w,30,1,14,332,0.0000,vanish
972_DWyYNsbN41w,30,4,60,5804,0.0000,vanish
972_DWyYNsbN41w,31,3,60,4165,0.0000,vanish
972_DWyYNsbN41w,32,2,60,2275,0.0000,vanish
972_DWyYNsbN41w,33,1,60,928,0.0000,vanish
972_DWyYNsbN41w,33,3,110,3078,0.0000,vanish
972_DWyYNsbN41w,34,5,0,2503,0.1634,shrink
972_DWyYNsbN41w,34,2,110,5001,0.0000,vanish
972_DWyYNsbN41w,35,1,110,2538,0.0000,vanish
1275_ARcg-EyKWrA,0,5,14,5563,0.0266,vanish
1275_ARcg-EyKWrA,0,4,14,1400,0.0000,vanish
1275_ARcg-EyKWrA,0,5,14,1436,0.1017,shrink
1275_ARcg-EyKWrA,1,5,14,5421,0.0000,vanish
1275_ARcg-EyKWrA,1,3,14,588,0.0000,vanish
1275_ARcg-EyKWrA,1,5,14,2514,0.1679,shrink
1275_ARcg-EyKWrA,2,4,14,4777,0.0000,vanish
1275_ARcg-EyKWrA,2,2,14,498,0.0000,vanish
1275_ARcg-EyKWrA,3,3,14,4435,0.0000,vanish
1275_ARcg-EyKWrA,3,5,14,1087,0.0000,vanish
1275_ARcg-EyKWrA,4,2,14,3982,0.0000,vanish
1275_ARcg-EyKWrA,4,4,14,874,0.0000,vanish
1275_ARcg-EyKWrA,5,1,14,3086,0.0000,vanish
1275_ARcg-EyKWrA,5,3,14,563,0.0000,vanish
1275_ARcg-EyKWrA,6,2,14,422,0.0000,vanish
1275_ARcg-EyKWrA,7,4,14,467,0.0000,vanish
1275_ARcg-EyKWrA,8,3,14,919,0.0000,vanish
1275_ARcg-EyKWrA,8,5,14,3589,0.2221,shrink
1275_ARcg-EyKWrA,9,2,14,982,0.0000,vanish
1275_ARcg-EyKWrA,9,5,14,2906,0.0616,vanish
1275_ARcg-EyKWrA,10,1,14,1571,0.0000,vanish
1275_ARcg-EyKWrA,10,5,14,2584,0.0000,vanish
1275_ARcg-EyKWrA,11,4,14,1838,0.0000,vanish
1275_ARcg-EyKWrA,12,3,14,1107,0.0000,vanish
1275_ARcg-EyKWrA,13,2,14,797,0.0000,vanish
1275_ARcg-EyKWrA,16,5,14,1600,0.1938,shrink
1275_ARcg-EyKWrA,17,5,14,1496,0.1471,shrink
1275_ARcg-EyKWrA,18,5,14,1288,0.1188,shrink
1275_ARcg-EyKWrA,18,5,93,10543,0.2232,shrink
1275_ARcg-EyKWrA,19,5,14,1202,0.1672,shrink
1275_ARcg-EyKWrA,19,5,93,8831,0.1602,shrink
1275_ARcg-EyKWrA,20,5,14,1097,0.2370,shrink
1275_ARcg-EyKWrA,20,5,93,6357,0.1260,shrink
1275_ARcg-EyKWrA,21,5,93,4406,0.1462,shrink
1275_ARcg-EyKWrA,22,5,93,3328,0.1142,shrink
1275_ARcg-EyKWrA,23,5,93,2353,0.0727,vanish
1275_ARcg-EyKWrA,24,5,93,1334,0.0000,vanish
1275_ARcg-EyKWrA,25,4,93,801,0.0000,vanish
1275_ARcg-EyKWrA,26,3,93,664,0.0000,vanish
1275_ARcg-EyKWrA,27,2,93,380,0.0000,vanish
1275_ARcg-EyKWrA,28,5,14,571,0.1979,shrink
1275_ARcg-EyKWrA,29,5,14,565,0.2460,shrink
1275_ARcg-EyKWrA,30,5,14,626,0.1853,shrink
1339_qypTXuRMGmU,0,2,8,51189,0.0000,vanish
1339_qypTXuRMGmU,0,2,13,46601,0.0000,vanish
1339_qypTXuRMGmU,0,2,13,11732,0.0000,vanish
1339_qypTXuRMGmU,0,1,13,5698,0.0000,vanish
1339_qypTXuRMGmU,0,1,13,31026,0.0000,vanish
1339_qypTXuRMGmU,0,5,16,13314,0.0711,vanish
1339_qypTXuRMGmU,0,4,16,51185,0.0038,vanish
1339_qypTXuRMGmU,0,3,20,13785,0.0000,vanish
1339_qypTXuRMGmU,0,1,20,535,0.0000,vanish
1339_qypTXuRMGmU,0,5,23,30613,0.0432,vanish
1339_qypTXuRMGmU,0,1,27,14788,0.0000,vanish
1339_qypTXuRMGmU,0,2,29,2127,0.0000,vanish
1339_qypTXuRMGmU,0,2,59,17543,0.0000,vanish
1339_qypTXuRMGmU,0,1,59,6632,0.0000,vanish
1339_qypTXuRMGmU,0,4,59,17564,0.0000,vanish
1339_qypTXuRMGmU,1,1,8,18567,0.0000,vanish
1339_qypTXuRMGmU,1,1,13,47786,0.0000,vanish
1339_qypTXuRMGmU,1,2,13,10911,0.0000,vanish
1339_qypTXuRMGmU,1,1,13,5483,0.0000,vanish
1339_qypTXuRMGmU,1,1,13,27113,0.0000,vanish
1339_qypTXuRMGmU,1,5,16,17341,0.0000,vanish
1339_qypTXuRMGmU,1,4,16,9452,0.0671,vanish
1339_qypTXuRMGmU,1,3,16,40986,0.0000,vanish
1339_qypTXuRMGmU,1,3,20,18360,0.0000,vanish
1339_qypTXuRMGmU,1,5,23,19801,0.0000,vanish
1339_qypTXuRMGmU,1,2,29,2574,0.0000,vanish
1339_qypTXuRMGmU,1,4,59,17274,0.0000,vanish
1339_qypTXuRMGmU,1,1,59,4136,0.0000,vanish
1339_qypTXuRMGmU,1,3,59,3441,0.0000,vanish
1339_qypTXuRMGmU,1,4,59,15524,0.0000,vanish
1339_qypTXuRMGmU,2,2,13,47327,0.0000,vanish
1339_qypTXuRMGmU,2,3,13,10612,0.0000,vanish
1339_qypTXuRMGmU,2,1,13,5811,0.0000,vanish
1339_qypTXuRMGmU,2,1,13,29548,0.0000,vanish
1339_qypTXuRMGmU,2,4,16,22271,0.0000,vanish
1339_qypTXuRMGmU,2,4,16,2288,0.0000,vanish
1339_qypTXuRMGmU,2,2,16,21974,0.0000,vanish
1339_qypTXuRMGmU,2,2,20,21151,0.0000,vanish
1339_qypTXuRMGmU,2,4,23,3553,0.0000,vanish
1339_qypTXuRMGmU,2,1,27,7804,0.0000,vanish
1339_qypTXuRMGmU,2,2,29,4051,0.0000,vanish
1339_qypTXuRMGmU,2,4,59,17926,0.0000,vanish
1339_qypTXuRMGmU,2,1,59,1959,0.0000,vanish
1339_qypTXuRMGmU,2,1,67,386,0.0000,vanish
1339_qypTXuRMGmU,3,2,13,48671,0.0000,vanish
1339_qypTXuRMGmU,3,1,13,11088,0.0000,vanish
1339_qypTXuRMGmU,3,3,16,26348,0.2295,shrink
1339_qypTXuRMGmU,3,2,16,3880,0.2224,shrink
1339_qypTXuRMGmU,3,1,16,4124,0.0000,vanish
1339_qypTXuRMGmU,3,2,20,23494,0.0000,vanish
1339_qypTXuRMGmU,3,1,20,4514,0.0000,vanish
1339_qypTXuRMGmU,3,3,23,35277,0.0000,vanish
1339_qypTXuRMGmU,3,5,29,7233,0.0000,vanish
1339_qypTXuRMGmU,3,5,29,1010,0.1653,shrink
1339_qypTXuRMGmU,3,5,59,20017,0.0249,vanish
1339_qypTXuRMGmU,4,3,13,50131,0.0000,vanish
1339_qypTXuRMGmU,4,1,13,11471,0.0000,vanish
1339_qypTXuRMGmU,4,2,16,1759,0.0000,vanish
1339_qypTXuRMGmU,4,2,16,4790,0.0372,vanish
1339_qypTXuRMGmU,4,3,20,26376,0.1429,shrink
1339_qypTXuRMGmU,4,2,23,9581,0.0000,vanish
1339_qypTXuRMGmU,4,5,29,12685,0.0000,vanish
1339_qypTXuRMGmU,4,4,59,22297,0.0426,vanish
1339_qypTXuRMGmU,4,1,59,14408,0.0000,vanish
1339_qypTXuRMGmU,5,1,8,2210,0.0000,vanish
1339_qypTXuRMGmU,5,5,13,51406,0.0000,vanish
1339_qypTXuRMGmU,5,1,13,11203,0.0000,vanish
1339_qypTXuRMGmU,5,1,16,871,0.0000,vanish
1339_qypTXuRMGmU,5,1,23,1318,0.0000,vanish
1339_qypTXuRMGmU,5,4,29,12064,0.0022,vanish
1339_qypTXuRMGmU,6,4,13,54181,0.0000,vanish
1339_qypTXuRMGmU,6,4,13,11546,0.0000,vanish
1339_qypTXuRMGmU,6,5,16,117192,0.1865,shrink
1339_qypTXuRMGmU,6,5,20,15444,0.0300,vanish
1339_qypTXuRMGmU,6,3,29,9995,0.0031,vanish
1339_qypTXuRMGmU,7,3,13,55144,0.0000,vanish
1339_qypTXuRMGmU,7,3,13,11252,0.0000,vanish
1339_qypTXuRMGmU,7,5,16,36629,0.0904,vanish
1339_qypTXuRMGmU,7,5,16,110317,0.0211,vanish
1339_qypTXuRMGmU,7,4,20,10924,0.0000,vanish
1339_qypTXuRMGmU,7,2,29,5217,0.0052,vanish
1339_qypTXuRMGmU,7,4,59,24749,0.0000,vanish
1339_qypTXuRMGmU,8,2,13,56054,0.0000,vanish
1339_qypTXuRMGmU,8,2,13,11405,0.0000,vanish
1339_qypTXuRMGmU,8,5,16,36064,0.0000,vanish
1339_qypTXuRMGmU,8,4,16,105336,0.0218,vanish
1339_qypTXuRMGmU,8,3,20,9377,0.0000,vanish
1339_qypTXuRMGmU,8,1,29,2129,0.0127,vanish
1339_qypTXuRMGmU,8,3,59,25101,0.0076,vanish
1339_qypTXuRMGmU,9,1,13,57537,0.0000,vanish
1339_qypTXuRMGmU,9,1,13,11672,0.0000,vanish
1339_qypTXuRMGmU,9,4,16,34223,0.0000,vanish
1339_qypTXuRMGmU,9,4,16,88338,0.0203,vanish
1339_qypTXuRMGmU,9,3,20,9941,0.0000,vanish
1339_qypTXuRMGmU,9,5,59,25576,0.0000,vanish
1339_qypTXuRMGmU,10,1,13,63659,0.0000,vanish
1339_qypTXuRMGmU,10,1,13,12077,0.0000,vanish
1339_qypTXuRMGmU,10,5,16,26028,0.0000,vanish
1339_qypTXuRMGmU,10,4,16,2520,0.0000,vanish
1339_qypTXuRMGmU,10,3,16,54882,0.0000,vanish
1339_qypTXuRMGmU,10,4,20,21836,0.0000,vanish
1339_qypTXuRMGmU,10,2,59,2156,0.0000,vanish
1339_qypTXuRMGmU,11,1,13,68164,0.0000,vanish
1339_qypTXuRMGmU,11,2,13,12988,0.0000,vanish
1339_qypTXuRMGmU,11,5,16,17085,0.0406,vanish
1339_qypTXuRMGmU,11,2,16,14873,0.0000,vanish
1339_qypTXuRMGmU,11,2,16,6996,0.0000,vanish
1339_qypTXuRMGmU,11,1,29,2858,0.0000,vanish
1339_qypTXuRMGmU,11,1,59,9948,0.0000,vanish
1339_qypTXuRMGmU,12,1,13,73990,0.0000,vanish
1339_qypTXuRMGmU,12,2,13,14121,0.0000,vanish
1339_qypTXuRMGmU,12,5,16,9913,0.2140,shrink
1339_qypTXuRMGmU,12,3,16,4649,0.0000,vanish
1339_qypTXuRMGmU,12,1,16,2300,0.0000,vanish
1339_qypTXuRMGmU,12,1,20,1914,0.0000,vanish
1339_qypTXuRMGmU,12,4,59,774,0.0000,vanish
1339_qypTXuRMGmU,13,1,13,77594,0.0000,vanish
1339_qypTXuRMGmU,13,2,13,16230,0.0000,vanish
1339_qypTXuRMGmU,13,1,13,7024,0.0000,vanish
1339_qypTXuRMGmU,13,5,16,2072,0.1197,shrink
1339_qypTXuRMGmU,13,5,23,2501,0.0000,vanish
1339_qypTXuRMGmU,13,4,59,6984,0.0000,vanish
1339_qypTXuRMGmU,13,1,59,731,0.0000,vanish
1339_qypTXuRMGmU,14,1,13,15787,0.0000,vanish
1339_qypTXuRMGmU,14,1,13,32649,0.0000,vanish
1339_qypTXuRMGmU,14,5,16,23383,0.0620,vanish
1339_qypTXuRMGmU,14,5,20,196576,0.2468,shrink
1339_qypTXuRMGmU,14,4,59,11621,0.0000,vanish
1339_qypTXuRMGmU,14,2,59,8459,0.0000,vanish
1339_qypTXuRMGmU,14,1,67,2651,0.0000,vanish
1339_qypTXuRMGmU,14,2,67,12120,0.0000,vanish
1339_qypTXuRMGmU,15,1,13,14816,0.0000,vanish
1339_qypTXuRMGmU,15,1,13,32424,0.0000,vanish
1339_qypTXuRMGmU,15,5,16,15693,0.0171,vanish
1339_qypTXuRMGmU,15,5,59,13272,0.1923,shrink
1339_qypTXuRMGmU,15,2,59,26235,0.0000,vanish
1339_qypTXuRMGmU,15,3,67,2641,0.0000,vanish
1339_qypTXuRMGmU,15,2,67,3315,0.0000,vanish
1339_qypTXuRMGmU,15,3,67,45436,0.0000,vanish
1339_qypTXuRMGmU,16,1,13,16352,0.0000,vanish
1339_qypTXuRMGmU,16,1,13,35930,0.0000,vanish
1339_qypTXuRMGmU,16,5,16,7546,0.0000,vanish
1339_qypTXuRMGmU,16,4,59,26818,0.0000,vanish
1339_qypTXuRMGmU,16,2,67,2360,0.0000,vanish
1339_qypTXuRMGmU,16,1,67,2822,0.0000,vanish
1339_qypTXuRMGmU,17,1,13,16825,0.0000,vanish
1339_qypTXuRMGmU,17,1,13,36166,0.0000,vanish
1339_qypTXuRMGmU,17,4,16,4098,0.0000,vanish
1339_qypTXuRMGmU,17,5,16,24067,0.0000,vanish
1339_qypTXuRMGmU,17,5,23,10008,0.2350,shrink
1339_qypTXuRMGmU,17,5,29,4540,0.0000,vanish
1339_qypTXuRMGmU,17,2,59,5998,0.1784,shrink
1339_qypTXuRMGmU,17,4,59,25276,0.0000,vanish
1339_qypTXuRMGmU,17,1,67,2258,0.0000,vanish
1339_qypTXuRMGmU,18,2,13,18116,0.0000,vanish
1339_qypTXuRMGmU,18,2,13,36088,0.0000,vanish
1339_qypTXuRMGmU,18,4,16,26820,0.0000,vanish
1339_qypTXuRMGmU,18,5,19,63621,0.1098,shrink
1339_qypTXuRMGmU,18,4,29,2125,0.0000,vanish
1339_qypTXuRMGmU,18,5,29,36274,0.1068,shrink
1339_qypTXuRMGmU,18,4,59,25005,0.0000,vanish
1339_qypTXuRMGmU,18,2,67,1470,0.0000,vanish
1339_qypTXuRMGmU,18,1,67,8058,0.2171,shrink
1339_qypTXuRMGmU,19,1,13,9568,0.0000,vanish
1339_qypTXuRMGmU,19,2,13,36342,0.0000,vanish
1339_qypTXuRMGmU,19,2,16,1449,0.0000,vanish
1339_qypTXuRMGmU,19,3,16,28382,0.0000,vanish
1339_qypTXuRMGmU,19,5,19,66994,0.1054,shrink
1339_qypTXuRMGmU,19,1,20,500,0.0000,vanish
1339_qypTXuRMGmU,19,5,29,38764,0.0751,vanish
1339_qypTXuRMGmU,19,5,59,3403,0.0000,vanish
1339_qypTXuRMGmU,19,5,59,23225,0.0191,vanish
1339_qypTXuRMGmU,19,2,67,834,0.0000,vanish
1339_qypTXuRMGmU,20,1,13,36286,0.0000,vanish
1339_qypTXuRMGmU,20,2,16,29546,0.0000,vanish
1339_qypTXuRMGmU,20,4,19,70617,0.1090,shrink
1339_qypTXuRMGmU,20,4,23,12568,0.0244,vanish
1339_qypTXuRMGmU,20,4,29,41934,0.0713,vanish
1339_qypTXuRMGmU,20,4,59,2697,0.0000,vanish
1339_qypTXuRMGmU,20,4,59,24205,0.0478,vanish
1339_qypTXuRMGmU,20,1,67,880,0.0000,vanish
1339_qypTXuRMGmU,21,2,16,33088,0.0000,vanish
1339_qypTXuRMGmU,21,3,19,80017,0.2469,shrink
1339_qypTXuRMGmU,21,1,23,1768,0.0000,vanish
1339_qypTXuRMGmU,21,3,29,41732,0.0719,vanish
1339_qypTXuRMGmU,21,3,59,23811,0.1754,shrink
1339_qypTXuRMGmU,21,3,59,21163,0.1761,shrink
1339_qypTXuRMGmU,22,5,13,8571,0.2072,shrink
1339_qypTXuRMGmU,22,5,13,33000,0.0000,vanish
1339_qypTXuRMGmU,22,5,16,33533,0.0000,vanish
1339_qypTXuRMGmU,22,2,29,17950,0.1672,shrink
1339_qypTXuRMGmU,22,1,59,1405,0.0000,vanish
1339_qypTXuRMGmU,22,2,59,316,0.0000,vanish
1339_qypTXuRMGmU,22,2,59,12960,0.2439,shrink
1339_qypTXuRMGmU,23,5,13,7853,0.0349,vanish
1339_qypTXuRMGmU,23,4,13,31436,0.0000,vanish
1339_qypTXuRMGmU,23,3,16,33635,0.0000,vanish
1339_qypTXuRMGmU,23,5,16,143262,0.0394,vanish
1339_qypTXuRMGmU,23,5,19,85855,0.0182,vanish
1339_qypTXuRMGmU,23,1,29,896,0.2176,shrink
1339_qypTXuRMGmU,23,5,59,15060,0.2376,shrink
1339_qypTXuRMGmU,23,5,67,52976,0.2213,shrink
1339_qypTXuRMGmU,24,4,13,7407,0.0347,vanish
1339_qypTXuRMGmU,24,4,13,9022,0.0007,vanish
1339_qypTXuRMGmU,24,4,13,37496,0.0000,vanish
1339_qypTXuRMGmU,24,2,16,33957,0.0000,vanish
1339_qypTXuRMGmU,24,5,16,147661,0.0137,vanish
1339_qypTXuRMGmU,24,5,19,86531,0.0027,vanish
1339_qypTXuRMGmU,24,4,59,14207,0.2186,shrink
1339_qypTXuRMGmU,24,5,67,50165,0.1643,shrink
1339_qypTXuRMGmU,25,3,13,8268,0.0283,vanish
1339_qypTXuRMGmU,25,4,13,35914,0.0000,vanish
1339_qypTXuRMGmU,25,1,16,33333,0.0000,vanish
1339_qypTXuRMGmU,25,5,16,154782,0.0682,vanish
1339_qypTXuRMGmU,25,4,19,85977,0.0403,vanish
1339_qypTXuRMGmU,25,3,59,14931,0.2349,shrink
1339_qypTXuRMGmU,25,4,67,51581,0.2017,shrink
1339_qypTXuRMGmU,26,3,13,37078,0.0622,vanish
1339_qypTXuRMGmU,26,2,16,32853,0.0000,vanish
1339_qypTXuRMGmU,26,5,16,123486,0.1409,shrink
1339_qypTXuRMGmU,26,5,59,21818,0.2117,shrink
1339_qypTXuRMGmU,27,5,13,42786,0.0000,vanish
1339_qypTXuRMGmU,27,5,16,32728,0.2388,shrink
1339_qypTXuRMGmU,27,5,16,92558,0.0997,vanish
1339_qypTXuRMGmU,28,4,13,40224,0.0000,vanish
1339_qypTXuRMGmU,28,5,16,56321,0.0855,vanish
1339_qypTXuRMGmU,29,3,13,40670,0.0000,vanish
1339_qypTXuRMGmU,29,5,16,39927,0.0015,vanish
1339_qypTXuRMGmU,29,1,59,5610,0.0004,vanish
1339_qypTXuRMGmU,29,5,59,26451,0.2493,shrink
1339_qypTXuRMGmU,30,2,13,41136,0.0000,vanish
1339_qypTXuRMGmU,30,5,16,31015,0.0000,vanish
1339_qypTXuRMGmU,30,1,59,2049,0.0000,vanish
1339_qypTXuRMGmU,30,5,59,26871,0.2219,shrink
1339_qypTXuRMGmU,31,2,13,41700,0.0000,vanish
1339_qypTXuRMGmU,31,4,16,17405,0.0000,vanish
1339_qypTXuRMGmU,32,3,13,41678,0.1743,shrink
1339_qypTXuRMGmU,32,3,16,9225,0.0000,vanish
1339_qypTXuRMGmU,32,1,59,3969,0.0000,vanish
1339_qypTXuRMGmU,33,2,16,4813,0.0000,vanish
1339_qypTXuRMGmU,34,5,13,42208,0.0000,vanish
1339_qypTXuRMGmU,35,4,13,42777,0.0000,vanish
1339_qypTXuRMGmU,35,1,59,4495,0.0000,vanish
1339_qypTXuRMGmU,35,5,59,21133,0.0871,vanish
1339_qypTXuRMGmU,36,3,13,47382,0.0000,vanish
1339_qypTXuRMGmU,36,5,59,27236,0.0248,vanish
1339_qypTXuRMGmU,36,2,59,513,0.0000,vanish
1339_qypTXuRMGmU,36,5,59,19563,0.0543,vanish
1339_qypTXuRMGmU,37,2,13,48959,0.0000,vanish
1339_qypTXuRMGmU,37,5,16,81116,0.1912,shrink
1339_qypTXuRMGmU,37,4,59,26400,0.0456,vanish
1339_qypTXuRMGmU,37,4,59,17504,0.0504,vanish
1339_qypTXuRMGmU,38,2,13,48234,0.0000,vanish
1339_qypTXuRMGmU,38,5,16,66271,0.0000,vanish
1339_qypTXuRMGmU,38,4,16,7321,0.0000,vanish
1339_qypTXuRMGmU,38,5,20,62187,0.0000,vanish
1339_qypTXuRMGmU,38,1,20,389,0.0000,vanish
1339_qypTXuRMGmU,38,4,59,25388,0.0504,vanish
1339_qypTXuRMGmU,38,1,59,4256,0.0000,vanish
1339_qypTXuRMGmU,38,5,59,17272,0.1146,shrink
1339_qypTXuRMGmU,39,2,13,48402,0.0000,vanish
1339_qypTXuRMGmU,39,4,16,51626,0.0000,vanish
1339_qypTXuRMGmU,39,4,16,5010,0.0000,vanish
1339_qypTXuRMGmU,39,4,20,56844,0.0000,vanish
1339_qypTXuRMGmU,39,1,59,3879,0.0000,vanish
1339_qypTXuRMGmU,39,2,59,914,0.0000,vanish
1339_qypTXuRMGmU,40,3,13,48324,0.0000,vanish
1339_qypTXuRMGmU,40,3,16,36984,0.0000,vanish
1339_qypTXuRMGmU,40,3,16,3609,0.0000,vanish
1339_qypTXuRMGmU,40,3,20,48243,0.0000,vanish
1339_qypTXuRMGmU,40,1,59,5218,0.0000,vanish
1339_qypTXuRMGmU,40,1,59,2694,0.0000,vanish
1339_qypTXuRMGmU,40,1,59,485,0.0000,vanish
1339_qypTXuRMGmU,41,2,16,27954,0.0000,vanish
1339_qypTXuRMGmU,41,2,16,2337,0.0000,vanish
1339_qypTXuRMGmU,41,2,20,37017,0.0000,vanish
1339_qypTXuRMGmU,41,5,59,25523,0.0544,vanish
1339_qypTXuRMGmU,41,1,59,4320,0.0000,vanish
1339_qypTXuRMGmU,42,5,13,48446,0.0000,vanish
1339_qypTXuRMGmU,42,1,16,14647,0.0000,vanish
1339_qypTXuRMGmU,42,1,16,865,0.0000,vanish
1339_qypTXuRMGmU,42,1,20,18674,0.0000,vanish
1339_qypTXuRMGmU,42,5,59,26587,0.0486,vanish
1339_qypTXuRMGmU,42,3,59,7592,0.0000,vanish
1339_qypTXuRMGmU,42,1,59,922,0.0000,vanish
1339_qypTXuRMGmU,43,4,13,48472,0.0000,vanish
1339_qypTXuRMGmU,43,4,59,26558,0.0491,vanish
1339_qypTXuRMGmU,43,2,59,7403,0.0000,vanish
1339_qypTXuRMGmU,43,5,59,21851,0.1386,shrink
1339_qypTXuRMGmU,44,3,13,54268,0.0000,vanish
1339_qypTXuRMGmU,44,3,59,26232,0.0496,vanish
1339_qypTXuRMGmU,44,5,59,18747,0.0777,vanish
1339_qypTXuRMGmU,44,1,59,799,0.0000,vanish
1339_qypTXuRMGmU,45,3,13,58585,0.0000,vanish
1339_qypTXuRMGmU,45,5,59,24860,0.0527,vanish
1339_qypTXuRMGmU,45,1,59,4667,0.0000,vanish
1339_qypTXuRMGmU,45,5,59,17414,0.0253,vanish
1339_qypTXuRMGmU,45,1,59,343,0.0000,vanish
1339_qypTXuRMGmU,46,5,13,61641,0.0026,vanish
1339_qypTXuRMGmU,46,3,59,26061,0.0508,vanish
1339_qypTXuRMGmU,46,5,59,17007,0.0000,vanish
1339_qypTXuRMGmU,46,1,59,1806,0.0000,vanish
1339_qypTXuRMGmU,47,5,59,26788,0.1584,shrink
1339_qypTXuRMGmU,47,4,59,16024,0.0004,vanish
1339_qypTXuRMGmU,47,1,59,3752,0.0000,vanish
1339_qypTXuRMGmU,47,1,59,1088,0.0000,vanish
1339_qypTXuRMGmU,48,4,59,12384,0.0116,vanish
1339_qypTXuRMGmU,48,4,59,1740,0.0000,vanish
1339_qypTXuRMGmU,49,5,13,62464,0.0075,vanish
1339_qypTXuRMGmU,49,5,59,28393,0.1151,shrink
1339_qypTXuRMGmU,49,3,59,7304,0.0197,vanish
1339_qypTXuRMGmU,49,4,59,1383,0.0000,vanish
1339_qypTXuRMGmU,50,5,13,69063,0.0000,vanish
1339_qypTXuRMGmU,50,5,59,27450,0.0322,vanish
1339_qypTXuRMGmU,50,4,59,3628,0.0276,vanish
1339_qypTXuRMGmU,51,4,13,76250,0.0000,vanish
1339_qypTXuRMGmU,51,5,59,26877,0.0221,vanish
1339_qypTXuRMGmU,51,2,59,405,0.0000,vanish
1339_qypTXuRMGmU,52,4,13,10429,0.0002,vanish
1339_qypTXuRMGmU,52,4,13,71068,0.0000,vanish
1339_qypTXuRMGmU,52,4,29,24029,0.2383,shrink
1339_qypTXuRMGmU,52,1,29,459,0.0000,vanish
1339_qypTXuRMGmU,52,4,59,2400,0.0187,vanish
1339_qypTXuRMGmU,52,5,59,21531,0.0535,vanish
1339_qypTXuRMGmU,53,5,13,10375,0.0401,vanish
1339_qypTXuRMGmU,53,4,13,66567,0.0000,vanish
1339_qypTXuRMGmU,53,2,59,782,0.2251,shrink
1339_qypTXuRMGmU,53,3,59,20544,0.1854,shrink
1339_qypTXuRMGmU,53,1,59,3273,0.0000,vanish
1339_qypTXuRMGmU,54,3,13,10101,0.0493,vanish
1339_qypTXuRMGmU,54,4,13,70058,0.0103,vanish
1339_qypTXuRMGmU,54,1,59,3966,0.0000,vanish
1339_qypTXuRMGmU,54,1,59,862,0.0000,vanish
1339_qypTXuRMGmU,54,5,67,27577,0.1699,shrink
1339_qypTXuRMGmU,55,5,13,10434,0.0480,vanish
1339_qypTXuRMGmU,55,1,59,7196,0.0000,vanish
1339_qypTXuRMGmU,55,1,59,302,0.0000,vanish
1339_qypTXuRMGmU,55,1,59,1722,0.0000,vanish
1339_qypTXuRMGmU,56,4,13,10613,0.0640,vanish
1339_qypTXuRMGmU,56,1,59,5314,0.0000,vanish
1339_qypTXuRMGmU,56,1,59,2104,0.0000,vanish
1339_qypTXuRMGmU,57,3,29,790,0.1759,shrink
1339_qypTXuRMGmU,57,1,59,1495,0.0000,vanish
141_pdbnHgo554Q,13,5,13,20925,0.0289,vanish
141_pdbnHgo554Q,14,5,13,21550,0.0000,vanish
141_pdbnHgo554Q,15,3,13,18089,0.0000,vanish
141_pdbnHgo554Q,16,5,13,22965,0.0000,vanish
141_pdbnHgo554Q,17,4,13,22698,0.2071,shrink
141_pdbnHgo554Q,18,1,76,368,0.0000,vanish
141_pdbnHgo554Q,18,1,76,408,0.0000,vanish
141_pdbnHgo554Q,18,1,76,1032,0.0000,vanish
141_pdbnHgo554Q,20,5,106,27610,0.2108,shrink
141_pdbnHgo554Q,21,5,106,27754,0.2303,shrink
141_pdbnHgo554Q,25,1,13,385,0.0000,vanish
141_pdbnHgo554Q,31,5,13,35265,0.2130,shrink
141_pdbnHgo554Q,31,1,13,1031,0.1416,shrink
141_pdbnHgo554Q,32,1,9,575,0.0000,vanish
141_pdbnHgo554Q,32,5,13,34336,0.1627,shrink
141_pdbnHgo554Q,33,5,13,34783,0.1027,shrink
141_pdbnHgo554Q,38,1,13,638,0.0000,vanish
141_pdbnHgo554Q,41,5,76,12936,0.1992,shrink
141_pdbnHgo554Q,42,5,76,10906,0.0304,vanish
141_pdbnHgo554Q,43,4,76,9352,0.0807,vanish
141_pdbnHgo554Q,44,4,76,7320,0.2346,shrink
141_pdbnHgo554Q,72,5,13,7587,0.1300,shrink
141_pdbnHgo554Q,73,5,13,8170,0.0543,vanish
141_pdbnHgo554Q,74,5,13,8162,0.0531,vanish
141_pdbnHgo554Q,75,5,13,7756,0.0922,vanish
141_pdbnHgo554Q,75,5,13,26700,0.2165,shrink
141_pdbnHgo554Q,76,5,13,9208,0.2315,shrink
141_pdbnHgo554Q,76,5,13,26630,0.1627,shrink
141_pdbnHgo554Q,77,5,13,9517,0.1541,shrink
141_pdbnHgo554Q,77,5,13,27286,0.0576,vanish
141_pdbnHgo554Q,78,5,13,9506,0.0614,vanish
141_pdbnHgo554Q,78,5,13,26695,0.0476,vanish
141_pdbnHgo554Q,79,5,13,9209,0.0000,vanish
141_pdbnHgo554Q,79,5,13,26053,0.1155,shrink
141_pdbnHgo554Q,80,5,13,9636,0.0000,vanish
141_pdbnHgo554Q,81,4,13,9373,0.0000,vanish
141_pdbnHgo554Q,82,4,13,9032,0.0000,vanish
141_pdbnHgo554Q,83,3,13,7422,0.0000,vanish
141_pdbnHgo554Q,83,5,76,27807,0.0271,vanish
141_pdbnHgo554Q,84,2,13,4082,0.0000,vanish
141_pdbnHgo554Q,84,5,76,28205,0.0357,vanish
141_pdbnHgo554Q,85,1,13,994,0.0000,vanish
141_pdbnHgo554Q,85,5,76,27949,0.0225,vanish
141_pdbnHgo554Q,86,5,76,24522,0.0429,vanish
141_pdbnHgo554Q,87,5,76,20923,0.0199,vanish
141_pdbnHgo554Q,88,5,76,13300,0.0204,vanish
141_pdbnHgo554Q,89,5,13,22058,0.0883,vanish
141_pdbnHgo554Q,89,4,76,11445,0.0028,vanish
141_pdbnHgo554Q,90,5,13,18758,0.0215,vanish
141_pdbnHgo554Q,91,5,13,16175,0.0030,vanish
141_pdbnHgo554Q,91,5,76,23215,0.0422,vanish
141_pdbnHgo554Q,91,2,76,3137,0.0000,vanish
141_pdbnHgo554Q,92,5,13,13162,0.0000,vanish
141_pdbnHgo554Q,92,1,76,412,0.0000,vanish
141_pdbnHgo554Q,93,4,13,10617,0.0000,vanish
141_pdbnHgo554Q,94,3,13,7809,0.0000,vanish
141_pdbnHgo554Q,95,2,13,5550,0.0000,vanish
141_pdbnHgo554Q,95,1,76,621,0.0000,vanish
141_pdbnHgo554Q,96,1,13,2924,0.0000,vanish
141_pdbnHgo554Q,96,1,76,1007,0.0000,vanish
141_pdbnHgo554Q,97,4,76,4157,0.0000,vanish
141_pdbnHgo554Q,98,5,76,6369,0.0000,vanish
141_pdbnHgo554Q,99,5,76,12547,0.0464,vanish
141_pdbnHgo554Q,99,5,106,19885,0.0586,vanish
141_pdbnHgo554Q,100,5,76,18390,0.2290,shrink
141_pdbnHgo554Q,100,2,76,1751,0.0000,vanish
141_pdbnHgo554Q,100,5,106,16290,0.1739,shrink
141_pdbnHgo554Q,101,5,106,10953,0.1237,shrink
141_pdbnHgo554Q,102,5,106,7782,0.0000,vanish
141_pdbnHgo554Q,103,4,106,6017,0.0000,vanish
141_pdbnHgo554Q,104,3,106,4200,0.0000,vanish
141_pdbnHgo554Q,105,2,106,3797,0.0000,vanish
141_pdbnHgo554Q,106,1,106,1410,0.0000,vanish
141_pdbnHgo554Q,112,5,106,33706,0.0244,vanish
141_pdbnHgo554Q,113,5,106,32608,0.0277,vanish
141_pdbnHgo554Q,114,5,106,31529,0.0133,vanish
141_pdbnHgo554Q,115,5,106,30511,0.0000,vanish
141_pdbnHgo554Q,116,5,106,27736,0.0000,vanish
141_pdbnHgo554Q,117,5,106,23151,0.0284,vanish
141_pdbnHgo554Q,118,5,106,20126,0.0566,vanish
141_pdbnHgo554Q,119,5,106,17866,0.0272,vanish
141_pdbnHgo554Q,120,5,13,26595,0.0948,vanish
141_pdbnHgo554Q,120,5,106,14263,0.0008,vanish
141_pdbnHgo554Q,121,5,13,27463,0.0100,vanish
141_pdbnHgo554Q,121,5,106,15234,0.0009,vanish
141_pdbnHgo554Q,122,5,13,30486,0.0518,vanish
141_pdbnHgo554Q,122,5,106,13675,0.0019,vanish
141_pdbnHgo554Q,123,5,13,31348,0.1730,shrink
141_pdbnHgo554Q,123,5,106,10396,0.0000,vanish
141_pdbnHgo554Q,124,1,76,452,0.0022,vanish
141_pdbnHgo554Q,124,4,106,6435,0.0000,vanish
141_pdbnHgo554Q,125,3,106,2588,0.0000,vanish
141_pdbnHgo554Q,126,5,76,19458,0.1539,shrink
141_pdbnHgo554Q,126,4,76,3998,0.0000,vanish
141_pdbnHgo554Q,126,2,106,853,0.0000,vanish
141_pdbnHgo554Q,127,5,76,16290,0.0934,vanish
141_pdbnHgo554Q,127,3,76,2719,0.0000,vanish
141_pdbnHgo554Q,128,4,76,9593,0.1586,shrink
141_pdbnHgo554Q,128,2,76,521,0.0000,vanish
141_pdbnHgo554Q,129,5,76,5840,0.1565,shrink
141_pdbnHgo554Q,129,1,76,387,0.0000,vanish
141_pdbnHgo554Q,130,5,9,203808,0.0000,vanish
141_pdbnHgo554Q,130,5,76,4251,0.2068,shrink
141_pdbnHgo554Q,131,4,9,182224,0.0000,vanish
141_pdbnHgo554Q,131,1,76,381,0.0000,vanish
141_pdbnHgo554Q,131,1,76,1052,0.0000,vanish
141_pdbnHgo554Q,132,3,9,139838,0.0000,vanish
141_pdbnHgo554Q,133,2,9,109421,0.0000,vanish
141_pdbnHgo554Q,134,1,9,55622,0.0000,vanish
143_4VYUTM1pQBc,0,1,1,79162,0.1361,shrink
143_4VYUTM1pQBc,0,1,1,24315,0.0000,vanish
143_4VYUTM1pQBc,0,1,1,5878,0.0000,vanish
143_4VYUTM1pQBc,0,1,14,9455,0.0000,vanish
143_4VYUTM1pQBc,0,1,14,6988,0.0000,vanish
143_4VYUTM1pQBc,0,1,90,9322,0.0004,vanish
143_4VYUTM1pQBc,0,5,90,15247,0.0018,vanish
143_4VYUTM1pQBc,0,5,107,31527,0.2246,shrink
143_4VYUTM1pQBc,0,1,119,2298,0.0000,vanish
143_4VYUTM1pQBc,0,1,119,22448,0.0000,vanish
143_4VYUTM1pQBc,1,5,14,942,0.1454,shrink
143_4VYUTM1pQBc,19,5,1,1382,0.0014,vanish
143_4VYUTM1pQBc,20,5,1,1230,0.0000,vanish
143_4VYUTM1pQBc,21,4,1,1071,0.0000,vanish
143_4VYUTM1pQBc,22,3,1,953,0.0000,vanish
143_4VYUTM1pQBc,22,5,85,2569,0.1970,shrink
143_4VYUTM1pQBc,22,5,115,3642,0.2435,shrink
143_4VYUTM1pQBc,23,2,1,596,0.0000,vanish
143_4VYUTM1pQBc,23,5,85,2691,0.2248,shrink
143_4VYUTM1pQBc,26,5,119,2956,0.0890,vanish
143_4VYUTM1pQBc,27,5,90,2330,0.0876,vanish
143_4VYUTM1pQBc,27,5,115,3498,0.2387,shrink
143_4VYUTM1pQBc,27,5,115,4736,0.1043,shrink
143_4VYUTM1pQBc,27,5,119,2678,0.0000,vanish
143_4VYUTM1pQBc,28,3,1,653,0.0000,vanish
143_4VYUTM1pQBc,28,5,1,2631,0.1178,shrink
143_4VYUTM1pQBc,28,5,85,2380,0.0769,vanish
143_4VYUTM1pQBc,28,5,90,2353,0.0000,vanish
143_4VYUTM1pQBc,28,5,115,3358,0.1751,shrink
143_4VYUTM1pQBc,28,5,115,4748,0.0000,vanish
143_4VYUTM1pQBc,28,5,116,9462,0.2436,shrink
143_4VYUTM1pQBc,28,5,119,2630,0.0000,vanish
143_4VYUTM1pQBc,29,2,1,736,0.0000,vanish
143_4VYUTM1pQBc,29,5,1,2575,0.0555,vanish
143_4VYUTM1pQBc,29,5,1,3434,0.2108,shrink
143_4VYUTM1pQBc,29,5,77,9184,0.2498,shrink
143_4VYUTM1pQBc,29,5,85,2153,0.0158,vanish
143_4VYUTM1pQBc,29,4,90,2409,0.0000,vanish
143_4VYUTM1pQBc,29,5,115,3145,0.1746,shrink
143_4VYUTM1pQBc,29,4,115,4357,0.0000,vanish
143_4VYUTM1pQBc,29,5,116,9485,0.0734,vanish
143_4VYUTM1pQBc,29,4,119,2686,0.0000,vanish
143_4VYUTM1pQBc,30,1,1,663,0.0000,vanish
143_4VYUTM1pQBc,30,5,1,905,0.0144,vanish
143_4VYUTM1pQBc,30,5,1,2406,0.0237,vanish
143_4VYUTM1pQBc,30,5,1,2727,0.0458,vanish
143_4VYUTM1pQBc,30,5,77,8353,0.2405,shrink
143_4VYUTM1pQBc,30,3,90,2496,0.0000,vanish
143_4VYUTM1pQBc,30,4,115,3019,0.2170,shrink
143_4VYUTM1pQBc,30,3,115,4468,0.0000,vanish
143_4VYUTM1pQBc,30,5,116,8985,0.0010,vanish
143_4VYUTM1pQBc,30,4,119,2875,0.0000,vanish
143_4VYUTM1pQBc,31,2,1,836,0.0000,vanish
143_4VYUTM1pQBc,31,5,1,2159,0.0000,vanish
143_4VYUTM1pQBc,31,5,1,2876,0.0257,vanish
143_4VYUTM1pQBc,31,5,77,7312,0.2352,shrink
143_4VYUTM1pQBc,31,4,85,1845,0.0000,vanish
143_4VYUTM1pQBc,31,2,90,432,0.0000,vanish
143_4VYUTM1pQBc,31,5,102,18706,0.1732,shrink
143_4VYUTM1pQBc,31,5,115,2861,0.2013,shrink
143_4VYUTM1pQBc,31,2,115,2190,0.0000,vanish
143_4VYUTM1pQBc,31,5,116,8395,0.0530,vanish
143_4VYUTM1pQBc,31,3,119,3051,0.0000,vanish
143_4VYUTM1pQBc,32,3,1,659,0.0000,vanish
143_4VYUTM1pQBc,32,4,1,1845,0.0000,vanish
143_4VYUTM1pQBc,32,4,1,2200,0.0200,vanish
143_4VYUTM1pQBc,32,5,77,6024,0.2261,shrink
143_4VYUTM1pQBc,32,3,85,1441,0.0000,vanish
143_4VYUTM1pQBc,32,5,102,16457,0.0972,vanish
143_4VYUTM1pQBc,32,5,115,2422,0.1495,shrink
143_4VYUTM1pQBc,32,1,115,494,0.0000,vanish
143_4VYUTM1pQBc,32,5,116,7062,0.1880,shrink
143_4VYUTM1pQBc,32,3,119,3365,0.0000,vanish
143_4VYUTM1pQBc,33,3,1,483,0.0000,vanish
143_4VYUTM1pQBc,33,3,1,1226,0.0000,vanish
143_4VYUTM1pQBc,33,3,1,1945,0.0432,vanish
143_4VYUTM1pQBc,33,2,85,807,0.0000,vanish
143_4VYUTM1pQBc,33,5,102,12662,0.0723,vanish
143_4VYUTM1pQBc,33,5,115,1887,0.1002,shrink
143_4VYUTM1pQBc,33,4,119,3433,0.0000,vanish
143_4VYUTM1pQBc,34,2,1,717,0.0000,vanish
143_4VYUTM1pQBc,34,5,1,1171,0.1102,shrink
143_4VYUTM1pQBc,34,4,102,9536,0.0960,vanish
143_4VYUTM1pQBc,34,5,115,1580,0.0677,vanish
143_4VYUTM1pQBc,34,5,119,3590,0.0003,vanish
143_4VYUTM1pQBc,35,3,102,6352,0.1440,shrink
143_4VYUTM1pQBc,35,4,119,3596,0.2189,shrink
143_4VYUTM1pQBc,38,5,14,11023,0.2277,shrink
143_4VYUTM1pQBc,39,5,119,2950,0.0247,vanish
143_4VYUTM1pQBc,40,5,107,3327,0.2311,shrink
143_4VYUTM1pQBc,40,5,119,3630,0.0014,vanish
143_4VYUTM1pQBc,41,5,14,16636,0.1565,shrink
143_4VYUTM1pQBc,41,5,107,3961,0.0429,vanish
143_4VYUTM1pQBc,41,4,119,3922,0.1191,shrink
143_4VYUTM1pQBc,42,4,14,15832,0.2077,shrink
143_4VYUTM1pQBc,42,5,107,4544,0.0000,vanish
143_4VYUTM1pQBc,43,4,107,4551,0.0000,vanish
143_4VYUTM1pQBc,44,4,1,433,0.0000,vanish
143_4VYUTM1pQBc,44,3,107,4095,0.0000,vanish
143_4VYUTM1pQBc,45,4,1,644,0.0000,vanish
143_4VYUTM1pQBc,45,5,1,30952,0.1491,shrink
143_4VYUTM1pQBc,45,1,14,453,0.0000,vanish
143_4VYUTM1pQBc,45,2,107,2839,0.0000,vanish
143_4VYUTM1pQBc,46,3,1,543,0.0792,vanish
143_4VYUTM1pQBc,46,5,1,28360,0.1525,shrink
143_4VYUTM1pQBc,46,1,107,1427,0.0000,vanish
143_4VYUTM1pQBc,47,5,1,20865,0.2498,shrink
143_4VYUTM1pQBc,49,2,1,1791,0.0000,vanish
143_4VYUTM1pQBc,50,1,1,505,0.0000,vanish
143_4VYUTM1pQBc,59,5,107,7064,0.1737,shrink
143_4VYUTM1pQBc,60,2,1,880,0.0000,vanish
143_4VYUTM1pQBc,60,5,107,6364,0.0396,vanish
143_4VYUTM1pQBc,61,1,1,327,0.0000,vanish
143_4VYUTM1pQBc,61,5,107,4977,0.0000,vanish
143_4VYUTM1pQBc,62,4,107,3965,0.0000,vanish
143_4VYUTM1pQBc,63,1,1,453,0.0000,vanish
143_4VYUTM1pQBc,63,3,107,2940,0.0000,vanish
143_4VYUTM1pQBc,64,2,107,1731,0.0000,vanish
143_4VYUTM1pQBc,65,1,107,452,0.0000,vanish
143_4VYUTM1pQBc,70,5,1,843,0.0771,vanish
143_4VYUTM1pQBc,71,5,1,1950,0.0979,vanish
143_4VYUTM1pQBc,71,5,1,812,0.0000,vanish
143_4VYUTM1pQBc,72,5,1,1918,0.0000,vanish
143_4VYUTM1pQBc,72,4,1,774,0.0000,vanish
143_4VYUTM1pQBc,73,4,1,1653,0.0000,vanish
143_4VYUTM1pQBc,73,3,1,791,0.0000,vanish
143_4VYUTM1pQBc,73,5,85,2382,0.2443,shrink
143_4VYUTM1pQBc,73,5,115,3164,0.2427,shrink
143_4VYUTM1pQBc,74,3,1,1252,0.0000,vanish
143_4VYUTM1pQBc,74,3,1,841,0.0000,vanish
143_4VYUTM1pQBc,75,2,1,858,0.0000,vanish
143_4VYUTM1pQBc,76,3,1,866,0.0000,vanish
143_4VYUTM1pQBc,77,5,1,913,0.0197,vanish
151_BNFMbfOYTKg,0,1,1,1327,0.0000,vanish
151_BNFMbfOYTKg,30,1,1,415,0.0000,vanish
236_Vz8BNPz1YBk,0,5,69,820,0.2012,shrink
236_Vz8BNPz1YBk,12,5,69,844,0.1979,shrink
236_Vz8BNPz1YBk,13,1,67,1143,0.0000,vanish
236_Vz8BNPz1YBk,13,5,69,882,0.0431,vanish
236_Vz8BNPz1YBk,14,5,69,801,0.0000,vanish
236_Vz8BNPz1YBk,14,5,69,3213,0.1239,shrink
236_Vz8BNPz1YBk,15,4,69,927,0.0043,vanish
236_Vz8BNPz1YBk,16,1,40,881,0.0000,vanish
236_Vz8BNPz1YBk,16,5,69,687,0.0000,vanish
236_Vz8BNPz1YBk,17,4,69,653,0.0291,vanish
236_Vz8BNPz1YBk,18,3,69,644,0.2205,shrink
236_Vz8BNPz1YBk,21,5,69,2413,0.0000,vanish
236_Vz8BNPz1YBk,24,4,69,864,0.1910,shrink
236_Vz8BNPz1YBk,24,4,69,3873,0.0000,vanish
236_Vz8BNPz1YBk,25,4,69,1102,0.1624,shrink
236_Vz8BNPz1YBk,25,4,69,4350,0.0000,vanish
236_Vz8BNPz1YBk,26,4,69,5259,0.1470,shrink
236_Vz8BNPz1YBk,27,3,69,2587,0.0000,vanish
236_Vz8BNPz1YBk,28,2,69,510,0.1098,shrink
23_XmN5TD3AjMY,1,1,29,448,0.0000,vanish
23_XmN5TD3AjMY,7,5,67,24344,0.2034,shrink
23_XmN5TD3AjMY,8,5,67,22665,0.0326,vanish
23_XmN5TD3AjMY,9,5,67,15047,0.0000,vanish
23_XmN5TD3AjMY,10,4,67,11748,0.0000,vanish
23_XmN5TD3AjMY,11,3,67,8162,0.0000,vanish
23_XmN5TD3AjMY,12,2,67,4844,0.0000,vanish
23_XmN5TD3AjMY,13,5,29,2965,0.2293,shrink
23_XmN5TD3AjMY,13,2,61,2702,0.0000,vanish
23_XmN5TD3AjMY,13,1,67,557,0.0000,vanish
23_XmN5TD3AjMY,14,5,29,2456,0.1128,shrink
23_XmN5TD3AjMY,14,1,61,2776,0.0000,vanish
23_XmN5TD3AjMY,15,5,29,2259,0.0000,vanish
23_XmN5TD3AjMY,15,5,41,25935,0.1064,shrink
23_XmN5TD3AjMY,16,4,29,1404,0.0000,vanish
23_XmN5TD3AjMY,16,5,41,23581,0.0635,vanish
23_XmN5TD3AjMY,17,3,29,964,0.0000,vanish
23_XmN5TD3AjMY,17,5,41,20804,0.0000,vanish
23_XmN5TD3AjMY,18,2,29,680,0.0000,vanish
23_XmN5TD3AjMY,18,4,41,14935,0.0000,vanish
23_XmN5TD3AjMY,19,3,41,15004,0.0000,vanish
23_XmN5TD3AjMY,20,2,41,3280,0.0000,vanish
23_XmN5TD3AjMY,21,1,41,401,0.0000,vanish
23_XmN5TD3AjMY,21,1,41,1711,0.0000,vanish
23_XmN5TD3AjMY,22,2,13,3105,0.0000,vanish
23_XmN5TD3AjMY,23,1,13,3249,0.0000,vanish
23_XmN5TD3AjMY,23,1,41,599,0.0000,vanish
23_XmN5TD3AjMY,24,1,13,653,0.0000,vanish
23_XmN5TD3AjMY,24,2,22,2036,0.0530,vanish
23_XmN5TD3AjMY,25,4,13,5332,0.0000,vanish
23_XmN5TD3AjMY,25,1,22,1088,0.0000,vanish
23_XmN5TD3AjMY,26,4,13,4721,0.0000,vanish
23_XmN5TD3AjMY,27,1,13,2296,0.0000,vanish
23_XmN5TD3AjMY,27,3,13,1510,0.0000,vanish
23_XmN5TD3AjMY,28,1,13,1148,0.0000,vanish
23_XmN5TD3AjMY,28,2,13,1011,0.0000,vanish
23_XmN5TD3AjMY,29,1,13,833,0.0000,vanish
23_XmN5TD3AjMY,29,5,25,4644,0.1604,shrink
23_XmN5TD3AjMY,30,4,22,1149,0.0000,vanish
23_XmN5TD3AjMY,30,5,25,3605,0.0619,vanish
23_XmN5TD3AjMY,31,3,22,621,0.0000,vanish
23_XmN5TD3AjMY,31,5,25,3052,0.0000,vanish
23_XmN5TD3AjMY,32,2,22,447,0.0000,vanish
23_XmN5TD3AjMY,32,4,25,2284,0.0000,vanish
23_XmN5TD3AjMY,33,1,22,440,0.0000,vanish
23_XmN5TD3AjMY,33,3,25,1550,0.0000,vanish
23_XmN5TD3AjMY,33,5,25,3196,0.1859,shrink
23_XmN5TD3AjMY,34,5,1,35362,0.1553,shrink
23_XmN5TD3AjMY,34,2,25,773,0.0000,vanish
23_XmN5TD3AjMY,34,5,25,2633,0.1033,shrink
23_XmN5TD3AjMY,35,5,1,30263,0.0688,vanish
23_XmN5TD3AjMY,35,5,25,2079,0.0000,vanish
23_XmN5TD3AjMY,36,5,1,24818,0.0372,vanish
23_XmN5TD3AjMY,36,4,25,1614,0.0000,vanish
23_XmN5TD3AjMY,37,5,1,19085,0.0257,vanish
23_XmN5TD3AjMY,37,3,25,1044,0.0000,vanish
23_XmN5TD3AjMY,38,5,1,11174,0.0040,vanish
23_XmN5TD3AjMY,38,2,25,594,0.0000,vanish
23_XmN5TD3AjMY,39,4,1,5723,0.0079,vanish
23_XmN5TD3AjMY,40,5,1,2098,0.0000,vanish
23_XmN5TD3AjMY,40,5,49,29896,0.1239,shrink
23_XmN5TD3AjMY,41,2,1,824,0.0000,vanish
23_XmN5TD3AjMY,41,5,49,25647,0.0000,vanish
23_XmN5TD3AjMY,42,2,22,2493,0.0000,vanish
23_XmN5TD3AjMY,42,4,49,19765,0.0000,vanish
23_XmN5TD3AjMY,43,1,22,527,0.0000,vanish
23_XmN5TD3AjMY,43,3,29,2078,0.0000,vanish
23_XmN5TD3AjMY,43,3,49,13895,0.0000,vanish
23_XmN5TD3AjMY,44,1,1,2246,0.0000,vanish
23_XmN5TD3AjMY,44,2,29,1245,0.0000,vanish
23_XmN5TD3AjMY,44,2,49,8847,0.0000,vanish
23_XmN5TD3AjMY,45,2,29,1228,0.0000,vanish
23_XmN5TD3AjMY,45,1,49,3902,0.0000,vanish
23_XmN5TD3AjMY,46,5,41,27391,0.2237,shrink
23_XmN5TD3AjMY,47,5,41,24859,0.0738,vanish
23_XmN5TD3AjMY,48,5,41,22615,0.0076,vanish
23_XmN5TD3AjMY,49,5,41,17588,0.0000,vanish
23_XmN5TD3AjMY,50,4,41,14020,0.0000,vanish
23_XmN5TD3AjMY,51,3,41,9669,0.0000,vanish
23_XmN5TD3AjMY,52,2,41,4339,0.0000,vanish
23_XmN5TD3AjMY,53,2,29,1952,0.0000,vanish
23_XmN5TD3AjMY,53,1,41,1186,0.0000,vanish
23_XmN5TD3AjMY,54,1,29,986,0.0000,vanish
23_XmN5TD3AjMY,55,3,29,2113,0.0000,vanish
23_XmN5TD3AjMY,56,2,29,810,0.0000,vanish
23_XmN5TD3AjMY,60,1,67,1330,0.0000,vanish
23_XmN5TD3AjMY,63,5,67,12017,0.1352,shrink
23_XmN5TD3AjMY,64,1,13,1264,0.0000,vanish
23_XmN5TD3AjMY,64,5,29,11903,0.0115,vanish
23_XmN5TD3AjMY,64,5,67,12284,0.0301,vanish
23_XmN5TD3AjMY,65,1,13,1054,0.0000,vanish
23_XmN5TD3AjMY,65,4,29,7191,0.0000,vanish
23_XmN5TD3AjMY,65,5,29,4621,0.0000,vanish
23_XmN5TD3AjMY,65,5,67,9801,0.0020,vanish
23_XmN5TD3AjMY,66,1,13,797,0.0000,vanish
23_XmN5TD3AjMY,66,3,29,2946,0.0000,vanish
23_XmN5TD3AjMY,66,4,29,4045,0.0000,vanish
23_XmN5TD3AjMY,66,5,67,9265,0.0000,vanish
23_XmN5TD3AjMY,67,3,29,4465,0.0000,vanish
23_XmN5TD3AjMY,67,4,67,6877,0.0000,vanish
23_XmN5TD3AjMY,68,1,29,504,0.0000,vanish
23_XmN5TD3AjMY,68,3,67,4517,0.0000,vanish
23_XmN5TD3AjMY,69,2,67,2937,0.0000,vanish
23_XmN5TD3AjMY,70,2,29,965,0.0000,vanish
23_XmN5TD3AjMY,70,1,67,1527,0.0000,vanish
23_XmN5TD3AjMY,73,5,29,16015,0.0919,vanish
23_XmN5TD3AjMY,74,5,29,12037,0.0331,vanish
23_XmN5TD3AjMY,75,5,29,9484,0.0000,vanish
23_XmN5TD3AjMY,76,4,29,6030,0.0000,vanish
23_XmN5TD3AjMY,77,3,29,3355,0.0000,vanish
23_XmN5TD3AjMY,78,2,29,1472,0.0000,vanish
23_XmN5TD3AjMY,79,1,29,399,0.0000,vanish
23_XmN5TD3AjMY,80,5,41,35432,0.2365,shrink
23_XmN5TD3AjMY,81,5,41,28251,0.1817,shrink
23_XmN5TD3AjMY,82,5,41,20969,0.1107,shrink
23_XmN5TD3AjMY,83,5,41,16218,0.0287,vanish
23_XmN5TD3AjMY,84,5,41,11993,0.0000,vanish
23_XmN5TD3AjMY,85,4,41,8379,0.0000,vanish
23_XmN5TD3AjMY,86,3,41,5132,0.0000,vanish
23_XmN5TD3AjMY,87,2,41,2322,0.0000,vanish
23_XmN5TD3AjMY,88,1,41,466,0.0000,vanish
23_XmN5TD3AjMY,93,2,67,3047,0.0000,vanish
23_XmN5TD3AjMY,94,1,67,719,0.0000,vanish
23_XmN5TD3AjMY,99,3,1,19809,0.2319,shrink
23_XmN5TD3AjMY,99,5,41,23586,0.1988,shrink
23_XmN5TD3AjMY,100,4,1,10611,0.1392,shrink
23_XmN5TD3AjMY,100,5,41,21074,0.0594,vanish
23_XmN5TD3AjMY,101,2,1,2450,0.0702,vanish
23_XmN5TD3AjMY,101,5,41,18034,0.0000,vanish
23_XmN5TD3AjMY,102,3,1,7749,0.1012,shrink
23_XmN5TD3AjMY,102,4,41,14542,0.0000,vanish
23_XmN5TD3AjMY,102,5,49,30636,0.0000,vanish
23_XmN5TD3AjMY,103,3,41,10993,0.0000,vanish
23_XmN5TD3AjMY,103,4,49,25355,0.0000,vanish
23_XmN5TD3AjMY,104,2,41,6593,0.0000,vanish
23_XmN5TD3AjMY,104,3,49,17895,0.0000,vanish
23_XmN5TD3AjMY,105,1,13,2921,0.0000,vanish
23_XmN5TD3AjMY,105,1,41,2451,0.0000,vanish
23_XmN5TD3AjMY,105,2,49,9674,0.0000,vanish
23_XmN5TD3AjMY,106,1,13,1134,0.0000,vanish
23_XmN5TD3AjMY,107,5,1,24457,0.2291,shrink
23_XmN5TD3AjMY,108,5,1,21643,0.0070,vanish
23_XmN5TD3AjMY,108,2,22,3485,0.0000,vanish
23_XmN5TD3AjMY,108,5,67,89539,0.1747,shrink
23_XmN5TD3AjMY,109,5,1,15872,0.0000,vanish
23_XmN5TD3AjMY,109,5,1,20394,0.0106,vanish
23_XmN5TD3AjMY,109,5,67,81630,0.0003,vanish
23_XmN5TD3AjMY,110,4,1,5772,0.0000,vanish
23_XmN5TD3AjMY,110,5,1,19121,0.0076,vanish
23_XmN5TD3AjMY,110,5,67,70678,0.0000,vanish
23_XmN5TD3AjMY,111,3,1,13796,0.0000,vanish
23_XmN5TD3AjMY,111,5,1,18795,0.0030,vanish
23_XmN5TD3AjMY,111,4,67,50430,0.0000,vanish
23_XmN5TD3AjMY,111,5,69,3518,0.2172,shrink
23_XmN5TD3AjMY,112,2,1,9970,0.0000,vanish
23_XmN5TD3AjMY,112,4,1,16906,0.0033,vanish
23_XmN5TD3AjMY,112,3,67,30311,0.0000,vanish
23_XmN5TD3AjMY,113,5,1,14824,0.0028,vanish
23_XmN5TD3AjMY,113,2,67,15640,0.0000,vanish
23_XmN5TD3AjMY,113,5,69,2953,0.1317,shrink
23_XmN5TD3AjMY,114,5,69,30717,0.1531,shrink
23_XmN5TD3AjMY,115,5,22,34307,0.2479,shrink
23_XmN5TD3AjMY,115,5,69,2643,0.0000,vanish
23_XmN5TD3AjMY,115,5,69,27272,0.0000,vanish
23_XmN5TD3AjMY,116,5,22,30284,0.0880,vanish
23_XmN5TD3AjMY,116,4,69,2991,0.0000,vanish
23_XmN5TD3AjMY,116,4,69,23350,0.0000,vanish
23_XmN5TD3AjMY,117,5,22,26723,0.0640,vanish
23_XmN5TD3AjMY,117,3,69,2889,0.0000,vanish
23_XmN5TD3AjMY,117,3,69,17903,0.0000,vanish
23_XmN5TD3AjMY,118,5,19,10146,0.0000,vanish
23_XmN5TD3AjMY,118,4,22,21917,0.0660,vanish
23_XmN5TD3AjMY,118,2,69,1667,0.0000,vanish
23_XmN5TD3AjMY,118,2,69,12295,0.0000,vanish
23_XmN5TD3AjMY,119,1,19,5426,0.0000,vanish
23_XmN5TD3AjMY,119,3,22,13970,0.0000,vanish
23_XmN5TD3AjMY,119,1,69,714,0.0000,vanish
23_XmN5TD3AjMY,119,1,69,4804,0.0000,vanish
23_XmN5TD3AjMY,120,2,22,8152,0.0000,vanish
23_XmN5TD3AjMY,121,1,22,1644,0.0000,vanish
23_XmN5TD3AjMY,121,5,41,22522,0.2397,shrink
23_XmN5TD3AjMY,122,5,41,19993,0.2396,shrink
23_XmN5TD3AjMY,122,4,69,7080,0.0000,vanish
23_XmN5TD3AjMY,123,5,41,17234,0.1677,shrink
23_XmN5TD3AjMY,123,3,69,5520,0.0000,vanish
23_XmN5TD3AjMY,124,1,22,916,0.0469,vanish
23_XmN5TD3AjMY,124,5,41,13643,0.0855,vanish
23_XmN5TD3AjMY,124,2,69,3853,0.0000,vanish
23_XmN5TD3AjMY,125,5,41,14164,0.0000,vanish
23_XmN5TD3AjMY,125,1,69,1341,0.0000,vanish
23_XmN5TD3AjMY,126,4,41,10455,0.0000,vanish
23_XmN5TD3AjMY,126,5,49,88358,0.1515,shrink
23_XmN5TD3AjMY,127,3,41,9788,0.0000,vanish
23_XmN5TD3AjMY,127,5,49,73682,0.0203,vanish
23_XmN5TD3AjMY,128,2,41,5633,0.0000,vanish
23_XmN5TD3AjMY,128,5,41,8439,0.0114,vanish
23_XmN5TD3AjMY,128,5,49,57335,0.0000,vanish
23_XmN5TD3AjMY,129,1,41,3335,0.0000,vanish
23_XmN5TD3AjMY,129,5,41,6285,0.0000,vanish
23_XmN5TD3AjMY,129,4,49,40349,0.0000,vanish
23_XmN5TD3AjMY,130,4,41,5045,0.0000,vanish
23_XmN5TD3AjMY,130,3,49,25923,0.0000,vanish
23_XmN5TD3AjMY,131,3,41,4111,0.0000,vanish
23_XmN5TD3AjMY,131,2,49,13435,0.0000,vanish
23_XmN5TD3AjMY,131,4,69,2176,0.1549,shrink
23_XmN5TD3AjMY,132,2,41,2740,0.0000,vanish
23_XmN5TD3AjMY,132,1,49,1499,0.0000,vanish
23_XmN5TD3AjMY,132,3,69,2141,0.2373,shrink
23_XmN5TD3AjMY,133,2,13,7482,0.0000,vanish
23_XmN5TD3AjMY,134,1,13,8718,0.0000,vanish
23_XmN5TD3AjMY,134,1,49,314,0.0000,vanish
248_3N9qCBRVviA,1,3,15,1246,0.0000,vanish
248_3N9qCBRVviA,2,2,15,1869,0.0000,vanish
248_3N9qCBRVviA,3,1,15,682,0.0000,vanish
248_3N9qCBRVviA,7,5,8,30843,0.2141,shrink
248_3N9qCBRVviA,7,5,67,22109,0.0962,vanish
248_3N9qCBRVviA,8,5,8,28718,0.0705,vanish
248_3N9qCBRVviA,8,5,67,20439,0.0328,vanish
248_3N9qCBRVviA,9,5,8,25073,0.0541,vanish
248_3N9qCBRVviA,9,5,67,18460,0.0324,vanish
248_3N9qCBRVviA,10,5,8,23679,0.1525,shrink
248_3N9qCBRVviA,10,4,67,16229,0.0859,vanish
248_3N9qCBRVviA,11,5,8,22586,0.2384,shrink
248_3N9qCBRVviA,11,3,67,14466,0.1515,shrink
248_3N9qCBRVviA,14,3,72,4129,0.0000,vanish
248_3N9qCBRVviA,15,5,15,13609,0.1613,shrink
248_3N9qCBRVviA,15,2,72,1937,0.0000,vanish
248_3N9qCBRVviA,16,2,13,3050,0.0000,vanish
248_3N9qCBRVviA,16,4,15,14478,0.1681,shrink
248_3N9qCBRVviA,17,4,8,1226,0.0000,vanish
248_3N9qCBRVviA,17,2,13,3134,0.0000,vanish
248_3N9qCBRVviA,17,3,15,13409,0.2116,shrink
248_3N9qCBRVviA,17,5,67,525,0.0038,vanish
248_3N9qCBRVviA,18,5,13,1253,0.0910,vanish
248_3N9qCBRVviA,18,2,15,10346,0.2384,shrink
248_3N9qCBRVviA,20,3,13,716,0.0000,vanish
248_3N9qCBRVviA,20,1,15,2195,0.2059,shrink
248_3N9qCBRVviA,21,4,13,3139,0.0000,vanish
248_3N9qCBRVviA,22,5,8,1249,0.1890,shrink
248_3N9qCBRVviA,22,3,13,3816,0.0000,vanish
248_3N9qCBRVviA,23,4,8,2905,0.2052,shrink
248_3N9qCBRVviA,23,5,13,3060,0.0000,vanish
248_3N9qCBRVviA,23,4,67,1190,0.1353,shrink
248_3N9qCBRVviA,24,4,13,2463,0.0000,vanish
248_3N9qCBRVviA,24,5,15,1893,0.0740,vanish
248_3N9qCBRVviA,24,3,67,1800,0.1361,shrink
248_3N9qCBRVviA,24,2,72,319,0.0000,vanish
248_3N9qCBRVviA,25,3,13,2985,0.0000,vanish
248_3N9qCBRVviA,25,4,15,3157,0.0117,vanish
248_3N9qCBRVviA,25,2,67,2258,0.2374,shrink
248_3N9qCBRVviA,25,1,72,648,0.0000,vanish
248_3N9qCBRVviA,26,2,13,3001,0.0000,vanish
248_3N9qCBRVviA,26,3,15,3318,0.0335,vanish
248_3N9qCBRVviA,26,1,67,1301,0.1799,shrink
248_3N9qCBRVviA,27,1,13,3868,0.0000,vanish
248_3N9qCBRVviA,27,2,15,2392,0.0439,vanish
248_3N9qCBRVviA,28,2,15,1578,0.0608,vanish
248_3N9qCBRVviA,29,1,15,1259,0.0000,vanish
248_3N9qCBRVviA,35,1,15,356,0.0000,vanish
248_3N9qCBRVviA,42,2,15,553,0.0000,vanish
248_3N9qCBRVviA,43,1,15,584,0.0000,vanish
248_3N9qCBRVviA,57,4,15,374,0.0000,vanish
248_3N9qCBRVviA,58,4,15,879,0.0000,vanish
248_3N9qCBRVviA,59,4,15,1001,0.0000,vanish
248_3N9qCBRVviA,60,3,15,860,0.0000,vanish
248_3N9qCBRVviA,61,2,15,393,0.0000,vanish
258_xINh_0D2h_0,26,1,16,356,0.0000,vanish
258_xINh_0D2h_0,38,5,16,9653,0.1546,shrink
258_xINh_0D2h_0,39,5,16,8087,0.0563,vanish
258_xINh_0D2h_0,40,5,16,6411,0.0000,vanish
258_xINh_0D2h_0,41,4,16,5562,0.0000,vanish
258_xINh_0D2h_0,42,3,16,3624,0.0000,vanish
258_xINh_0D2h_0,43,2,16,1917,0.0000,vanish
258_xINh_0D2h_0,44,1,16,603,0.0000,vanish
258_xINh_0D2h_0,71,2,61,4592,0.0000,vanish
258_xINh_0D2h_0,72,1,61,18338,0.0000,vanish
258_xINh_0D2h_0,73,1,61,30963,0.1939,shrink
258_xINh_0D2h_0,76,5,61,33721,0.0000,vanish
258_xINh_0D2h_0,77,4,61,34701,0.0000,vanish
258_xINh_0D2h_0,78,3,61,32541,0.0000,vanish
258_xINh_0D2h_0,79,2,61,30044,0.0000,vanish
258_xINh_0D2h_0,80,1,61,32144,0.0000,vanish
258_xINh_0D2h_0,81,3,61,32755,0.0000,vanish
258_xINh_0D2h_0,82,2,61,36459,0.0000,vanish
258_xINh_0D2h_0,83,2,61,48274,0.0000,vanish
258_xINh_0D2h_0,84,2,61,37637,0.0000,vanish
258_xINh_0D2h_0,85,1,61,10976,0.0000,vanish
258_xINh_0D2h_0,87,5,67,9139,0.2469,shrink
258_xINh_0D2h_0,88,5,67,7942,0.1789,shrink
258_xINh_0D2h_0,89,5,67,6432,0.0902,vanish
258_xINh_0D2h_0,90,5,67,5460,0.0093,vanish
258_xINh_0D2h_0,91,5,67,3496,0.0000,vanish
258_xINh_0D2h_0,92,4,67,2256,0.0000,vanish
258_xINh_0D2h_0,93,3,67,1421,0.0000,vanish
258_xINh_0D2h_0,94,2,67,580,0.0000,vanish
281__lcLNaySFDc,2,5,61,687,0.0277,vanish
281__lcLNaySFDc,3,5,61,567,0.0000,vanish
281__lcLNaySFDc,5,3,61,511,0.0000,vanish
281__lcLNaySFDc,6,2,61,361,0.0000,vanish
281__lcLNaySFDc,62,5,61,2634,0.0854,vanish
281__lcLNaySFDc,63,5,61,2573,0.0000,vanish
281__lcLNaySFDc,64,4,61,2436,0.0000,vanish
281__lcLNaySFDc,65,3,61,1892,0.0000,vanish
281__lcLNaySFDc,66,2,61,1826,0.0000,vanish
291_4JldoYOiGok,0,5,23,164980,0.0057,vanish
291_4JldoYOiGok,0,4,23,78415,0.0000,vanish
291_4JldoYOiGok,0,5,29,87666,0.1069,shrink
291_4JldoYOiGok,1,4,23,147416,0.0080,vanish
291_4JldoYOiGok,1,3,23,31960,0.0000,vanish
291_4JldoYOiGok,1,2,23,21819,0.0000,vanish
291_4JldoYOiGok,1,5,29,73470,0.0050,vanish
291_4JldoYOiGok,2,5,23,107381,0.0081,vanish
291_4JldoYOiGok,2,2,23,10937,0.0000,vanish
291_4JldoYOiGok,2,1,23,7057,0.0000,vanish
291_4JldoYOiGok,2,5,29,42099,0.0000,vanish
291_4JldoYOiGok,3,2,23,64947,0.0000,vanish
291_4JldoYOiGok,3,1,23,1019,0.0000,vanish
291_4JldoYOiGok,3,5,29,27890,0.0000,vanish
291_4JldoYOiGok,4,1,23,42497,0.0000,vanish
291_4JldoYOiGok,4,5,29,4056,0.1043,shrink
291_4JldoYOiGok,4,2,29,19942,0.0000,vanish
291_4JldoYOiGok,4,1,29,2003,0.0000,vanish
291_4JldoYOiGok,5,2,23,11888,0.0000,vanish
291_4JldoYOiGok,5,5,29,22070,0.1048,shrink
291_4JldoYOiGok,5,1,29,2807,0.0000,vanish
291_4JldoYOiGok,5,2,29,11522,0.0000,vanish
291_4JldoYOiGok,6,5,7,199894,0.1002,shrink
291_4JldoYOiGok,6,2,23,8269,0.0000,vanish
291_4JldoYOiGok,6,4,29,39444,0.1724,shrink
291_4JldoYOiGok,6,2,29,5052,0.0000,vanish
291_4JldoYOiGok,7,5,7,184278,0.0000,vanish
291_4JldoYOiGok,7,1,23,1547,0.0000,vanish
291_4JldoYOiGok,7,5,29,46219,0.1090,shrink
291_4JldoYOiGok,7,1,29,1734,0.0000,vanish
291_4JldoYOiGok,8,4,7,147804,0.0000,vanish
291_4JldoYOiGok,8,5,29,56098,0.1369,shrink
291_4JldoYOiGok,9,3,7,94721,0.0000,vanish
291_4JldoYOiGok,9,5,7,50227,0.2297,shrink
291_4JldoYOiGok,9,2,29,767,0.0000,vanish
291_4JldoYOiGok,9,5,29,51332,0.1156,shrink
291_4JldoYOiGok,10,2,7,64850,0.0000,vanish
291_4JldoYOiGok,10,5,7,63449,0.0804,vanish
291_4JldoYOiGok,10,1,29,2283,0.0000,vanish
291_4JldoYOiGok,10,5,29,40296,0.0037,vanish
291_4JldoYOiGok,11,5,7,85980,0.0927,vanish
291_4JldoYOiGok,11,1,7,20020,0.0000,vanish
291_4JldoYOiGok,11,1,29,12441,0.0000,vanish
291_4JldoYOiGok,11,5,29,28808,0.1776,shrink
291_4JldoYOiGok,12,5,7,99600,0.1042,shrink
291_4JldoYOiGok,12,2,29,11154,0.0000,vanish
291_4JldoYOiGok,13,5,7,102443,0.0947,vanish
291_4JldoYOiGok,13,1,29,10560,0.0000,vanish
291_4JldoYOiGok,13,5,29,19300,0.2434,shrink
291_4JldoYOiGok,14,1,29,11386,0.0000,vanish
291_4JldoYOiGok,14,5,29,20898,0.2401,shrink
291_4JldoYOiGok,15,2,29,11449,0.0000,vanish
291_4JldoYOiGok,15,5,29,21130,0.2107,shrink
291_4JldoYOiGok,16,3,7,1159,0.0000,vanish
291_4JldoYOiGok,16,1,23,1158,0.0000,vanish
291_4JldoYOiGok,16,2,23,1674,0.0000,vanish
291_4JldoYOiGok,16,2,29,11904,0.0000,vanish
291_4JldoYOiGok,16,4,29,20911,0.1441,shrink
291_4JldoYOiGok,17,2,7,5160,0.1415,shrink
291_4JldoYOiGok,17,3,23,10466,0.0000,vanish
291_4JldoYOiGok,17,1,29,12294,0.0000,vanish
291_4JldoYOiGok,17,4,29,21251,0.1167,shrink
291_4JldoYOiGok,18,1,7,568,0.0000,vanish
291_4JldoYOiGok,18,3,23,11343,0.0000,vanish
291_4JldoYOiGok,18,1,29,434,0.0000,vanish
291_4JldoYOiGok,18,2,29,12120,0.0000,vanish
291_4JldoYOiGok,18,5,29,16275,0.1625,shrink
291_4JldoYOiGok,19,2,23,11190,0.0000,vanish
291_4JldoYOiGok,19,2,29,11798,0.0000,vanish
291_4JldoYOiGok,19,5,29,8728,0.0000,vanish
291_4JldoYOiGok,19,3,29,3370,0.0947,vanish
291_4JldoYOiGok,20,3,7,7736,0.0000,vanish
291_4JldoYOiGok,20,3,23,10525,0.0000,vanish
291_4JldoYOiGok,20,1,29,1067,0.0000,vanish
291_4JldoYOiGok,20,1,29,10939,0.0000,vanish
291_4JldoYOiGok,20,1,29,4448,0.0000,vanish
291_4JldoYOiGok,21,2,7,1899,0.0000,vanish
291_4JldoYOiGok,21,5,7,113649,0.1725,shrink
291_4JldoYOiGok,21,2,23,10268,0.0000,vanish
291_4JldoYOiGok,21,2,29,1406,0.0000,vanish
291_4JldoYOiGok,21,2,29,9907,0.0000,vanish
291_4JldoYOiGok,21,2,29,1903,0.0000,vanish
291_4JldoYOiGok,22,5,7,113629,0.1199,shrink
291_4JldoYOiGok,22,2,23,10201,0.0000,vanish
291_4JldoYOiGok,22,1,29,1618,0.0000,vanish
291_4JldoYOiGok,22,1,29,9417,0.0000,vanish
291_4JldoYOiGok,22,1,29,355,0.0000,vanish
291_4JldoYOiGok,23,5,7,100254,0.1797,shrink
291_4JldoYOiGok,23,2,23,10327,0.0000,vanish
291_4JldoYOiGok,23,1,29,2231,0.0000,vanish
291_4JldoYOiGok,23,1,29,7340,0.0000,vanish
291_4JldoYOiGok,24,5,7,82768,0.1975,shrink
291_4JldoYOiGok,24,2,23,10671,0.0000,vanish
291_4JldoYOiGok,24,2,29,3041,0.0000,vanish
291_4JldoYOiGok,24,2,29,7793,0.0000,vanish
291_4JldoYOiGok,25,1,7,6693,0.0719,vanish
291_4JldoYOiGok,25,5,7,72435,0.1574,shrink
291_4JldoYOiGok,25,2,23,10793,0.0000,vanish
291_4JldoYOiGok,25,2,29,3629,0.0000,vanish
291_4JldoYOiGok,25,1,29,5040,0.0000,vanish
291_4JldoYOiGok,26,5,7,4805,0.0576,vanish
291_4JldoYOiGok,26,5,7,57491,0.1944,shrink
291_4JldoYOiGok,26,2,29,4337,0.0180,vanish
291_4JldoYOiGok,26,2,29,4614,0.0000,vanish
291_4JldoYOiGok,27,5,7,21235,0.0581,vanish
291_4JldoYOiGok,27,5,7,44235,0.1686,shrink
291_4JldoYOiGok,27,2,29,5816,0.0530,vanish
291_4JldoYOiGok,27,2,29,4841,0.0000,vanish
291_4JldoYOiGok,28,5,7,27696,0.0182,vanish
291_4JldoYOiGok,28,5,7,37788,0.1027,shrink
291_4JldoYOiGok,28,3,29,5923,0.2112,shrink
291_4JldoYOiGok,28,2,29,8469,0.0000,vanish
291_4JldoYOiGok,29,2,7,12170,0.0000,vanish
291_4JldoYOiGok,29,5,7,27949,0.1286,shrink
291_4JldoYOiGok,29,2,29,1025,0.0000,vanish
291_4JldoYOiGok,29,2,29,6421,0.0799,vanish
291_4JldoYOiGok,29,1,29,2280,0.0000,vanish
291_4JldoYOiGok,30,5,7,20797,0.1957,shrink
291_4JldoYOiGok,30,3,29,9496,0.2344,shrink
291_4JldoYOiGok,30,2,61,2102,0.0000,vanish
291_4JldoYOiGok,31,5,7,17002,0.2109,shrink
291_4JldoYOiGok,31,2,23,6648,0.0000,vanish
291_4JldoYOiGok,31,2,29,7318,0.0157,vanish
291_4JldoYOiGok,32,5,29,7548,0.1257,shrink
291_4JldoYOiGok,34,5,29,1336,0.2260,shrink
291_4JldoYOiGok,35,5,29,4570,0.2392,shrink
291_4JldoYOiGok,35,4,29,1346,0.1895,shrink
291_4JldoYOiGok,36,5,29,4585,0.1496,shrink
291_4JldoYOiGok,36,5,29,1361,0.0000,vanish
291_4JldoYOiGok,37,5,7,3978,0.0764,vanish
291_4JldoYOiGok,37,5,29,4033,0.0000,vanish
291_4JldoYOiGok,37,4,29,1257,0.0000,vanish
291_4JldoYOiGok,38,5,7,3972,0.2059,shrink
291_4JldoYOiGok,38,5,7,3517,0.0239,vanish
291_4JldoYOiGok,38,4,29,3379,0.0000,vanish
291_4JldoYOiGok,38,3,29,729,0.0000,vanish
291_4JldoYOiGok,39,5,7,3067,0.1324,shrink
291_4JldoYOiGok,39,5,7,2597,0.0000,vanish
291_4JldoYOiGok,39,3,29,1785,0.0000,vanish
291_4JldoYOiGok,39,3,61,395,0.0000,vanish
291_4JldoYOiGok,40,5,7,2708,0.0000,vanish
291_4JldoYOiGok,40,4,7,2018,0.0000,vanish
291_4JldoYOiGok,40,2,29,1204,0.0000,vanish
291_4JldoYOiGok,40,5,61,774,0.0000,vanish
291_4JldoYOiGok,41,4,7,1784,0.0000,vanish
291_4JldoYOiGok,41,3,7,1646,0.0000,vanish
291_4JldoYOiGok,41,1,29,719,0.0000,vanish
291_4JldoYOiGok,42,3,7,954,0.0000,vanish
291_4JldoYOiGok,42,2,7,358,0.0000,vanish
291_4JldoYOiGok,42,4,61,1978,0.0000,vanish
291_4JldoYOiGok,43,2,7,820,0.0000,vanish
291_4JldoYOiGok,43,5,29,4877,0.2061,shrink
291_4JldoYOiGok,43,4,61,2173,0.0000,vanish
291_4JldoYOiGok,44,1,7,406,0.0000,vanish
291_4JldoYOiGok,44,4,29,4250,0.2280,shrink
291_4JldoYOiGok,63,5,61,3108,0.2265,shrink
291_4JldoYOiGok,64,5,29,2549,0.2138,shrink
291_4JldoYOiGok,64,5,61,3595,0.0000,vanish
291_4JldoYOiGok,65,5,29,2446,0.1995,shrink
291_4JldoYOiGok,66,5,29,2564,0.0722,vanish
291_4JldoYOiGok,67,5,29,2687,0.0130,vanish
291_4JldoYOiGok,68,5,29,2619,0.0187,vanish
291_4JldoYOiGok,69,5,29,2790,0.0201,vanish
291_4JldoYOiGok,69,1,40,738,0.2466,shrink
291_4JldoYOiGok,70,5,29,2668,0.0416,vanish
291_4JldoYOiGok,71,5,29,2592,0.0397,vanish
291_4JldoYOiGok,72,5,29,2247,0.1055,shrink
291_4JldoYOiGok,73,4,29,2134,0.1354,shrink
291_4JldoYOiGok,75,1,29,380,0.0000,vanish
291_4JldoYOiGok,80,5,67,2697,0.2440,shrink
291_4JldoYOiGok,81,5,67,2006,0.0214,vanish
291_4JldoYOiGok,82,5,67,1714,0.0000,vanish
291_4JldoYOiGok,83,4,67,1347,0.0000,vanish
291_4JldoYOiGok,84,3,67,1030,0.0000,vanish
291_4JldoYOiGok,85,2,67,658,0.0000,vanish
291_4JldoYOiGok,89,5,40,7329,0.2100,shrink
291_4JldoYOiGok,90,5,40,4593,0.1073,shrink
291_4JldoYOiGok,91,5,7,20996,0.2367,shrink
291_4JldoYOiGok,91,5,29,6002,0.1273,shrink
291_4JldoYOiGok,91,5,40,4753,0.0000,vanish
291_4JldoYOiGok,92,5,7,20477,0.1733,shrink
291_4JldoYOiGok,92,5,29,5347,0.0584,vanish
291_4JldoYOiGok,92,4,40,2656,0.0000,vanish
291_4JldoYOiGok,93,5,7,16518,0.0000,vanish
291_4JldoYOiGok,93,5,23,6518,0.0000,vanish
291_4JldoYOiGok,93,5,29,4494,0.0000,vanish
291_4JldoYOiGok,93,3,40,3277,0.0000,vanish
291_4JldoYOiGok,94,4,7,16384,0.0000,vanish
291_4JldoYOiGok,94,4,23,5631,0.0000,vanish
291_4JldoYOiGok,94,4,29,3889,0.0000,vanish
291_4JldoYOiGok,94,2,40,1539,0.0000,vanish
291_4JldoYOiGok,95,3,7,11283,0.0000,vanish
291_4JldoYOiGok,95,3,23,5044,0.0000,vanish
291_4JldoYOiGok,95,3,29,2968,0.0000,vanish
291_4JldoYOiGok,95,1,40,493,0.0000,vanish
291_4JldoYOiGok,96,2,7,6618,0.0000,vanish
291_4JldoYOiGok,96,2,23,4121,0.0000,vanish
291_4JldoYOiGok,96,2,29,1305,0.0000,vanish
291_4JldoYOiGok,97,1,7,4312,0.0000,vanish
291_4JldoYOiGok,97,1,23,2818,0.0000,vanish
291_4JldoYOiGok,97,1,29,553,0.0000,vanish
291_4JldoYOiGok,98,1,61,1423,0.0000,vanish
291_4JldoYOiGok,103,5,7,6654,0.2257,shrink
291_4JldoYOiGok,104,4,7,5696,0.0878,vanish
291_4JldoYOiGok,105,4,7,4908,0.0000,vanish
291_4JldoYOiGok,106,3,7,3865,0.0000,vanish
291_4JldoYOiGok,106,5,40,5756,0.1652,shrink
291_4JldoYOiGok,107,2,7,2098,0.0000,vanish
291_4JldoYOiGok,107,5,40,4710,0.0815,vanish
291_4JldoYOiGok,108,1,7,319,0.0000,vanish
291_4JldoYOiGok,108,5,29,120704,0.1832,shrink
291_4JldoYOiGok,108,5,40,4046,0.0000,vanish
291_4JldoYOiGok,109,5,29,106290,0.1036,shrink
291_4JldoYOiGok,109,4,40,3738,0.0000,vanish
291_4JldoYOiGok,110,5,29,78764,0.0633,vanish
291_4JldoYOiGok,110,3,40,2592,0.0000,vanish
291_4JldoYOiGok,111,5,29,56539,0.0330,vanish
291_4JldoYOiGok,111,2,40,1775,0.0000,vanish
291_4JldoYOiGok,112,5,29,43482,0.0121,vanish
291_4JldoYOiGok,112,1,40,971,0.0000,vanish
291_4JldoYOiGok,113,5,7,3675,0.0000,vanish
291_4JldoYOiGok,113,1,29,2930,0.0000,vanish
291_4JldoYOiGok,113,5,29,19187,0.0000,vanish
291_4JldoYOiGok,114,4,7,2476,0.0000,vanish
291_4JldoYOiGok,114,4,29,11010,0.0000,vanish
291_4JldoYOiGok,114,2,61,774,0.0000,vanish
291_4JldoYOiGok,115,3,7,1480,0.0000,vanish
291_4JldoYOiGok,115,3,29,4948,0.0000,vanish
291_4JldoYOiGok,115,2,61,865,0.0000,vanish
291_4JldoYOiGok,116,2,29,1864,0.0000,vanish
291_4JldoYOiGok,116,1,61,322,0.0000,vanish
291_4JldoYOiGok,117,1,29,527,0.0000,vanish
291_4JldoYOiGok,119,5,7,29231,0.1420,shrink
291_4JldoYOiGok,120,5,7,27919,0.0940,vanish
291_4JldoYOiGok,121,5,7,26409,0.0139,vanish
291_4JldoYOiGok,122,5,7,21521,0.0347,vanish
291_4JldoYOiGok,123,5,7,16280,0.0064,vanish
291_4JldoYOiGok,124,5,7,14464,0.0000,vanish
291_4JldoYOiGok,125,4,7,10425,0.0000,vanish
291_4JldoYOiGok,126,3,7,6218,0.0000,vanish
291_4JldoYOiGok,127,2,7,5081,0.0000,vanish
291_4JldoYOiGok,127,5,23,28119,0.1211,shrink
291_4JldoYOiGok,128,2,7,2159,0.0000,vanish
291_4JldoYOiGok,128,5,23,23126,0.0000,vanish
291_4JldoYOiGok,128,5,67,7700,0.0029,vanish
291_4JldoYOiGok,129,4,23,17040,0.0000,vanish
291_4JldoYOiGok,129,3,61,1721,0.0000,vanish
291_4JldoYOiGok,129,5,67,5063,0.0000,vanish
291_4JldoYOiGok,130,3,23,14659,0.0000,vanish
291_4JldoYOiGok,130,2,61,1991,0.0000,vanish
291_4JldoYOiGok,130,4,67,3990,0.0000,vanish
291_4JldoYOiGok,131,2,23,9048,0.0000,vanish
291_4JldoYOiGok,131,1,61,489,0.0000,vanish
291_4JldoYOiGok,131,3,67,1954,0.0000,vanish
291_4JldoYOiGok,132,1,23,3589,0.0000,vanish
309_eqkqEkjLJ-A,0,4,60,2309,0.1546,shrink
309_eqkqEkjLJ-A,2,1,13,16732,0.1948,shrink
309_eqkqEkjLJ-A,3,1,60,1662,0.2148,shrink
309_eqkqEkjLJ-A,6,5,60,1477,0.1760,shrink
309_eqkqEkjLJ-A,7,5,60,1291,0.0248,vanish
309_eqkqEkjLJ-A,8,4,60,1742,0.0184,vanish
309_eqkqEkjLJ-A,9,3,60,1368,0.0234,vanish
309_eqkqEkjLJ-A,10,2,60,1225,0.0261,vanish
309_eqkqEkjLJ-A,10,5,109,5213,0.1964,shrink
309_eqkqEkjLJ-A,11,3,68,1297,0.0000,vanish
309_eqkqEkjLJ-A,12,3,109,6495,0.2437,shrink
309_eqkqEkjLJ-A,13,2,109,6845,0.2370,shrink
309_eqkqEkjLJ-A,14,1,109,6926,0.2387,shrink
309_eqkqEkjLJ-A,16,5,13,16482,0.1357,shrink
309_eqkqEkjLJ-A,16,5,60,2378,0.0000,vanish
309_eqkqEkjLJ-A,17,4,60,1818,0.0000,vanish
309_eqkqEkjLJ-A,18,3,13,16093,0.1863,shrink
309_eqkqEkjLJ-A,18,3,60,1968,0.0000,vanish
309_eqkqEkjLJ-A,19,2,13,16169,0.1918,shrink
309_eqkqEkjLJ-A,19,2,60,1817,0.0000,vanish
309_eqkqEkjLJ-A,19,2,68,593,0.0000,vanish
309_eqkqEkjLJ-A,20,1,60,1301,0.0000,vanish
309_eqkqEkjLJ-A,24,5,14,1804,0.0028,vanish
309_eqkqEkjLJ-A,25,4,14,1326,0.0000,vanish
309_eqkqEkjLJ-A,26,3,14,1177,0.0000,vanish
309_eqkqEkjLJ-A,27,2,14,874,0.0000,vanish
309_eqkqEkjLJ-A,27,2,68,455,0.0000,vanish
309_eqkqEkjLJ-A,28,1,14,895,0.0000,vanish
309_eqkqEkjLJ-A,28,5,60,1020,0.1167,shrink
309_eqkqEkjLJ-A,28,1,68,432,0.0000,vanish
309_eqkqEkjLJ-A,29,4,60,1139,0.1045,shrink
309_eqkqEkjLJ-A,30,1,14,483,0.0000,vanish
309_eqkqEkjLJ-A,30,5,60,1527,0.0059,vanish
309_eqkqEkjLJ-A,31,5,60,822,0.0000,vanish
309_eqkqEkjLJ-A,32,4,60,771,0.0000,vanish
309_eqkqEkjLJ-A,40,5,13,20928,0.1978,shrink
309_eqkqEkjLJ-A,40,3,61,746,0.0000,vanish
309_eqkqEkjLJ-A,41,5,13,20669,0.1967,shrink
309_eqkqEkjLJ-A,41,2,61,716,0.0000,vanish
309_eqkqEkjLJ-A,42,5,13,20917,0.1215,shrink
309_eqkqEkjLJ-A,42,5,13,20422,0.1085,shrink
309_eqkqEkjLJ-A,42,5,14,2431,0.2287,shrink
309_eqkqEkjLJ-A,42,1,61,617,0.0000,vanish
309_eqkqEkjLJ-A,42,5,68,5012,0.1504,shrink
309_eqkqEkjLJ-A,42,5,68,1868,0.2436,shrink
309_eqkqEkjLJ-A,43,5,13,20466,0.0151,vanish
309_eqkqEkjLJ-A,43,5,13,20975,0.0742,vanish
309_eqkqEkjLJ-A,43,4,14,1966,0.0900,vanish
309_eqkqEkjLJ-A,43,3,14,615,0.0455,vanish
309_eqkqEkjLJ-A,43,5,60,4223,0.2188,shrink
309_eqkqEkjLJ-A,43,5,68,4175,0.1370,shrink
309_eqkqEkjLJ-A,43,4,68,1526,0.1055,shrink
309_eqkqEkjLJ-A,44,4,13,20594,0.0215,vanish
309_eqkqEkjLJ-A,44,4,13,20685,0.0834,vanish
309_eqkqEkjLJ-A,44,3,14,1875,0.0592,vanish
309_eqkqEkjLJ-A,44,5,68,3467,0.1024,shrink
309_eqkqEkjLJ-A,44,3,68,1382,0.0441,vanish
309_eqkqEkjLJ-A,45,2,1,303,0.0000,vanish
309_eqkqEkjLJ-A,45,5,1,1855,0.0836,vanish
309_eqkqEkjLJ-A,45,3,13,19644,0.0367,vanish
309_eqkqEkjLJ-A,45,3,13,19473,0.1284,shrink
309_eqkqEkjLJ-A,45,2,14,1385,0.0014,vanish
309_eqkqEkjLJ-A,45,1,14,780,0.0000,vanish
309_eqkqEkjLJ-A,45,4,68,2263,0.1109,shrink
309_eqkqEkjLJ-A,45,2,68,1088,0.0000,vanish
309_eqkqEkjLJ-A,45,5,109,3479,0.2084,shrink
309_eqkqEkjLJ-A,46,3,1,1830,0.0000,vanish
309_eqkqEkjLJ-A,46,2,13,16689,0.0553,vanish
309_eqkqEkjLJ-A,46,2,13,20322,0.1306,shrink
309_eqkqEkjLJ-A,46,5,14,1069,0.0000,vanish
309_eqkqEkjLJ-A,46,2,68,1622,0.1005,shrink
309_eqkqEkjLJ-A,46,1,68,627,0.0000,vanish
309_eqkqEkjLJ-A,46,5,109,2886,0.0000,vanish
309_eqkqEkjLJ-A,47,2,1,966,0.0000,vanish
309_eqkqEkjLJ-A,47,1,13,15820,0.1420,shrink
309_eqkqEkjLJ-A,47,1,68,624,0.0000,vanish
309_eqkqEkjLJ-A,47,2,109,805,0.0000,vanish
309_eqkqEkjLJ-A,52,5,1,1143,0.0000,vanish
309_eqkqEkjLJ-A,52,5,68,849,0.1802,shrink
309_eqkqEkjLJ-A,53,4,1,1196,0.0000,vanish
309_eqkqEkjLJ-A,53,5,13,16294,0.0492,vanish
309_eqkqEkjLJ-A,53,5,13,20136,0.1028,shrink
309_eqkqEkjLJ-A,53,5,68,857,0.0898,vanish
309_eqkqEkjLJ-A,54,5,1,6280,0.0919,vanish
309_eqkqEkjLJ-A,54,3,1,1217,0.0000,vanish
309_eqkqEkjLJ-A,54,5,13,16903,0.0101,vanish
309_eqkqEkjLJ-A,54,5,13,20444,0.0777,vanish
309_eqkqEkjLJ-A,54,4,68,1014,0.1095,shrink
309_eqkqEkjLJ-A,55,5,1,5773,0.0561,vanish
309_eqkqEkjLJ-A,55,2,1,990,0.0000,vanish
309_eqkqEkjLJ-A,55,5,13,15105,0.0000,vanish
309_eqkqEkjLJ-A,55,5,13,19912,0.0584,vanish
309_eqkqEkjLJ-A,55,5,60,3321,0.0000,vanish
309_eqkqEkjLJ-A,55,5,68,798,0.0000,vanish
309_eqkqEkjLJ-A,56,1,1,510,0.0000,vanish
309_eqkqEkjLJ-A,56,4,13,14822,0.0000,vanish
309_eqkqEkjLJ-A,56,5,13,20041,0.0244,vanish
309_eqkqEkjLJ-A,56,4,60,3323,0.0000,vanish
309_eqkqEkjLJ-A,56,4,68,778,0.0000,vanish
309_eqkqEkjLJ-A,57,3,13,1988,0.0000,vanish
309_eqkqEkjLJ-A,57,5,13,19263,0.0083,vanish
309_eqkqEkjLJ-A,57,2,13,5664,0.0000,vanish
309_eqkqEkjLJ-A,57,3,60,2980,0.0000,vanish
309_eqkqEkjLJ-A,58,4,1,2147,0.0000,vanish
309_eqkqEkjLJ-A,58,2,13,1313,0.0000,vanish
309_eqkqEkjLJ-A,58,5,13,20060,0.0069,vanish
309_eqkqEkjLJ-A,58,1,13,770,0.0000,vanish
309_eqkqEkjLJ-A,58,2,60,1858,0.0000,vanish
309_eqkqEkjLJ-A,59,3,1,2284,0.0000,vanish
309_eqkqEkjLJ-A,59,3,1,2243,0.0000,vanish
309_eqkqEkjLJ-A,59,1,13,572,0.0000,vanish
309_eqkqEkjLJ-A,59,5,13,19838,0.0000,vanish
309_eqkqEkjLJ-A,59,5,14,13536,0.1074,shrink
309_eqkqEkjLJ-A,59,1,60,1807,0.0000,vanish
309_eqkqEkjLJ-A,59,5,68,14997,0.1902,shrink
309_eqkqEkjLJ-A,60,2,1,2290,0.0000,vanish
309_eqkqEkjLJ-A,60,5,13,19148,0.0000,vanish
309_eqkqEkjLJ-A,60,5,14,14911,0.1213,shrink
309_eqkqEkjLJ-A,60,5,68,14570,0.1914,shrink
309_eqkqEkjLJ-A,61,2,1,1330,0.0000,vanish
309_eqkqEkjLJ-A,61,1,1,466,0.0000,vanish
309_eqkqEkjLJ-A,61,5,13,22226,0.0000,vanish
309_eqkqEkjLJ-A,61,5,14,14469,0.1111,shrink
309_eqkqEkjLJ-A,61,5,109,17632,0.1597,shrink
309_eqkqEkjLJ-A,62,5,13,22058,0.0000,vanish
309_eqkqEkjLJ-A,62,5,14,14809,0.1140,shrink
309_eqkqEkjLJ-A,62,5,45,36969,0.1950,shrink
309_eqkqEkjLJ-A,62,5,109,15086,0.0627,vanish
309_eqkqEkjLJ-A,63,5,13,660,0.0000,vanish
309_eqkqEkjLJ-A,63,5,14,15490,0.0873,vanish
309_eqkqEkjLJ-A,63,5,45,34408,0.0444,vanish
309_eqkqEkjLJ-A,63,5,109,13962,0.0000,vanish
309_eqkqEkjLJ-A,64,5,13,24024,0.0000,vanish
309_eqkqEkjLJ-A,64,5,14,15783,0.1498,shrink
309_eqkqEkjLJ-A,64,5,45,27562,0.0000,vanish
309_eqkqEkjLJ-A,64,4,109,10019,0.0000,vanish
309_eqkqEkjLJ-A,65,5,13,24702,0.0088,vanish
309_eqkqEkjLJ-A,65,5,14,16373,0.1618,shrink
309_eqkqEkjLJ-A,65,4,45,22332,0.0000,vanish
309_eqkqEkjLJ-A,65,4,60,9070,0.0184,vanish
309_eqkqEkjLJ-A,65,3,109,6921,0.0000,vanish
309_eqkqEkjLJ-A,66,4,13,26041,0.0202,vanish
309_eqkqEkjLJ-A,66,5,14,17050,0.2436,shrink
309_eqkqEkjLJ-A,66,3,45,15005,0.0000,vanish
309_eqkqEkjLJ-A,66,4,60,7864,0.0000,vanish
309_eqkqEkjLJ-A,66,2,68,6949,0.1347,shrink
309_eqkqEkjLJ-A,66,2,109,4150,0.0000,vanish
309_eqkqEkjLJ-A,67,5,13,28735,0.0398,vanish
309_eqkqEkjLJ-A,67,2,45,8074,0.0000,vanish
309_eqkqEkjLJ-A,67,3,60,6126,0.0000,vanish
309_eqkqEkjLJ-A,67,1,68,4243,0.0627,vanish
309_eqkqEkjLJ-A,67,2,108,4343,0.0000,vanish
309_eqkqEkjLJ-A,67,1,109,1105,0.0000,vanish
309_eqkqEkjLJ-A,68,5,13,29603,0.1194,shrink
309_eqkqEkjLJ-A,68,1,45,1695,0.0000,vanish
309_eqkqEkjLJ-A,68,2,60,3404,0.0000,vanish
309_eqkqEkjLJ-A,68,1,108,2529,0.0000,vanish
309_eqkqEkjLJ-A,69,2,2,1834,0.0000,vanish
309_eqkqEkjLJ-A,69,4,13,30671,0.2432,shrink
309_eqkqEkjLJ-A,69,1,60,898,0.0000,vanish
309_eqkqEkjLJ-A,69,5,68,5886,0.0746,vanish
309_eqkqEkjLJ-A,70,4,68,5046,0.2465,shrink
309_eqkqEkjLJ-A,71,5,1,8814,0.2165,shrink
309_eqkqEkjLJ-A,71,5,68,4541,0.0000,vanish
309_eqkqEkjLJ-A,72,5,1,7157,0.0001,vanish
309_eqkqEkjLJ-A,72,5,2,3241,0.0275,vanish
309_eqkqEkjLJ-A,72,4,68,2986,0.0000,vanish
309_eqkqEkjLJ-A,73,4,1,6624,0.0000,vanish
309_eqkqEkjLJ-A,73,5,2,2939,0.0000,vanish
309_eqkqEkjLJ-A,73,3,68,2220,0.0000,vanish
309_eqkqEkjLJ-A,73,5,68,29611,0.2090,shrink
309_eqkqEkjLJ-A,74,3,1,6215,0.0000,vanish
309_eqkqEkjLJ-A,74,4,2,2734,0.0000,vanish
309_eqkqEkjLJ-A,74,5,13,39806,0.2323,shrink
309_eqkqEkjLJ-A,74,4,60,864,0.0000,vanish
309_eqkqEkjLJ-A,74,2,68,1923,0.0000,vanish
309_eqkqEkjLJ-A,74,5,68,30017,0.1117,shrink
309_eqkqEkjLJ-A,75,3,2,2638,0.0000,vanish
309_eqkqEkjLJ-A,75,3,60,1350,0.0000,vanish
309_eqkqEkjLJ-A,75,1,68,2295,0.0000,vanish
309_eqkqEkjLJ-A,75,5,68,31750,0.0000,vanish
309_eqkqEkjLJ-A,76,1,1,1973,0.0000,vanish
309_eqkqEkjLJ-A,76,2,2,1043,0.0000,vanish
309_eqkqEkjLJ-A,76,5,13,43476,0.1545,shrink
309_eqkqEkjLJ-A,76,2,60,990,0.0000,vanish
309_eqkqEkjLJ-A,76,4,68,27389,0.0000,vanish
309_eqkqEkjLJ-A,77,5,13,47668,0.0686,vanish
309_eqkqEkjLJ-A,77,2,60,1112,0.0000,vanish
309_eqkqEkjLJ-A,77,3,68,22716,0.0000,vanish
309_eqkqEkjLJ-A,77,3,109,5966,0.0000,vanish
309_eqkqEkjLJ-A,78,5,2,4874,0.1522,shrink
309_eqkqEkjLJ-A,78,5,13,47645,0.0354,vanish
309_eqkqEkjLJ-A,78,2,60,998,0.0000,vanish
309_eqkqEkjLJ-A,78,2,68,10307,0.0000,vanish
309_eqkqEkjLJ-A,78,2,109,4435,0.0000,vanish
309_eqkqEkjLJ-A,79,5,2,4268,0.0232,vanish
309_eqkqEkjLJ-A,79,5,13,45715,0.0017,vanish
309_eqkqEkjLJ-A,79,1,13,8885,0.0000,vanish
309_eqkqEkjLJ-A,79,2,60,952,0.0000,vanish
309_eqkqEkjLJ-A,79,3,60,2002,0.0225,vanish
309_eqkqEkjLJ-A,79,3,61,5489,0.0000,vanish
309_eqkqEkjLJ-A,79,1,68,5265,0.0000,vanish
309_eqkqEkjLJ-A,79,1,109,1495,0.0000,vanish
309_eqkqEkjLJ-A,80,5,2,3610,0.0000,vanish
309_eqkqEkjLJ-A,80,5,13,45357,0.0001,vanish
309_eqkqEkjLJ-A,80,2,60,913,0.0000,vanish
309_eqkqEkjLJ-A,80,2,61,10563,0.0000,vanish
309_eqkqEkjLJ-A,81,5,13,46822,0.0010,vanish
309_eqkqEkjLJ-A,81,4,60,3580,0.0000,vanish
309_eqkqEkjLJ-A,82,5,13,43126,0.0033,vanish
309_eqkqEkjLJ-A,82,1,60,2071,0.0000,vanish
309_eqkqEkjLJ-A,82,5,68,4802,0.0000,vanish
309_eqkqEkjLJ-A,83,5,13,43445,0.0105,vanish
309_eqkqEkjLJ-A,83,5,68,17446,0.0471,vanish
309_eqkqEkjLJ-A,84,5,13,42341,0.0179,vanish
309_eqkqEkjLJ-A,84,1,60,1749,0.0000,vanish
309_eqkqEkjLJ-A,84,5,68,29132,0.1236,shrink
309_eqkqEkjLJ-A,85,5,68,39552,0.1180,shrink
309_eqkqEkjLJ-A,86,5,68,24743,0.2423,shrink
309_eqkqEkjLJ-A,86,5,68,48743,0.1055,shrink
309_eqkqEkjLJ-A,87,5,61,7542,0.0438,vanish
309_eqkqEkjLJ-A,87,5,68,17934,0.2002,shrink
309_eqkqEkjLJ-A,88,2,60,729,0.0000,vanish
309_eqkqEkjLJ-A,88,5,61,15770,0.0191,vanish
309_eqkqEkjLJ-A,88,5,68,17699,0.1740,shrink
309_eqkqEkjLJ-A,89,2,1,11267,0.0363,vanish
309_eqkqEkjLJ-A,89,2,60,4172,0.0000,vanish
309_eqkqEkjLJ-A,89,5,61,17187,0.0422,vanish
309_eqkqEkjLJ-A,89,5,68,13208,0.1469,shrink
309_eqkqEkjLJ-A,89,5,68,44393,0.1027,shrink
309_eqkqEkjLJ-A,90,2,1,6439,0.0213,vanish
309_eqkqEkjLJ-A,90,1,60,2185,0.0000,vanish
309_eqkqEkjLJ-A,90,5,61,23285,0.0821,vanish
309_eqkqEkjLJ-A,90,2,68,8895,0.0773,vanish
309_eqkqEkjLJ-A,90,5,68,41636,0.0617,vanish
309_eqkqEkjLJ-A,91,1,1,409,0.0000,vanish
309_eqkqEkjLJ-A,91,5,61,33447,0.1500,shrink
309_eqkqEkjLJ-A,91,1,68,309,0.0000,vanish
309_eqkqEkjLJ-A,91,1,68,1977,0.0288,vanish
309_eqkqEkjLJ-A,91,5,68,35912,0.0367,vanish
309_eqkqEkjLJ-A,91,4,109,16844,0.0000,vanish
309_eqkqEkjLJ-A,92,3,68,6627,0.0000,vanish
309_eqkqEkjLJ-A,92,5,68,26875,0.0000,vanish
309_eqkqEkjLJ-A,92,3,109,11705,0.0000,vanish
309_eqkqEkjLJ-A,93,4,68,5296,0.0000,vanish
309_eqkqEkjLJ-A,93,4,68,13775,0.0000,vanish
309_eqkqEkjLJ-A,93,2,109,5841,0.0000,vanish
309_eqkqEkjLJ-A,94,3,60,4775,0.0000,vanish
309_eqkqEkjLJ-A,94,3,68,7049,0.0000,vanish
309_eqkqEkjLJ-A,95,2,60,2956,0.0000,vanish
309_eqkqEkjLJ-A,95,2,68,2875,0.0000,vanish
309_eqkqEkjLJ-A,96,1,60,1170,0.0000,vanish
309_eqkqEkjLJ-A,96,1,68,1319,0.0000,vanish
322_rUWndTh2COM,28,5,37,5257,0.0797,vanish
322_rUWndTh2COM,29,5,37,5582,0.0000,vanish
322_rUWndTh2COM,31,3,37,6061,0.0000,vanish
322_rUWndTh2COM,32,2,37,4780,0.0000,vanish
322_rUWndTh2COM,60,5,15,18604,0.1942,shrink
322_rUWndTh2COM,61,5,15,16660,0.0000,vanish
322_rUWndTh2COM,62,4,15,16336,0.0000,vanish
322_rUWndTh2COM,63,3,15,15716,0.0000,vanish
322_rUWndTh2COM,64,2,15,11021,0.0000,vanish
322_rUWndTh2COM,74,2,15,6675,0.0000,vanish
322_rUWndTh2COM,75,1,15,10831,0.0000,vanish
322_rUWndTh2COM,79,5,67,8154,0.2368,shrink
322_rUWndTh2COM,80,5,67,6388,0.0744,vanish
322_rUWndTh2COM,81,5,67,4475,0.0239,vanish
322_rUWndTh2COM,82,5,67,3528,0.0000,vanish
322_rUWndTh2COM,83,4,67,2838,0.0000,vanish
322_rUWndTh2COM,84,3,67,1931,0.0000,vanish
322_rUWndTh2COM,85,2,67,475,0.0000,vanish
322_rUWndTh2COM,90,1,15,3311,0.0000,vanish
349_Gh9yCX9KyrU,120,5,29,16247,0.1971,shrink
349_Gh9yCX9KyrU,121,5,29,13272,0.0055,vanish
349_Gh9yCX9KyrU,122,5,29,10293,0.0004,vanish
349_Gh9yCX9KyrU,123,5,29,4539,0.0000,vanish
349_Gh9yCX9KyrU,124,4,29,3774,0.0000,vanish
349_Gh9yCX9KyrU,125,3,29,3186,0.0000,vanish
353_-5sqmCF8OFU,10,5,54,6493,0.0000,vanish
353_-5sqmCF8OFU,11,5,54,54296,0.0482,vanish
353_-5sqmCF8OFU,12,5,54,119781,0.1294,shrink
353_-5sqmCF8OFU,13,5,54,154949,0.1548,shrink
353_-5sqmCF8OFU,13,5,61,2064,0.1177,shrink
353_-5sqmCF8OFU,13,5,61,1341,0.1163,shrink
353_-5sqmCF8OFU,13,3,68,412,0.0000,vanish
353_-5sqmCF8OFU,13,1,69,7583,0.0393,vanish
353_-5sqmCF8OFU,14,1,15,686,0.0000,vanish
353_-5sqmCF8OFU,14,1,23,2239,0.0000,vanish
353_-5sqmCF8OFU,14,5,54,165612,0.2108,shrink
353_-5sqmCF8OFU,14,5,61,5217,0.2036,shrink
353_-5sqmCF8OFU,14,3,61,1121,0.0000,vanish
353_-5sqmCF8OFU,14,3,61,1362,0.0000,vanish
353_-5sqmCF8OFU,14,4,68,18184,0.0000,vanish
353_-5sqmCF8OFU,14,1,69,19179,0.1953,shrink
353_-5sqmCF8OFU,14,1,81,3097,0.0000,vanish
353_-5sqmCF8OFU,14,3,253,1658,0.0000,vanish
353_-5sqmCF8OFU,15,5,61,13813,0.2337,shrink
353_-5sqmCF8OFU,15,4,61,12116,0.0000,vanish
353_-5sqmCF8OFU,15,4,68,37940,0.0000,vanish
353_-5sqmCF8OFU,15,2,69,26335,0.2341,shrink
353_-5sqmCF8OFU,15,4,253,15464,0.0000,vanish
353_-5sqmCF8OFU,16,1,15,756,0.0000,vanish
353_-5sqmCF8OFU,16,4,253,24959,0.0000,vanish
353_-5sqmCF8OFU,17,1,15,379,0.0000,vanish
353_-5sqmCF8OFU,17,3,69,41711,0.1806,shrink
353_-5sqmCF8OFU,17,5,253,27377,0.0000,vanish
353_-5sqmCF8OFU,18,5,253,29771,0.1324,shrink
353_-5sqmCF8OFU,25,5,253,22577,0.2085,shrink
353_-5sqmCF8OFU,26,5,253,20185,0.0000,vanish
353_-5sqmCF8OFU,27,4,253,16022,0.0000,vanish
353_-5sqmCF8OFU,28,3,253,13522,0.0000,vanish
353_-5sqmCF8OFU,29,2,253,10321,0.0000,vanish
353_-5sqmCF8OFU,30,1,253,5437,0.0000,vanish
353_-5sqmCF8OFU,33,5,81,3971,0.0353,vanish
353_-5sqmCF8OFU,34,5,81,1632,0.0000,vanish
353_-5sqmCF8OFU,36,3,81,3697,0.0000,vanish
353_-5sqmCF8OFU,37,2,81,1220,0.0000,vanish
353_-5sqmCF8OFU,39,5,16,68535,0.2359,shrink
353_-5sqmCF8OFU,40,5,16,56741,0.1732,shrink
353_-5sqmCF8OFU,41,3,16,2611,0.0000,vanish
353_-5sqmCF8OFU,41,5,16,42207,0.0609,vanish
353_-5sqmCF8OFU,42,2,16,1037,0.0000,vanish
353_-5sqmCF8OFU,42,5,16,33317,0.0000,vanish
353_-5sqmCF8OFU,42,5,67,70880,0.2387,shrink
353_-5sqmCF8OFU,43,4,16,23468,0.0000,vanish
353_-5sqmCF8OFU,43,5,67,59475,0.1552,shrink
353_-5sqmCF8OFU,44,3,16,16170,0.0000,vanish
353_-5sqmCF8OFU,44,5,67,46489,0.0213,vanish
353_-5sqmCF8OFU,45,2,16,9829,0.0000,vanish
353_-5sqmCF8OFU,45,5,67,35428,0.0000,vanish
353_-5sqmCF8OFU,46,1,16,738,0.0000,vanish
353_-5sqmCF8OFU,46,1,16,318,0.0000,vanish
353_-5sqmCF8OFU,46,1,16,1513,0.0000,vanish
353_-5sqmCF8OFU,46,4,67,25508,0.0000,vanish
353_-5sqmCF8OFU,47,3,67,16919,0.0000,vanish
353_-5sqmCF8OFU,48,2,67,9233,0.0000,vanish
353_-5sqmCF8OFU,49,1,67,644,0.0000,vanish
353_-5sqmCF8OFU,49,1,67,345,0.0000,vanish
353_-5sqmCF8OFU,61,2,81,376,0.0000,vanish
353_-5sqmCF8OFU,67,1,81,707,0.0000,vanish
353_-5sqmCF8OFU,73,1,16,641,0.0000,vanish
358_t384CT-gxlA,3,1,16,332,0.0000,vanish
358_t384CT-gxlA,67,5,67,4645,0.0000,vanish
358_t384CT-gxlA,68,4,67,2821,0.0000,vanish
358_t384CT-gxlA,69,3,67,1620,0.0000,vanish
358_t384CT-gxlA,71,1,67,580,0.0000,vanish
387_Estkfs5A7Gg,0,2,76,545,0.0000,vanish
387_Estkfs5A7Gg,1,1,76,320,0.0000,vanish
387_Estkfs5A7Gg,34,1,76,459,0.0261,vanish
387_Estkfs5A7Gg,57,3,76,567,0.1093,shrink
387_Estkfs5A7Gg,60,4,76,930,0.0000,vanish
387_Estkfs5A7Gg,62,4,76,470,0.0000,vanish
387_Estkfs5A7Gg,63,3,76,425,0.0000,vanish
387_Estkfs5A7Gg,64,2,76,364,0.0000,vanish
387_Estkfs5A7Gg,65,1,76,400,0.0000,vanish
387_Estkfs5A7Gg,93,4,76,770,0.0000,vanish
387_Estkfs5A7Gg,94,3,76,327,0.0000,vanish
387_Estkfs5A7Gg,108,4,76,3892,0.0000,vanish
387_Estkfs5A7Gg,109,3,76,4041,0.0000,vanish
387_Estkfs5A7Gg,110,2,76,4731,0.0000,vanish
387_Estkfs5A7Gg,111,1,76,1813,0.0000,vanish
387_Estkfs5A7Gg,113,5,76,8809,0.0439,vanish
387_Estkfs5A7Gg,115,1,76,347,0.0000,vanish
387_Estkfs5A7Gg,119,5,76,2244,0.0406,vanish
387_Estkfs5A7Gg,125,2,76,661,0.0212,vanish
387_Estkfs5A7Gg,126,1,76,427,0.0000,vanish
387_Estkfs5A7Gg,131,2,76,552,0.0000,vanish
387_Estkfs5A7Gg,132,1,76,660,0.0000,vanish
408_OUxVRatalCM,0,3,12,5620,0.0000,vanish
408_OUxVRatalCM,1,2,12,3339,0.0000,vanish
408_OUxVRatalCM,2,1,12,889,0.0000,vanish
408_OUxVRatalCM,7,5,8,24105,0.1842,shrink
408_OUxVRatalCM,8,5,8,20522,0.0303,vanish
408_OUxVRatalCM,9,5,8,16713,0.0000,vanish
408_OUxVRatalCM,10,4,8,12729,0.0000,vanish
408_OUxVRatalCM,11,3,8,8695,0.0000,vanish
408_OUxVRatalCM,12,2,8,4441,0.0000,vanish
408_OUxVRatalCM,12,5,12,28036,0.0613,vanish
408_OUxVRatalCM,13,1,8,622,0.0000,vanish
408_OUxVRatalCM,13,5,12,28307,0.1000,shrink
408_OUxVRatalCM,14,5,12,25984,0.0911,vanish
408_OUxVRatalCM,15,5,12,21196,0.0341,vanish
408_OUxVRatalCM,16,5,12,17500,0.0000,vanish
408_OUxVRatalCM,17,4,12,12863,0.0000,vanish
408_OUxVRatalCM,18,3,12,8210,0.0000,vanish
408_OUxVRatalCM,18,5,12,9624,0.0990,vanish
408_OUxVRatalCM,19,2,12,3854,0.0000,vanish
408_OUxVRatalCM,19,5,12,15966,0.1164,shrink
408_OUxVRatalCM,20,1,12,785,0.0000,vanish
408_OUxVRatalCM,20,5,12,19192,0.1195,shrink
408_OUxVRatalCM,21,5,12,25227,0.1500,shrink
408_OUxVRatalCM,22,5,12,27770,0.1471,shrink
408_OUxVRatalCM,23,5,12,25070,0.1846,shrink
408_OUxVRatalCM,24,5,12,25695,0.1692,shrink
408_OUxVRatalCM,25,2,0,4476,0.0000,vanish
408_OUxVRatalCM,25,5,12,26856,0.1241,shrink
408_OUxVRatalCM,26,5,12,27264,0.1383,shrink
408_OUxVRatalCM,27,5,12,28253,0.1428,shrink
408_OUxVRatalCM,28,5,12,28131,0.1360,shrink
408_OUxVRatalCM,29,5,12,27693,0.1278,shrink
408_OUxVRatalCM,31,5,12,27733,0.1798,shrink
408_OUxVRatalCM,32,5,12,2950,0.0766,vanish
408_OUxVRatalCM,33,5,12,2735,0.0241,vanish
408_OUxVRatalCM,34,5,12,4153,0.0099,vanish
408_OUxVRatalCM,35,5,12,4789,0.0102,vanish
408_OUxVRatalCM,35,2,29,579,0.0328,vanish
408_OUxVRatalCM,41,5,29,3588,0.1926,shrink
408_OUxVRatalCM,41,5,67,21081,0.2323,shrink
408_OUxVRatalCM,42,5,29,4671,0.1584,shrink
408_OUxVRatalCM,42,5,67,18088,0.1042,shrink
408_OUxVRatalCM,43,5,29,5591,0.1223,shrink
408_OUxVRatalCM,43,5,67,14233,0.0137,vanish
408_OUxVRatalCM,44,5,12,2411,0.0465,vanish
408_OUxVRatalCM,44,5,29,5667,0.1359,shrink
408_OUxVRatalCM,44,5,67,10774,0.0000,vanish
408_OUxVRatalCM,45,5,12,5560,0.0561,vanish
408_OUxVRatalCM,45,4,67,8915,0.0000,vanish
408_OUxVRatalCM,46,5,12,6705,0.0330,vanish
408_OUxVRatalCM,46,3,67,4898,0.0000,vanish
408_OUxVRatalCM,47,5,12,8077,0.0308,vanish
408_OUxVRatalCM,47,2,67,1884,0.0000,vanish
408_OUxVRatalCM,56,5,12,2731,0.1186,shrink
408_OUxVRatalCM,57,5,12,4858,0.1280,shrink
408_OUxVRatalCM,57,5,22,16457,0.2163,shrink
408_OUxVRatalCM,58,5,12,5939,0.1128,shrink
408_OUxVRatalCM,58,5,22,13664,0.2023,shrink
408_OUxVRatalCM,59,5,12,7567,0.1652,shrink
408_OUxVRatalCM,59,5,22,10827,0.1439,shrink
408_OUxVRatalCM,61,5,22,4078,0.0471,vanish
408_OUxVRatalCM,61,4,22,1329,0.0000,vanish
408_OUxVRatalCM,62,5,22,3059,0.0000,vanish
408_OUxVRatalCM,62,3,22,815,0.0000,vanish
408_OUxVRatalCM,63,5,3,13735,0.2004,shrink
408_OUxVRatalCM,63,3,22,1050,0.0000,vanish
408_OUxVRatalCM,63,4,22,1274,0.0000,vanish
408_OUxVRatalCM,63,2,22,542,0.0000,vanish
408_OUxVRatalCM,64,5,3,12038,0.0807,vanish
408_OUxVRatalCM,64,2,22,622,0.0000,vanish
408_OUxVRatalCM,64,3,22,836,0.0000,vanish
408_OUxVRatalCM,65,5,3,9842,0.0000,vanish
408_OUxVRatalCM,65,2,22,441,0.0000,vanish
408_OUxVRatalCM,66,4,3,8082,0.0000,vanish
408_OUxVRatalCM,67,3,3,4273,0.0000,vanish
408_OUxVRatalCM,68,2,3,2753,0.0000,vanish
408_OUxVRatalCM,69,1,3,971,0.0000,vanish
408_OUxVRatalCM,77,5,12,13411,0.1980,shrink
408_OUxVRatalCM,78,5,12,11272,0.0093,vanish
408_OUxVRatalCM,79,5,12,9275,0.0000,vanish
408_OUxVRatalCM,80,4,12,6927,0.0000,vanish
408_OUxVRatalCM,81,3,12,5037,0.0000,vanish
408_OUxVRatalCM,82,2,12,2656,0.0000,vanish
418_PrK3P2-18kI,0,1,67,1916,0.0000,vanish
418_PrK3P2-18kI,16,2,67,518,0.0000,vanish
418_PrK3P2-18kI,21,4,67,1164,0.0137,vanish
418_PrK3P2-18kI,22,3,67,1190,0.0613,vanish
418_PrK3P2-18kI,23,2,67,977,0.1627,shrink
418_PrK3P2-18kI,59,5,67,711,0.0000,vanish
418_PrK3P2-18kI,61,3,67,650,0.0000,vanish
418_PrK3P2-18kI,62,2,67,563,0.0000,vanish
418_PrK3P2-18kI,63,1,67,421,0.0000,vanish
439_vKH9JEdZREc,45,5,29,865,0.2058,shrink
439_vKH9JEdZREc,45,3,29,437,0.0000,vanish
443_hPrsXtTg3lM,0,5,9,1196,0.2057,shrink
443_hPrsXtTg3lM,7,5,9,1538,0.0410,vanish
443_hPrsXtTg3lM,8,5,9,1487,0.0000,vanish
443_hPrsXtTg3lM,9,4,9,1388,0.0000,vanish
443_hPrsXtTg3lM,10,3,9,1301,0.0000,vanish
443_hPrsXtTg3lM,11,2,9,677,0.0000,vanish
443_hPrsXtTg3lM,11,5,9,549,0.1075,shrink
443_hPrsXtTg3lM,12,5,9,523,0.0000,vanish
443_hPrsXtTg3lM,13,4,9,458,0.0000,vanish
443_hPrsXtTg3lM,14,3,9,412,0.0000,vanish
443_hPrsXtTg3lM,15,5,9,715,0.1734,shrink
443_hPrsXtTg3lM,15,2,9,369,0.0000,vanish
443_hPrsXtTg3lM,16,5,9,630,0.0905,vanish
443_hPrsXtTg3lM,17,5,9,625,0.0048,vanish
443_hPrsXtTg3lM,18,5,9,540,0.0000,vanish
443_hPrsXtTg3lM,19,4,9,435,0.0000,vanish
443_hPrsXtTg3lM,40,5,14,553,0.0000,vanish
443_hPrsXtTg3lM,41,4,14,878,0.0000,vanish
443_hPrsXtTg3lM,42,4,14,1293,0.0000,vanish
443_hPrsXtTg3lM,43,3,14,1090,0.0000,vanish
443_hPrsXtTg3lM,44,2,14,656,0.0000,vanish
443_hPrsXtTg3lM,45,2,14,526,0.0000,vanish
443_hPrsXtTg3lM,47,2,14,300,0.0000,vanish
443_hPrsXtTg3lM,48,1,14,355,0.0000,vanish
443_hPrsXtTg3lM,53,5,14,3413,0.2001,shrink
443_hPrsXtTg3lM,54,5,14,2860,0.1643,shrink
443_hPrsXtTg3lM,55,5,14,1860,0.0000,vanish
443_hPrsXtTg3lM,56,4,14,1994,0.0000,vanish
443_hPrsXtTg3lM,61,5,9,1480,0.1791,shrink
443_hPrsXtTg3lM,62,5,9,1468,0.0000,vanish
443_hPrsXtTg3lM,62,5,9,1647,0.1220,shrink
443_hPrsXtTg3lM,63,5,9,1518,0.0158,vanish
443_hPrsXtTg3lM,63,5,9,1649,0.1625,shrink
443_hPrsXtTg3lM,64,5,9,1491,0.1247,shrink
443_hPrsXtTg3lM,64,5,9,327,0.0000,vanish
443_hPrsXtTg3lM,65,4,9,517,0.1257,shrink
443_hPrsXtTg3lM,72,5,9,2000,0.0000,vanish
443_hPrsXtTg3lM,73,4,9,1848,0.0000,vanish
443_hPrsXtTg3lM,74,3,9,1776,0.0000,vanish
443_hPrsXtTg3lM,75,2,9,1623,0.0000,vanish
443_hPrsXtTg3lM,76,5,9,1518,0.0758,vanish
443_hPrsXtTg3lM,76,1,9,908,0.0000,vanish
443_hPrsXtTg3lM,77,5,0,14288,0.1111,shrink
443_hPrsXtTg3lM,77,5,9,1479,0.0000,vanish
443_hPrsXtTg3lM,77,5,9,1663,0.0048,vanish
443_hPrsXtTg3lM,77,5,9,1840,0.1554,shrink
443_hPrsXtTg3lM,78,5,0,12702,0.0000,vanish
443_hPrsXtTg3lM,78,4,9,1500,0.0000,vanish
443_hPrsXtTg3lM,78,5,9,1651,0.0000,vanish
443_hPrsXtTg3lM,78,5,9,1932,0.0026,vanish
443_hPrsXtTg3lM,78,5,9,2172,0.2173,shrink
443_hPrsXtTg3lM,79,4,0,10268,0.0000,vanish
443_hPrsXtTg3lM,79,4,9,1506,0.0425,vanish
443_hPrsXtTg3lM,79,4,9,1703,0.0000,vanish
443_hPrsXtTg3lM,79,5,9,1926,0.0000,vanish
443_hPrsXtTg3lM,79,5,9,2194,0.0000,vanish
443_hPrsXtTg3lM,79,5,9,2283,0.1415,shrink
443_hPrsXtTg3lM,80,5,0,730,0.0014,vanish
443_hPrsXtTg3lM,80,3,0,8061,0.0000,vanish
443_hPrsXtTg3lM,80,3,9,1724,0.0087,vanish
443_hPrsXtTg3lM,80,4,9,1970,0.0000,vanish
443_hPrsXtTg3lM,80,5,9,2235,0.0000,vanish
443_hPrsXtTg3lM,80,5,9,2374,0.0000,vanish
443_hPrsXtTg3lM,80,5,9,1846,0.2096,shrink
443_hPrsXtTg3lM,81,4,0,2011,0.0582,vanish
443_hPrsXtTg3lM,81,2,0,5131,0.0000,vanish
443_hPrsXtTg3lM,81,3,9,1642,0.0000,vanish
443_hPrsXtTg3lM,81,4,9,1876,0.0000,vanish
443_hPrsXtTg3lM,81,4,9,2224,0.0000,vanish
443_hPrsXtTg3lM,81,5,9,2418,0.0000,vanish
443_hPrsXtTg3lM,81,5,9,2342,0.0504,vanish
443_hPrsXtTg3lM,81,5,9,2165,0.1538,shrink
443_hPrsXtTg3lM,81,3,93,394,0.0000,vanish
443_hPrsXtTg3lM,82,3,0,4716,0.2239,shrink
443_hPrsXtTg3lM,82,1,0,380,0.0000,vanish
443_hPrsXtTg3lM,82,1,0,1204,0.0000,vanish
443_hPrsXtTg3lM,82,3,9,1838,0.0169,vanish
443_hPrsXtTg3lM,82,3,9,1898,0.0000,vanish
443_hPrsXtTg3lM,82,4,9,2309,0.0000,vanish
443_hPrsXtTg3lM,82,5,9,2467,0.0000,vanish
443_hPrsXtTg3lM,82,5,9,2496,0.0000,vanish
443_hPrsXtTg3lM,82,5,9,2389,0.0887,vanish
443_hPrsXtTg3lM,82,4,9,745,0.0000,vanish
443_hPrsXtTg3lM,82,2,93,1223,0.0000,vanish
443_hPrsXtTg3lM,83,3,9,2028,0.0000,vanish
443_hPrsXtTg3lM,83,4,9,2420,0.0000,vanish
443_hPrsXtTg3lM,83,4,9,2261,0.0000,vanish
443_hPrsXtTg3lM,83,5,9,2584,0.0000,vanish
443_hPrsXtTg3lM,83,5,9,2484,0.0431,vanish
443_hPrsXtTg3lM,83,3,61,1415,0.0000,vanish
443_hPrsXtTg3lM,83,2,93,2135,0.0000,vanish
443_hPrsXtTg3lM,84,3,9,2029,0.0000,vanish
443_hPrsXtTg3lM,84,3,9,2344,0.0000,vanish
443_hPrsXtTg3lM,84,4,9,1829,0.0000,vanish
443_hPrsXtTg3lM,84,5,9,2606,0.0342,vanish
443_hPrsXtTg3lM,84,5,9,2478,0.1231,shrink
443_hPrsXtTg3lM,84,3,61,4895,0.0000,vanish
443_hPrsXtTg3lM,85,3,9,2037,0.0000,vanish
443_hPrsXtTg3lM,85,4,9,2392,0.0000,vanish
443_hPrsXtTg3lM,85,5,9,1066,0.0000,vanish
443_hPrsXtTg3lM,85,5,9,2646,0.0695,vanish
443_hPrsXtTg3lM,85,5,9,2479,0.1650,shrink
443_hPrsXtTg3lM,85,1,9,793,0.0126,vanish
443_hPrsXtTg3lM,85,3,61,7186,0.0026,vanish
443_hPrsXtTg3lM,85,5,93,1387,0.0411,vanish
443_hPrsXtTg3lM,86,4,9,2106,0.0000,vanish
443_hPrsXtTg3lM,86,4,9,2284,0.0000,vanish
443_hPrsXtTg3lM,86,5,9,927,0.0000,vanish
443_hPrsXtTg3lM,86,5,9,2694,0.1039,shrink
443_hPrsXtTg3lM,86,5,9,2427,0.1389,shrink
443_hPrsXtTg3lM,86,5,93,4007,0.2244,shrink
443_hPrsXtTg3lM,87,4,9,2245,0.0000,vanish
443_hPrsXtTg3lM,87,5,9,2496,0.0180,vanish
443_hPrsXtTg3lM,87,5,9,1756,0.2261,shrink
443_hPrsXtTg3lM,87,5,9,2790,0.2280,shrink
443_hPrsXtTg3lM,87,5,9,2430,0.0942,vanish
443_hPrsXtTg3lM,88,4,9,2249,0.1258,shrink
443_hPrsXtTg3lM,88,5,9,2436,0.0530,vanish
443_hPrsXtTg3lM,89,3,9,2219,0.2294,shrink
443_hPrsXtTg3lM,89,4,9,2448,0.0903,vanish
443_hPrsXtTg3lM,89,5,61,1282,0.1927,shrink
443_hPrsXtTg3lM,92,2,9,1226,0.1705,shrink
443_hPrsXtTg3lM,93,1,1,630,0.0000,vanish
443_hPrsXtTg3lM,94,4,9,765,0.0444,vanish
443_hPrsXtTg3lM,94,4,9,695,0.0561,vanish
443_hPrsXtTg3lM,94,3,9,551,0.1125,shrink
443_hPrsXtTg3lM,94,4,9,882,0.2007,shrink
443_hPrsXtTg3lM,98,2,1,1135,0.2388,shrink
443_hPrsXtTg3lM,109,5,9,918,0.0000,vanish
443_hPrsXtTg3lM,109,5,9,1503,0.1537,shrink
443_hPrsXtTg3lM,110,4,9,746,0.0000,vanish
443_hPrsXtTg3lM,110,5,9,1502,0.0000,vanish
443_hPrsXtTg3lM,110,5,9,1783,0.1374,shrink
443_hPrsXtTg3lM,111,4,9,841,0.0000,vanish
443_hPrsXtTg3lM,111,5,9,1447,0.0000,vanish
443_hPrsXtTg3lM,111,5,9,1840,0.0734,vanish
443_hPrsXtTg3lM,112,5,9,1696,0.0000,vanish
443_hPrsXtTg3lM,112,5,9,1867,0.0000,vanish
443_hPrsXtTg3lM,113,4,9,1576,0.0000,vanish
443_hPrsXtTg3lM,113,5,9,1880,0.0000,vanish
443_hPrsXtTg3lM,113,5,9,2317,0.1442,shrink
443_hPrsXtTg3lM,114,4,9,1624,0.0000,vanish
443_hPrsXtTg3lM,114,5,9,2004,0.0000,vanish
443_hPrsXtTg3lM,114,5,9,2450,0.2151,shrink
443_hPrsXtTg3lM,115,5,9,2074,0.0000,vanish
443_hPrsXtTg3lM,115,5,9,2590,0.2174,shrink
443_hPrsXtTg3lM,116,5,9,2125,0.0014,vanish
443_hPrsXtTg3lM,116,5,9,2661,0.2063,shrink
443_hPrsXtTg3lM,117,5,9,2749,0.1797,shrink
443_hPrsXtTg3lM,117,5,9,3020,0.2089,shrink
443_hPrsXtTg3lM,117,5,9,4657,0.2313,shrink
443_hPrsXtTg3lM,118,5,9,2837,0.2252,shrink
443_hPrsXtTg3lM,118,5,9,2605,0.0000,vanish
443_hPrsXtTg3lM,118,2,93,395,0.0000,vanish
443_hPrsXtTg3lM,119,5,9,2961,0.1689,shrink
443_hPrsXtTg3lM,119,4,9,2439,0.0000,vanish
443_hPrsXtTg3lM,119,2,93,528,0.0000,vanish
443_hPrsXtTg3lM,120,5,9,3024,0.0694,vanish
443_hPrsXtTg3lM,120,3,9,2051,0.0000,vanish
443_hPrsXtTg3lM,120,1,14,563,0.0000,vanish
443_hPrsXtTg3lM,121,5,9,3011,0.1063,shrink
443_hPrsXtTg3lM,121,2,9,1456,0.0000,vanish
443_hPrsXtTg3lM,122,5,9,3105,0.2106,shrink
443_hPrsXtTg3lM,122,1,9,655,0.0000,vanish
447_-vXAEF2Ygow,14,5,32,13869,0.0746,vanish
447_-vXAEF2Ygow,15,5,32,7060,0.0572,vanish
447_-vXAEF2Ygow,15,5,32,11793,0.0157,vanish
447_-vXAEF2Ygow,16,5,32,5230,0.0000,vanish
447_-vXAEF2Ygow,16,5,32,9927,0.0000,vanish
447_-vXAEF2Ygow,17,4,32,3886,0.0000,vanish
447_-vXAEF2Ygow,17,4,32,7217,0.0000,vanish
447_-vXAEF2Ygow,18,3,32,2817,0.0000,vanish
447_-vXAEF2Ygow,18,3,32,5941,0.0000,vanish
447_-vXAEF2Ygow,19,2,32,1500,0.0000,vanish
447_-vXAEF2Ygow,19,2,32,1034,0.0000,vanish
447_-vXAEF2Ygow,20,1,32,399,0.0000,vanish
447_-vXAEF2Ygow,21,5,32,4529,0.2493,shrink
447_-vXAEF2Ygow,22,5,32,3922,0.0242,vanish
447_-vXAEF2Ygow,23,5,32,3238,0.0000,vanish
447_-vXAEF2Ygow,24,4,32,2312,0.0000,vanish
447_-vXAEF2Ygow,25,3,32,1782,0.0000,vanish
447_-vXAEF2Ygow,26,2,32,1135,0.0000,vanish
447_-vXAEF2Ygow,56,5,32,9377,0.2006,shrink
447_-vXAEF2Ygow,57,5,32,6290,0.1919,shrink
447_-vXAEF2Ygow,57,5,32,8194,0.0000,vanish
447_-vXAEF2Ygow,58,5,32,6200,0.0000,vanish
447_-vXAEF2Ygow,58,4,32,6083,0.0000,vanish
447_-vXAEF2Ygow,59,4,32,5779,0.0000,vanish
447_-vXAEF2Ygow,59,3,32,4038,0.0000,vanish
447_-vXAEF2Ygow,60,3,32,6242,0.0000,vanish
447_-vXAEF2Ygow,60,2,32,3053,0.0000,vanish
447_-vXAEF2Ygow,61,2,32,3120,0.0000,vanish
447_-vXAEF2Ygow,61,1,32,1881,0.0000,vanish
447_-vXAEF2Ygow,62,1,32,1207,0.0000,vanish
447_-vXAEF2Ygow,69,5,32,7518,0.0775,vanish
447_-vXAEF2Ygow,70,5,32,6437,0.0000,vanish
447_-vXAEF2Ygow,71,4,32,5415,0.0000,vanish
447_-vXAEF2Ygow,72,3,32,3876,0.0000,vanish
447_-vXAEF2Ygow,73,2,32,2274,0.0000,vanish
447_-vXAEF2Ygow,74,1,32,927,0.0000,vanish
447_-vXAEF2Ygow,78,4,32,1821,0.0000,vanish
447_-vXAEF2Ygow,79,3,32,1496,0.0000,vanish
447_-vXAEF2Ygow,80,2,32,948,0.0000,vanish
447_-vXAEF2Ygow,81,1,32,422,0.0000,vanish
447_-vXAEF2Ygow,86,5,32,804,0.0000,vanish
447_-vXAEF2Ygow,87,5,32,1525,0.0000,vanish
447_-vXAEF2Ygow,88,5,32,2281,0.0000,vanish
447_-vXAEF2Ygow,90,5,16,3562,0.1811,shrink
447_-vXAEF2Ygow,91,5,16,2348,0.0064,vanish
447_-vXAEF2Ygow,92,5,16,1927,0.0000,vanish
447_-vXAEF2Ygow,93,4,16,1582,0.0000,vanish
447_-vXAEF2Ygow,94,3,16,1110,0.0000,vanish
447_-vXAEF2Ygow,95,2,16,654,0.0000,vanish
474_jK3hH4zNZH0,0,5,13,26755,0.2425,shrink
474_jK3hH4zNZH0,1,5,13,27451,0.0493,vanish
474_jK3hH4zNZH0,2,5,13,26721,0.0391,vanish
474_jK3hH4zNZH0,2,5,29,3293,0.1312,shrink
474_jK3hH4zNZH0,3,4,13,26426,0.0385,vanish
474_jK3hH4zNZH0,3,5,16,152061,0.1964,shrink
474_jK3hH4zNZH0,3,5,29,3213,0.0000,vanish
474_jK3hH4zNZH0,4,5,8,155123,0.1413,shrink
474_jK3hH4zNZH0,4,2,13,26571,0.0927,vanish
474_jK3hH4zNZH0,4,5,16,149407,0.0677,vanish
474_jK3hH4zNZH0,4,5,23,75015,0.1941,shrink
474_jK3hH4zNZH0,4,5,23,8102,0.1078,shrink
474_jK3hH4zNZH0,4,4,29,5038,0.0000,vanish
474_jK3hH4zNZH0,5,5,8,90841,0.2332,shrink
474_jK3hH4zNZH0,5,5,8,155083,0.0819,vanish
474_jK3hH4zNZH0,5,5,13,26495,0.1705,shrink
474_jK3hH4zNZH0,5,5,16,147501,0.0467,vanish
474_jK3hH4zNZH0,5,5,23,75319,0.1268,shrink
474_jK3hH4zNZH0,5,5,23,7410,0.0659,vanish
474_jK3hH4zNZH0,5,4,29,5589,0.0000,vanish
474_jK3hH4zNZH0,6,5,13,26351,0.0394,vanish
474_jK3hH4zNZH0,6,4,16,144951,0.1264,shrink
474_jK3hH4zNZH0,6,4,29,6796,0.0000,vanish
474_jK3hH4zNZH0,7,5,13,26628,0.0320,vanish
474_jK3hH4zNZH0,7,5,29,6536,0.0257,vanish
474_jK3hH4zNZH0,8,5,13,26395,0.0354,vanish
474_jK3hH4zNZH0,8,2,29,5408,0.2420,shrink
474_jK3hH4zNZH0,9,3,13,25980,0.0374,vanish
474_jK3hH4zNZH0,9,1,29,4159,0.0173,vanish
474_jK3hH4zNZH0,10,2,13,25865,0.1763,shrink
474_jK3hH4zNZH0,11,1,13,24345,0.1686,shrink
474_jK3hH4zNZH0,12,2,13,20513,0.0808,vanish
474_jK3hH4zNZH0,12,5,23,18295,0.2112,shrink
474_jK3hH4zNZH0,13,5,13,19879,0.1254,shrink
474_jK3hH4zNZH0,13,4,23,21545,0.0885,vanish
474_jK3hH4zNZH0,14,4,13,19412,0.0372,vanish
474_jK3hH4zNZH0,14,3,23,25222,0.1729,shrink
474_jK3hH4zNZH0,15,3,13,15622,0.0907,vanish
474_jK3hH4zNZH0,15,1,13,869,0.0000,vanish
474_jK3hH4zNZH0,15,1,29,1951,0.2076,shrink
474_jK3hH4zNZH0,16,5,13,13795,0.0889,vanish
474_jK3hH4zNZH0,17,5,13,12684,0.1274,shrink
474_jK3hH4zNZH0,18,5,13,12759,0.0660,vanish
474_jK3hH4zNZH0,18,5,23,33593,0.2430,shrink
474_jK3hH4zNZH0,19,5,23,34551,0.1334,shrink
474_jK3hH4zNZH0,19,2,29,1299,0.0508,vanish
474_jK3hH4zNZH0,20,4,23,36101,0.1052,shrink
474_jK3hH4zNZH0,20,1,29,1117,0.0403,vanish
474_jK3hH4zNZH0,21,5,13,13041,0.1018,shrink
474_jK3hH4zNZH0,21,3,23,34506,0.0138,vanish
474_jK3hH4zNZH0,22,5,13,12047,0.0529,vanish
474_jK3hH4zNZH0,22,4,19,957,0.0000,vanish
474_jK3hH4zNZH0,22,5,29,4438,0.0978,vanish
474_jK3hH4zNZH0,23,5,13,11192,0.0509,vanish
474_jK3hH4zNZH0,23,5,16,183587,0.2257,shrink
474_jK3hH4zNZH0,23,3,19,908,0.1685,shrink
474_jK3hH4zNZH0,23,5,29,12123,0.0613,vanish
474_jK3hH4zNZH0,24,5,8,115208,0.2034,shrink
474_jK3hH4zNZH0,24,5,8,129806,0.1413,shrink
474_jK3hH4zNZH0,24,4,13,11467,0.0547,vanish
474_jK3hH4zNZH0,24,5,16,179391,0.0870,vanish
474_jK3hH4zNZH0,24,2,19,953,0.2277,shrink
474_jK3hH4zNZH0,24,5,23,18491,0.0737,vanish
474_jK3hH4zNZH0,24,5,23,33662,0.0000,vanish
474_jK3hH4zNZH0,24,5,29,13366,0.0000,vanish
474_jK3hH4zNZH0,25,3,13,12357,0.0384,vanish
474_jK3hH4zNZH0,25,1,19,817,0.0000,vanish
474_jK3hH4zNZH0,25,4,29,6020,0.0000,vanish
474_jK3hH4zNZH0,25,4,29,13118,0.1882,shrink
474_jK3hH4zNZH0,26,2,13,11434,0.0428,vanish
474_jK3hH4zNZH0,26,3,29,2629,0.0000,vanish
474_jK3hH4zNZH0,26,3,29,8993,0.1900,shrink
474_jK3hH4zNZH0,27,1,13,11301,0.0535,vanish
474_jK3hH4zNZH0,27,5,23,37163,0.1948,shrink
474_jK3hH4zNZH0,27,1,29,434,0.0000,vanish
474_jK3hH4zNZH0,27,1,29,4380,0.0598,vanish
474_jK3hH4zNZH0,28,5,8,120318,0.1114,shrink
474_jK3hH4zNZH0,28,5,8,123484,0.1977,shrink
474_jK3hH4zNZH0,28,3,13,8867,0.0468,vanish
474_jK3hH4zNZH0,28,5,16,190231,0.0322,vanish
474_jK3hH4zNZH0,28,5,23,38309,0.0000,vanish
474_jK3hH4zNZH0,29,5,8,128099,0.0273,vanish
474_jK3hH4zNZH0,29,4,8,120223,0.0199,vanish
474_jK3hH4zNZH0,29,2,13,10838,0.0648,vanish
474_jK3hH4zNZH0,29,4,16,189779,0.0097,vanish
474_jK3hH4zNZH0,29,5,23,6472,0.0000,vanish
474_jK3hH4zNZH0,29,3,23,37015,0.0000,vanish
474_jK3hH4zNZH0,30,5,8,132151,0.0644,vanish
474_jK3hH4zNZH0,30,3,8,121506,0.1625,shrink
474_jK3hH4zNZH0,30,1,13,11425,0.0655,vanish
474_jK3hH4zNZH0,30,3,16,184209,0.0509,vanish
474_jK3hH4zNZH0,30,5,23,8194,0.0000,vanish
474_jK3hH4zNZH0,30,3,23,37138,0.0000,vanish
474_jK3hH4zNZH0,31,3,13,11973,0.0026,vanish
474_jK3hH4zNZH0,32,2,13,11516,0.1026,shrink
474_jK3hH4zNZH0,34,5,13,12383,0.1575,shrink
474_jK3hH4zNZH0,35,5,13,12851,0.0674,vanish
474_jK3hH4zNZH0,35,5,23,35513,0.0031,vanish
474_jK3hH4zNZH0,36,5,8,119752,0.1893,shrink
474_jK3hH4zNZH0,36,5,13,12753,0.0492,vanish
474_jK3hH4zNZH0,36,5,16,209758,0.0975,vanish
474_jK3hH4zNZH0,36,4,23,35761,0.0000,vanish
474_jK3hH4zNZH0,37,4,8,119715,0.1426,shrink
474_jK3hH4zNZH0,37,5,13,14316,0.0497,vanish
474_jK3hH4zNZH0,37,4,16,213746,0.0809,vanish
474_jK3hH4zNZH0,37,3,23,33618,0.0000,vanish
474_jK3hH4zNZH0,38,3,8,120962,0.2059,shrink
474_jK3hH4zNZH0,38,3,13,14292,0.0483,vanish
474_jK3hH4zNZH0,38,3,16,216616,0.2069,shrink
474_jK3hH4zNZH0,38,2,23,33636,0.0000,vanish
474_jK3hH4zNZH0,39,2,13,14863,0.0517,vanish
474_jK3hH4zNZH0,39,2,23,31337,0.1626,shrink
474_jK3hH4zNZH0,40,5,8,144057,0.0255,vanish
474_jK3hH4zNZH0,40,3,13,14673,0.0288,vanish
474_jK3hH4zNZH0,40,5,16,220308,0.1798,shrink
474_jK3hH4zNZH0,40,5,23,13362,0.0000,vanish
474_jK3hH4zNZH0,40,5,23,31262,0.0437,vanish
474_jK3hH4zNZH0,40,5,29,11840,0.0000,vanish
474_jK3hH4zNZH0,41,5,8,117066,0.0989,vanish
474_jK3hH4zNZH0,41,5,8,147959,0.0000,vanish
474_jK3hH4zNZH0,41,3,13,14796,0.0574,vanish
474_jK3hH4zNZH0,41,5,16,220760,0.0763,vanish
474_jK3hH4zNZH0,41,4,23,18661,0.0000,vanish
474_jK3hH4zNZH0,41,4,23,28677,0.0000,vanish
474_jK3hH4zNZH0,41,4,29,17451,0.0000,vanish
474_jK3hH4zNZH0,42,4,8,148015,0.0012,vanish
474_jK3hH4zNZH0,42,5,13,14809,0.0098,vanish
474_jK3hH4zNZH0,42,4,16,218891,0.1567,shrink
474_jK3hH4zNZH0,42,3,23,18746,0.0000,vanish
474_jK3hH4zNZH0,42,4,23,25899,0.0083,vanish
474_jK3hH4zNZH0,42,3,29,16638,0.0000,vanish
474_jK3hH4zNZH0,43,5,13,13857,0.0126,vanish
474_jK3hH4zNZH0,43,3,23,19347,0.0209,vanish
474_jK3hH4zNZH0,43,3,29,17314,0.0294,vanish
474_jK3hH4zNZH0,44,3,13,14316,0.0000,vanish
474_jK3hH4zNZH0,44,5,23,30862,0.0676,vanish
474_jK3hH4zNZH0,45,2,13,14891,0.0307,vanish
474_jK3hH4zNZH0,45,5,23,30318,0.0121,vanish
474_jK3hH4zNZH0,46,5,8,121451,0.1966,shrink
474_jK3hH4zNZH0,46,5,13,14362,0.0000,vanish
474_jK3hH4zNZH0,46,5,16,235839,0.1013,shrink
474_jK3hH4zNZH0,46,5,23,14795,0.2014,shrink
474_jK3hH4zNZH0,46,3,23,28291,0.0000,vanish
474_jK3hH4zNZH0,46,1,29,323,0.0000,vanish
474_jK3hH4zNZH0,47,3,13,14823,0.0000,vanish
474_jK3hH4zNZH0,47,4,16,237527,0.1617,shrink
474_jK3hH4zNZH0,47,4,23,23830,0.2476,shrink
474_jK3hH4zNZH0,47,2,23,22029,0.0000,vanish
474_jK3hH4zNZH0,48,5,13,16149,0.0000,vanish
474_jK3hH4zNZH0,49,4,13,15730,0.0000,vanish
474_jK3hH4zNZH0,49,5,23,23368,0.0046,vanish
474_jK3hH4zNZH0,50,3,13,15333,0.0000,vanish
474_jK3hH4zNZH0,50,5,23,26231,0.0000,vanish
474_jK3hH4zNZH0,51,2,13,14196,0.0000,vanish
474_jK3hH4zNZH0,51,1,23,2696,0.0000,vanish
474_jK3hH4zNZH0,51,3,23,29553,0.0000,vanish
474_jK3hH4zNZH0,51,1,29,1928,0.0000,vanish
474_jK3hH4zNZH0,52,1,13,11956,0.0000,vanish
474_jK3hH4zNZH0,52,3,23,31872,0.2067,shrink
474_jK3hH4zNZH0,55,2,23,34436,0.1628,shrink
474_jK3hH4zNZH0,62,5,23,38474,0.1651,shrink
474_jK3hH4zNZH0,62,1,29,1765,0.0980,vanish
474_jK3hH4zNZH0,63,5,23,16663,0.1451,shrink
474_jK3hH4zNZH0,63,4,23,37086,0.1032,shrink
474_jK3hH4zNZH0,64,5,23,15467,0.2125,shrink
474_jK3hH4zNZH0,65,4,23,17629,0.1922,shrink
474_jK3hH4zNZH0,65,5,23,35800,0.0000,vanish
474_jK3hH4zNZH0,66,5,8,145502,0.1212,shrink
474_jK3hH4zNZH0,66,5,23,15341,0.1948,shrink
474_jK3hH4zNZH0,66,4,23,36198,0.0000,vanish
474_jK3hH4zNZH0,66,5,29,98626,0.2096,shrink
474_jK3hH4zNZH0,67,4,8,147057,0.1387,shrink
474_jK3hH4zNZH0,67,3,23,38180,0.0000,vanish
474_jK3hH4zNZH0,68,3,23,40143,0.0000,vanish
474_jK3hH4zNZH0,69,2,23,40372,0.0473,vanish
474_jK3hH4zNZH0,69,1,29,2311,0.0000,vanish
474_jK3hH4zNZH0,70,5,23,39037,0.0000,vanish
474_jK3hH4zNZH0,71,5,8,167711,0.2319,shrink
474_jK3hH4zNZH0,71,5,8,151686,0.0571,vanish
474_jK3hH4zNZH0,71,5,16,356686,0.1791,shrink
474_jK3hH4zNZH0,71,5,23,6816,0.2097,shrink
474_jK3hH4zNZH0,71,2,23,38621,0.0000,vanish
474_jK3hH4zNZH0,72,4,23,37621,0.0000,vanish
474_jK3hH4zNZH0,73,5,23,35766,0.0633,vanish
474_jK3hH4zNZH0,74,5,23,31674,0.0152,vanish
474_jK3hH4zNZH0,75,5,23,25615,0.1781,shrink
474_jK3hH4zNZH0,75,3,23,29802,0.0000,vanish
474_jK3hH4zNZH0,76,4,8,191506,0.1915,shrink
474_jK3hH4zNZH0,76,4,23,29692,0.0051,vanish
474_jK3hH4zNZH0,76,2,23,28165,0.0000,vanish
474_jK3hH4zNZH0,77,3,23,29532,0.2294,shrink
474_jK3hH4zNZH0,77,2,23,27644,0.2388,shrink
474_jK3hH4zNZH0,78,5,23,28894,0.0765,vanish
474_jK3hH4zNZH0,79,5,23,28381,0.0000,vanish
474_jK3hH4zNZH0,80,4,23,27299,0.0000,vanish
474_jK3hH4zNZH0,81,5,23,35796,0.1688,shrink
474_jK3hH4zNZH0,81,3,23,26328,0.0021,vanish
474_jK3hH4zNZH0,82,4,23,33271,0.2151,shrink
474_jK3hH4zNZH0,82,2,23,26750,0.2308,shrink
474_jK3hH4zNZH0,84,3,23,30895,0.1539,shrink
474_jK3hH4zNZH0,86,5,23,26740,0.1837,shrink
474_jK3hH4zNZH0,87,3,23,24800,0.0000,vanish
474_jK3hH4zNZH0,88,2,23,29713,0.0000,vanish
474_jK3hH4zNZH0,89,2,23,28375,0.2359,shrink
474_jK3hH4zNZH0,90,5,23,27868,0.0818,vanish
474_jK3hH4zNZH0,90,4,23,22630,0.0000,vanish
474_jK3hH4zNZH0,91,5,23,31337,0.0171,vanish
474_jK3hH4zNZH0,91,3,23,20376,0.0000,vanish
474_jK3hH4zNZH0,92,4,23,28402,0.0859,vanish
474_jK3hH4zNZH0,92,2,23,21093,0.0000,vanish
474_jK3hH4zNZH0,93,3,23,30041,0.1844,shrink
474_jK3hH4zNZH0,93,5,23,24400,0.1498,shrink
474_jK3hH4zNZH0,94,5,19,272909,0.0424,vanish
474_jK3hH4zNZH0,94,4,23,22102,0.0000,vanish
474_jK3hH4zNZH0,94,2,29,2896,0.0000,vanish
474_jK3hH4zNZH0,95,5,19,290226,0.0000,vanish
474_jK3hH4zNZH0,95,5,23,18062,0.1836,shrink
474_jK3hH4zNZH0,95,3,23,29222,0.0000,vanish
474_jK3hH4zNZH0,96,4,19,284765,0.0000,vanish
474_jK3hH4zNZH0,96,5,23,17718,0.0041,vanish
474_jK3hH4zNZH0,96,2,23,29317,0.0000,vanish
474_jK3hH4zNZH0,97,3,19,196967,0.0000,vanish
474_jK3hH4zNZH0,97,5,23,20921,0.0151,vanish
474_jK3hH4zNZH0,97,2,23,28847,0.0000,vanish
474_jK3hH4zNZH0,98,2,19,60910,0.0000,vanish
474_jK3hH4zNZH0,98,4,23,21765,0.1196,shrink
474_jK3hH4zNZH0,99,1,19,11450,0.0000,vanish
474_jK3hH4zNZH0,99,5,23,29284,0.0000,vanish
474_jK3hH4zNZH0,100,4,23,24173,0.0000,vanish
474_jK3hH4zNZH0,101,3,23,31149,0.0016,vanish
474_jK3hH4zNZH0,102,2,23,32045,0.0480,vanish
474_jK3hH4zNZH0,104,1,19,4985,0.0000,vanish
474_jK3hH4zNZH0,104,1,19,924,0.0000,vanish
474_jK3hH4zNZH0,104,4,23,30590,0.0141,vanish
474_jK3hH4zNZH0,105,3,23,22214,0.0854,vanish
474_jK3hH4zNZH0,106,5,23,28159,0.1066,shrink
474_jK3hH4zNZH0,107,5,23,25701,0.0000,vanish
474_jK3hH4zNZH0,108,5,23,25093,0.0792,vanish
474_jK3hH4zNZH0,108,3,23,24249,0.0000,vanish
474_jK3hH4zNZH0,109,5,23,28987,0.0588,vanish
474_jK3hH4zNZH0,109,3,23,22182,0.0000,vanish
474_jK3hH4zNZH0,110,4,23,33679,0.1440,shrink
474_jK3hH4zNZH0,110,3,23,20265,0.0174,vanish
474_jK3hH4zNZH0,112,2,19,3542,0.0000,vanish
474_jK3hH4zNZH0,112,5,23,19740,0.1440,shrink
474_jK3hH4zNZH0,113,1,19,5499,0.0000,vanish
474_jK3hH4zNZH0,113,4,23,18357,0.0163,vanish
474_jK3hH4zNZH0,114,3,23,9957,0.1056,shrink
474_jK3hH4zNZH0,116,5,23,6871,0.0000,vanish
474_jK3hH4zNZH0,117,4,23,7000,0.0000,vanish
474_jK3hH4zNZH0,118,4,23,5120,0.0514,vanish
474_jK3hH4zNZH0,119,2,13,30440,0.0000,vanish
474_jK3hH4zNZH0,119,5,23,3559,0.1096,shrink
474_jK3hH4zNZH0,119,2,29,3024,0.0000,vanish
474_jK3hH4zNZH0,120,1,13,29792,0.0000,vanish
474_jK3hH4zNZH0,120,2,23,4758,0.0183,vanish
474_jK3hH4zNZH0,121,1,13,5319,0.0000,vanish
474_jK3hH4zNZH0,121,5,23,49582,0.1078,shrink
474_jK3hH4zNZH0,121,3,23,1388,0.0000,vanish
474_jK3hH4zNZH0,121,3,29,2265,0.0596,vanish
474_jK3hH4zNZH0,122,5,23,54467,0.0164,vanish
474_jK3hH4zNZH0,122,2,23,8532,0.0000,vanish
474_jK3hH4zNZH0,122,2,44,3631,0.0000,vanish
474_jK3hH4zNZH0,123,1,13,37961,0.0000,vanish
474_jK3hH4zNZH0,123,5,23,55936,0.1865,shrink
474_jK3hH4zNZH0,123,3,23,5005,0.0000,vanish
474_jK3hH4zNZH0,123,1,44,1866,0.0000,vanish
474_jK3hH4zNZH0,123,1,44,713,0.0000,vanish
474_jK3hH4zNZH0,124,1,13,33540,0.0000,vanish
474_jK3hH4zNZH0,125,1,23,4040,0.0000,vanish
474_jK3hH4zNZH0,127,3,13,440,0.0000,vanish
474_jK3hH4zNZH0,128,2,13,328,0.0000,vanish
474_jK3hH4zNZH0,129,1,13,353,0.0000,vanish
474_jK3hH4zNZH0,130,2,13,835,0.0000,vanish
474_jK3hH4zNZH0,130,1,13,1136,0.0000,vanish
474_jK3hH4zNZH0,131,3,13,16861,0.0237,vanish
479_aBAPgo5a-iY,0,5,61,7644,0.0042,vanish
479_aBAPgo5a-iY,0,2,67,6336,0.0000,vanish
479_aBAPgo5a-iY,1,5,30,4281,0.0514,vanish
479_aBAPgo5a-iY,1,5,61,16148,0.0000,vanish
479_aBAPgo5a-iY,1,1,67,6480,0.0000,vanish
479_aBAPgo5a-iY,2,4,30,4788,0.0459,vanish
479_aBAPgo5a-iY,2,5,61,25514,0.0569,vanish
479_aBAPgo5a-iY,2,2,67,7438,0.0000,vanish
479_aBAPgo5a-iY,3,3,30,3493,0.0630,vanish
479_aBAPgo5a-iY,3,5,61,33584,0.0922,vanish
479_aBAPgo5a-iY,3,1,67,7430,0.0000,vanish
479_aBAPgo5a-iY,4,2,29,819,0.0000,vanish
479_aBAPgo5a-iY,4,5,30,2651,0.0000,vanish
479_aBAPgo5a-iY,4,2,67,7610,0.0000,vanish
479_aBAPgo5a-iY,5,1,4,1205,0.0000,vanish
479_aBAPgo5a-iY,5,4,29,8578,0.0000,vanish
479_aBAPgo5a-iY,5,4,30,1952,0.0000,vanish
479_aBAPgo5a-iY,5,1,67,7600,0.0000,vanish
479_aBAPgo5a-iY,6,2,4,1163,0.0034,vanish
479_aBAPgo5a-iY,6,4,29,8230,0.0000,vanish
479_aBAPgo5a-iY,6,5,30,7821,0.1871,shrink
479_aBAPgo5a-iY,6,2,67,8558,0.0000,vanish
479_aBAPgo5a-iY,7,1,4,1635,0.0373,vanish
479_aBAPgo5a-iY,7,3,29,7729,0.0000,vanish
479_aBAPgo5a-iY,7,4,30,8336,0.1827,shrink
479_aBAPgo5a-iY,7,2,30,594,0.0000,vanish
479_aBAPgo5a-iY,7,2,67,8914,0.0000,vanish
479_aBAPgo5a-iY,8,3,29,7438,0.0000,vanish
479_aBAPgo5a-iY,8,5,30,8508,0.0534,vanish
479_aBAPgo5a-iY,8,1,30,452,0.0000,vanish
479_aBAPgo5a-iY,8,1,67,11309,0.0000,vanish
479_aBAPgo5a-iY,9,1,29,321,0.0000,vanish
479_aBAPgo5a-iY,9,2,29,7143,0.0000,vanish
479_aBAPgo5a-iY,9,5,30,7697,0.0644,vanish
479_aBAPgo5a-iY,10,5,29,6448,0.0000,vanish
479_aBAPgo5a-iY,10,4,30,9092,0.1617,shrink
479_aBAPgo5a-iY,10,5,67,1175,0.0000,vanish
479_aBAPgo5a-iY,11,4,29,2106,0.0000,vanish
479_aBAPgo5a-iY,12,3,8,929,0.0172,vanish
479_aBAPgo5a-iY,12,1,29,381,0.0000,vanish
479_aBAPgo5a-iY,12,5,29,5499,0.1158,shrink
479_aBAPgo5a-iY,12,5,30,12111,0.2004,shrink
479_aBAPgo5a-iY,12,5,67,5207,0.0000,vanish
479_aBAPgo5a-iY,13,5,29,4986,0.0000,vanish
479_aBAPgo5a-iY,13,5,29,4688,0.0000,vanish
479_aBAPgo5a-iY,13,3,41,412,0.0000,vanish
479_aBAPgo5a-iY,13,5,67,8713,0.0000,vanish
479_aBAPgo5a-iY,14,1,29,2623,0.0000,vanish
479_aBAPgo5a-iY,14,4,29,4136,0.0000,vanish
479_aBAPgo5a-iY,14,5,41,1829,0.0000,vanish
479_aBAPgo5a-iY,14,4,67,10225,0.0000,vanish
479_aBAPgo5a-iY,15,5,29,5248,0.0088,vanish
479_aBAPgo5a-iY,15,4,29,9525,0.0000,vanish
479_aBAPgo5a-iY,15,4,29,3472,0.0000,vanish
479_aBAPgo5a-iY,15,5,30,2619,0.1111,shrink
479_aBAPgo5a-iY,15,1,30,447,0.0000,vanish
479_aBAPgo5a-iY,15,4,67,20882,0.0000,vanish
479_aBAPgo5a-iY,16,2,29,2105,0.0000,vanish
479_aBAPgo5a-iY,16,2,29,3068,0.0000,vanish
479_aBAPgo5a-iY,16,5,30,3364,0.0794,vanish
479_aBAPgo5a-iY,16,3,67,19608,0.0000,vanish
479_aBAPgo5a-iY,17,1,29,2037,0.0000,vanish
479_aBAPgo5a-iY,17,2,29,3034,0.0000,vanish
479_aBAPgo5a-iY,17,5,30,5023,0.1734,shrink
479_aBAPgo5a-iY,17,2,67,18913,0.0000,vanish
479_aBAPgo5a-iY,18,4,8,568,0.0000,vanish
479_aBAPgo5a-iY,18,5,29,34343,0.0776,vanish
479_aBAPgo5a-iY,18,1,29,808,0.0000,vanish
479_aBAPgo5a-iY,18,2,29,2640,0.0000,vanish
479_aBAPgo5a-iY,18,5,30,7229,0.2093,shrink
479_aBAPgo5a-iY,18,4,67,458,0.0546,vanish
479_aBAPgo5a-iY,18,2,67,18150,0.0000,vanish
479_aBAPgo5a-iY,19,4,8,1716,0.0000,vanish
479_aBAPgo5a-iY,19,5,29,25110,0.0502,vanish
479_aBAPgo5a-iY,19,1,29,715,0.0000,vanish
479_aBAPgo5a-iY,19,2,29,2397,0.0000,vanish
479_aBAPgo5a-iY,19,2,67,15855,0.0000,vanish
479_aBAPgo5a-iY,20,4,8,2509,0.0000,vanish
479_aBAPgo5a-iY,20,4,29,15044,0.0838,vanish
479_aBAPgo5a-iY,20,2,29,2090,0.0000,vanish
479_aBAPgo5a-iY,20,2,67,15234,0.0000,vanish
479_aBAPgo5a-iY,21,3,8,2241,0.0000,vanish
479_aBAPgo5a-iY,21,1,29,375,0.0000,vanish
479_aBAPgo5a-iY,21,5,29,7232,0.0676,vanish
479_aBAPgo5a-iY,21,1,29,313,0.0000,vanish
479_aBAPgo5a-iY,21,1,29,2023,0.0000,vanish
479_aBAPgo5a-iY,21,3,67,14289,0.0000,vanish
479_aBAPgo5a-iY,22,3,8,2367,0.0000,vanish
479_aBAPgo5a-iY,22,4,29,2804,0.1744,shrink
479_aBAPgo5a-iY,22,2,29,1429,0.0000,vanish
479_aBAPgo5a-iY,22,2,30,1417,0.0014,vanish
479_aBAPgo5a-iY,22,4,67,13123,0.0000,vanish
479_aBAPgo5a-iY,22,2,67,1369,0.0000,vanish
479_aBAPgo5a-iY,23,3,8,2366,0.0199,vanish
479_aBAPgo5a-iY,23,3,29,2665,0.1835,shrink
479_aBAPgo5a-iY,23,1,29,477,0.0000,vanish
479_aBAPgo5a-iY,23,5,30,1066,0.0460,vanish
479_aBAPgo5a-iY,23,3,67,11875,0.0500,vanish
479_aBAPgo5a-iY,23,2,67,1142,0.0000,vanish
479_aBAPgo5a-iY,24,5,29,1261,0.0555,vanish
479_aBAPgo5a-iY,24,3,30,570,0.1053,shrink
479_aBAPgo5a-iY,24,2,67,1036,0.0000,vanish
479_aBAPgo5a-iY,25,5,29,2115,0.1693,shrink
479_aBAPgo5a-iY,25,5,67,10281,0.2441,shrink
479_aBAPgo5a-iY,26,4,29,489,0.0000,vanish
479_aBAPgo5a-iY,26,2,29,2901,0.0000,vanish
479_aBAPgo5a-iY,27,5,29,943,0.0085,vanish
479_aBAPgo5a-iY,27,2,29,3034,0.0000,vanish
479_aBAPgo5a-iY,28,5,29,1674,0.1010,shrink
479_aBAPgo5a-iY,28,2,29,3690,0.0000,vanish
479_aBAPgo5a-iY,29,5,29,2161,0.1874,shrink
479_aBAPgo5a-iY,29,3,29,3690,0.0000,vanish
479_aBAPgo5a-iY,29,3,30,313,0.0000,vanish
479_aBAPgo5a-iY,29,5,67,16856,0.1382,shrink
479_aBAPgo5a-iY,30,5,29,4574,0.0000,vanish
479_aBAPgo5a-iY,30,3,29,436,0.0000,vanish
479_aBAPgo5a-iY,30,5,30,17732,0.0212,vanish
479_aBAPgo5a-iY,30,5,30,1825,0.0471,vanish
479_aBAPgo5a-iY,30,2,30,823,0.0000,vanish
479_aBAPgo5a-iY,30,2,67,9108,0.0000,vanish
479_aBAPgo5a-iY,30,5,67,19120,0.0768,vanish
479_aBAPgo5a-iY,31,4,29,3692,0.0000,vanish
479_aBAPgo5a-iY,31,5,30,1334,0.0000,vanish
479_aBAPgo5a-iY,31,5,67,13353,0.0028,vanish
479_aBAPgo5a-iY,32,3,29,3315,0.0265,vanish
479_aBAPgo5a-iY,32,4,30,1385,0.0000,vanish
479_aBAPgo5a-iY,32,5,67,2549,0.0000,vanish
479_aBAPgo5a-iY,33,5,29,1959,0.1710,shrink
479_aBAPgo5a-iY,33,2,29,3258,0.0000,vanish
479_aBAPgo5a-iY,33,3,30,1627,0.0160,vanish
479_aBAPgo5a-iY,33,4,67,10130,0.0000,vanish
479_aBAPgo5a-iY,33,5,67,4104,0.1776,shrink
479_aBAPgo5a-iY,34,5,29,2685,0.1173,shrink
479_aBAPgo5a-iY,34,1,29,2950,0.0000,vanish
479_aBAPgo5a-iY,34,2,30,1636,0.1204,shrink
479_aBAPgo5a-iY,34,5,67,3309,0.1686,shrink
479_aBAPgo5a-iY,35,5,29,4883,0.0000,vanish
479_aBAPgo5a-iY,35,3,29,2780,0.0000,vanish
479_aBAPgo5a-iY,35,5,67,3506,0.2031,shrink
479_aBAPgo5a-iY,35,5,67,2878,0.0208,vanish
479_aBAPgo5a-iY,36,4,29,1897,0.0000,vanish
479_aBAPgo5a-iY,36,4,29,2724,0.0000,vanish
479_aBAPgo5a-iY,36,5,67,3004,0.0176,vanish
479_aBAPgo5a-iY,36,5,67,2006,0.0000,vanish
479_aBAPgo5a-iY,37,3,29,2418,0.0000,vanish
479_aBAPgo5a-iY,37,1,29,2562,0.0000,vanish
479_aBAPgo5a-iY,37,5,67,2706,0.0000,vanish
479_aBAPgo5a-iY,37,4,67,1728,0.0000,vanish
479_aBAPgo5a-iY,38,2,29,341,0.0000,vanish
479_aBAPgo5a-iY,38,3,29,2398,0.0000,vanish
479_aBAPgo5a-iY,38,4,67,2028,0.0000,vanish
479_aBAPgo5a-iY,38,3,67,672,0.0000,vanish
479_aBAPgo5a-iY,39,1,29,315,0.0000,vanish
479_aBAPgo5a-iY,39,2,29,2036,0.0000,vanish
479_aBAPgo5a-iY,39,5,30,1536,0.2109,shrink
479_aBAPgo5a-iY,39,3,67,1470,0.0000,vanish
479_aBAPgo5a-iY,39,2,67,555,0.0000,vanish
479_aBAPgo5a-iY,40,4,30,1671,0.1921,shrink
479_aBAPgo5a-iY,40,2,67,1055,0.0000,vanish
479_aBAPgo5a-iY,41,1,67,5180,0.0000,vanish
479_aBAPgo5a-iY,41,1,67,754,0.0000,vanish
479_aBAPgo5a-iY,42,1,67,4454,0.0000,vanish
479_aBAPgo5a-iY,45,1,29,4338,0.0000,vanish
479_aBAPgo5a-iY,45,1,29,808,0.0000,vanish
479_aBAPgo5a-iY,45,1,30,603,0.0000,vanish
479_aBAPgo5a-iY,46,1,29,3254,0.0000,vanish
479_aBAPgo5a-iY,46,1,41,405,0.0000,vanish
479_aBAPgo5a-iY,46,1,41,917,0.0000,vanish
479_aBAPgo5a-iY,47,1,29,2954,0.0000,vanish
479_aBAPgo5a-iY,47,5,41,79552,0.1415,shrink
479_aBAPgo5a-iY,48,2,29,2105,0.0304,vanish
479_aBAPgo5a-iY,48,1,41,452,0.0000,vanish
479_aBAPgo5a-iY,48,4,41,60922,0.2166,shrink
479_aBAPgo5a-iY,49,2,29,772,0.0065,vanish
479_aBAPgo5a-iY,50,1,29,410,0.0268,vanish
479_aBAPgo5a-iY,52,5,30,2840,0.2180,shrink
479_aBAPgo5a-iY,52,5,41,13717,0.2365,shrink
479_aBAPgo5a-iY,53,5,41,11169,0.1846,shrink
479_aBAPgo5a-iY,54,5,30,2640,0.1436,shrink
479_aBAPgo5a-iY,54,5,41,11640,0.0000,vanish
479_aBAPgo5a-iY,54,5,41,7796,0.0000,vanish
479_aBAPgo5a-iY,55,4,41,10598,0.0000,vanish
479_aBAPgo5a-iY,55,4,41,6341,0.0000,vanish
479_aBAPgo5a-iY,56,3,41,9712,0.0000,vanish
479_aBAPgo5a-iY,56,3,41,4004,0.0000,vanish
479_aBAPgo5a-iY,57,2,41,9301,0.0000,vanish
479_aBAPgo5a-iY,57,2,41,3244,0.0000,vanish
479_aBAPgo5a-iY,58,1,41,7628,0.0000,vanish
479_aBAPgo5a-iY,58,1,41,2083,0.0000,vanish
479_aBAPgo5a-iY,61,5,30,1797,0.2198,shrink
479_aBAPgo5a-iY,62,5,30,1955,0.0946,vanish
479_aBAPgo5a-iY,62,5,30,2011,0.1358,shrink
479_aBAPgo5a-iY,63,5,30,1901,0.0000,vanish
479_aBAPgo5a-iY,64,5,30,999,0.0380,vanish
479_aBAPgo5a-iY,64,4,30,1069,0.0000,vanish
479_aBAPgo5a-iY,65,3,30,1188,0.0000,vanish
479_aBAPgo5a-iY,66,2,30,395,0.0000,vanish
479_aBAPgo5a-iY,85,5,8,67156,0.2083,shrink
506_XmnmK7k8TkY,0,5,15,44113,0.0000,vanish
506_XmnmK7k8TkY,1,4,15,29076,0.0000,vanish
506_XmnmK7k8TkY,2,2,15,2853,0.0000,vanish
506_XmnmK7k8TkY,2,3,15,11912,0.0000,vanish
506_XmnmK7k8TkY,3,1,15,2166,0.0000,vanish
506_XmnmK7k8TkY,3,2,15,7974,0.0000,vanish
506_XmnmK7k8TkY,4,1,15,4608,0.0000,vanish
506_XmnmK7k8TkY,8,2,0,893,0.0000,vanish
506_XmnmK7k8TkY,9,2,61,134975,0.1630,shrink
506_XmnmK7k8TkY,12,3,25,401,0.0175,vanish
506_XmnmK7k8TkY,12,5,61,4093,0.0073,vanish
506_XmnmK7k8TkY,13,2,25,967,0.2099,shrink
506_XmnmK7k8TkY,13,5,61,4014,0.0000,vanish
506_XmnmK7k8TkY,14,4,61,3900,0.0000,vanish
506_XmnmK7k8TkY,15,1,29,927,0.0000,vanish
506_XmnmK7k8TkY,15,3,61,3707,0.0000,vanish
506_XmnmK7k8TkY,16,2,61,2555,0.0000,vanish
506_XmnmK7k8TkY,35,5,67,7460,0.2098,shrink
506_XmnmK7k8TkY,36,5,67,8197,0.1504,shrink
506_XmnmK7k8TkY,37,5,67,9645,0.1318,shrink
506_XmnmK7k8TkY,38,5,67,10076,0.1112,shrink
506_XmnmK7k8TkY,45,5,29,4940,0.0980,vanish
506_XmnmK7k8TkY,48,4,29,1819,0.0434,vanish
506_XmnmK7k8TkY,49,5,29,1750,0.0200,vanish
506_XmnmK7k8TkY,50,5,29,1445,0.0166,vanish
506_XmnmK7k8TkY,51,4,29,1333,0.0180,vanish
506_XmnmK7k8TkY,56,2,15,337,0.0000,vanish
506_XmnmK7k8TkY,57,2,15,798,0.0000,vanish
506_XmnmK7k8TkY,58,5,29,18792,0.1736,shrink
506_XmnmK7k8TkY,59,5,29,16503,0.0000,vanish
506_XmnmK7k8TkY,59,5,61,7253,0.1011,shrink
506_XmnmK7k8TkY,60,4,29,16268,0.0000,vanish
506_XmnmK7k8TkY,60,5,67,34561,0.1905,shrink
506_XmnmK7k8TkY,61,2,29,734,0.0000,vanish
506_XmnmK7k8TkY,61,3,29,12039,0.0000,vanish
506_XmnmK7k8TkY,61,4,61,6487,0.0000,vanish
506_XmnmK7k8TkY,61,5,67,29317,0.0000,vanish
506_XmnmK7k8TkY,62,2,29,6792,0.0000,vanish
506_XmnmK7k8TkY,62,3,61,5009,0.0000,vanish
506_XmnmK7k8TkY,62,4,67,24793,0.0000,vanish
506_XmnmK7k8TkY,63,1,29,3263,0.0000,vanish
506_XmnmK7k8TkY,63,2,61,3881,0.0000,vanish
506_XmnmK7k8TkY,63,3,67,21233,0.0000,vanish
506_XmnmK7k8TkY,64,1,61,901,0.0000,vanish
506_XmnmK7k8TkY,64,2,67,17563,0.0000,vanish
506_XmnmK7k8TkY,65,1,67,6583,0.0000,vanish
506_XmnmK7k8TkY,72,5,13,76241,0.2464,shrink
506_XmnmK7k8TkY,73,5,13,74952,0.2144,shrink
506_XmnmK7k8TkY,74,5,13,74988,0.1668,shrink
506_XmnmK7k8TkY,75,5,13,69322,0.0940,vanish
506_XmnmK7k8TkY,76,5,13,7791,0.0000,vanish
506_XmnmK7k8TkY,77,5,13,73333,0.1247,shrink
506_XmnmK7k8TkY,78,3,13,5789,0.0000,vanish
506_XmnmK7k8TkY,79,2,13,4444,0.0056,vanish
506_XmnmK7k8TkY,80,1,13,1529,0.0000,vanish
506_XmnmK7k8TkY,80,4,15,3988,0.0000,vanish
506_XmnmK7k8TkY,81,3,15,3052,0.0000,vanish
506_XmnmK7k8TkY,82,2,15,1852,0.0000,vanish
506_XmnmK7k8TkY,90,5,13,60213,0.1095,shrink
506_XmnmK7k8TkY,91,3,13,947,0.0000,vanish
506_XmnmK7k8TkY,93,5,13,518,0.0772,vanish
506_XmnmK7k8TkY,95,5,13,14577,0.1188,shrink
506_XmnmK7k8TkY,96,5,13,9964,0.0942,vanish
506_XmnmK7k8TkY,97,5,13,6530,0.1011,shrink
506_XmnmK7k8TkY,98,3,13,341,0.1906,shrink
506_XmnmK7k8TkY,98,5,13,5150,0.0070,vanish
506_XmnmK7k8TkY,99,5,13,3662,0.0000,vanish
506_XmnmK7k8TkY,100,4,13,2318,0.0000,vanish
506_XmnmK7k8TkY,101,3,13,939,0.0000,vanish
506_XmnmK7k8TkY,102,2,13,660,0.0000,vanish
506_XmnmK7k8TkY,102,5,15,4318,0.1596,shrink
506_XmnmK7k8TkY,103,5,15,4146,0.0000,vanish
506_XmnmK7k8TkY,104,4,15,3194,0.0000,vanish
506_XmnmK7k8TkY,105,3,15,2806,0.0000,vanish
506_XmnmK7k8TkY,106,2,15,2556,0.0000,vanish
506_XmnmK7k8TkY,106,5,22,6499,0.1814,shrink
506_XmnmK7k8TkY,107,1,15,722,0.0000,vanish
506_XmnmK7k8TkY,107,5,22,5951,0.0244,vanish
506_XmnmK7k8TkY,108,5,13,2243,0.0896,vanish
506_XmnmK7k8TkY,108,5,22,4948,0.0000,vanish
506_XmnmK7k8TkY,109,4,22,3906,0.0000,vanish
506_XmnmK7k8TkY,110,3,22,2420,0.0000,vanish
506_XmnmK7k8TkY,111,5,13,2013,0.1143,shrink
506_XmnmK7k8TkY,111,2,22,1231,0.0000,vanish
506_XmnmK7k8TkY,118,5,13,67691,0.2145,shrink
506_XmnmK7k8TkY,119,5,13,67297,0.1893,shrink
506_XmnmK7k8TkY,120,5,13,66429,0.1668,shrink
506_XmnmK7k8TkY,121,5,13,66268,0.1416,shrink
506_XmnmK7k8TkY,122,5,13,66600,0.1171,shrink
506_XmnmK7k8TkY,123,5,13,65662,0.0763,vanish
506_XmnmK7k8TkY,128,5,13,64011,0.0650,vanish
506_XmnmK7k8TkY,129,5,13,63269,0.0840,vanish
506_XmnmK7k8TkY,130,5,13,63218,0.1061,shrink
506_XmnmK7k8TkY,131,4,13,61467,0.1566,shrink
512_5YBRu5JFHmw,5,4,67,2560,0.1961,shrink
512_5YBRu5JFHmw,6,4,67,6678,0.2300,shrink
512_5YBRu5JFHmw,7,3,61,3838,0.0000,vanish
512_5YBRu5JFHmw,7,3,67,21861,0.0805,vanish
512_5YBRu5JFHmw,8,1,16,6475,0.0000,vanish
512_5YBRu5JFHmw,8,2,67,32347,0.0596,vanish
512_5YBRu5JFHmw,9,1,0,8637,0.0000,vanish
512_5YBRu5JFHmw,9,1,67,33306,0.0065,vanish
512_5YBRu5JFHmw,12,5,67,46015,0.2401,shrink
512_5YBRu5JFHmw,13,5,67,42422,0.1991,shrink
512_5YBRu5JFHmw,14,5,67,33355,0.1418,shrink
512_5YBRu5JFHmw,16,5,67,20419,0.0000,vanish
512_5YBRu5JFHmw,17,4,67,13755,0.0000,vanish
512_5YBRu5JFHmw,18,3,67,10605,0.0000,vanish
512_5YBRu5JFHmw,19,2,67,5795,0.0000,vanish
512_5YBRu5JFHmw,20,5,16,64324,0.2229,shrink
512_5YBRu5JFHmw,21,5,16,59110,0.1905,shrink
512_5YBRu5JFHmw,22,4,16,42187,0.2405,shrink
512_5YBRu5JFHmw,45,5,29,10213,0.1917,shrink
512_5YBRu5JFHmw,46,5,29,10664,0.2007,shrink
512_5YBRu5JFHmw,47,5,29,9108,0.2194,shrink
512_5YBRu5JFHmw,48,5,29,8388,0.2036,shrink
512_5YBRu5JFHmw,57,5,16,6056,0.2299,shrink
512_5YBRu5JFHmw,58,5,16,5298,0.2269,shrink
512_5YBRu5JFHmw,59,5,16,4012,0.0775,vanish
512_5YBRu5JFHmw,60,5,16,4743,0.0000,vanish
512_5YBRu5JFHmw,61,4,16,2060,0.0000,vanish
512_5YBRu5JFHmw,62,3,16,1392,0.0000,vanish
512_5YBRu5JFHmw,63,2,16,1202,0.0000,vanish
512_5YBRu5JFHmw,64,1,16,311,0.0000,vanish
536__FiNAxDdKw8,30,5,8,118396,0.1730,shrink
536__FiNAxDdKw8,30,1,67,30841,0.1199,shrink
536__FiNAxDdKw8,31,4,8,62392,0.1580,shrink
536__FiNAxDdKw8,31,5,66,194149,0.0227,vanish
536__FiNAxDdKw8,31,1,67,1423,0.0000,vanish
536__FiNAxDdKw8,32,4,8,22467,0.0382,vanish
536__FiNAxDdKw8,32,5,66,208180,0.0079,vanish
536__FiNAxDdKw8,33,5,66,174113,0.0000,vanish
536__FiNAxDdKw8,34,4,66,159111,0.0000,vanish
536__FiNAxDdKw8,35,1,8,12131,0.0999,vanish
536__FiNAxDdKw8,35,3,66,126933,0.0000,vanish
536__FiNAxDdKw8,36,2,66,60814,0.0000,vanish
536__FiNAxDdKw8,37,1,66,12739,0.0000,vanish
536__FiNAxDdKw8,39,5,29,378,0.1958,shrink
540_EF3qZgsyw50,23,5,16,5423,0.0524,vanish
540_EF3qZgsyw50,24,5,16,6231,0.0319,vanish
540_EF3qZgsyw50,28,4,16,4699,0.0826,vanish
540_EF3qZgsyw50,29,3,16,3159,0.1538,shrink
540_EF3qZgsyw50,30,2,16,2552,0.1473,shrink
559_22zu5upqXso,0,5,55,3853,0.0000,vanish
559_22zu5upqXso,1,4,55,2928,0.0000,vanish
559_22zu5upqXso,2,3,55,2109,0.0000,vanish
559_22zu5upqXso,3,2,55,1217,0.0000,vanish
559_22zu5upqXso,4,1,55,392,0.0000,vanish
559_22zu5upqXso,17,3,55,1359,0.0000,vanish
559_22zu5upqXso,19,5,55,4249,0.1692,shrink
559_22zu5upqXso,20,5,55,3465,0.0303,vanish
559_22zu5upqXso,21,5,55,2762,0.0000,vanish
559_22zu5upqXso,22,4,55,1990,0.0000,vanish
559_22zu5upqXso,23,3,55,1354,0.0000,vanish
559_22zu5upqXso,24,2,55,719,0.0000,vanish
559_22zu5upqXso,29,2,55,557,0.0000,vanish
559_22zu5upqXso,39,3,55,559,0.0000,vanish
559_22zu5upqXso,40,3,55,1151,0.0000,vanish
559_22zu5upqXso,45,5,23,4062,0.2282,shrink
559_22zu5upqXso,46,5,23,3353,0.1190,shrink
559_22zu5upqXso,47,5,23,2803,0.0000,vanish
559_22zu5upqXso,48,4,23,2183,0.0000,vanish
559_22zu5upqXso,49,3,23,1621,0.0000,vanish
559_22zu5upqXso,50,2,23,927,0.0000,vanish
559_22zu5upqXso,51,1,23,399,0.0000,vanish
559_22zu5upqXso,55,3,55,538,0.0000,vanish
559_22zu5upqXso,97,5,24,7605,0.2309,shrink
559_22zu5upqXso,98,5,24,6748,0.1172,shrink
559_22zu5upqXso,99,5,24,5557,0.0050,vanish
559_22zu5upqXso,100,5,24,4309,0.0000,vanish
559_22zu5upqXso,101,4,24,3157,0.0000,vanish
559_22zu5upqXso,102,3,24,2074,0.0000,vanish
559_22zu5upqXso,103,2,24,844,0.0000,vanish
559_22zu5upqXso,103,2,55,818,0.0000,vanish
559_22zu5upqXso,104,1,55,480,0.0000,vanish
559_22zu5upqXso,114,5,23,11455,0.2437,shrink
559_22zu5upqXso,115,5,23,9380,0.2449,shrink
559_22zu5upqXso,116,5,23,7531,0.1271,shrink
559_22zu5upqXso,117,5,23,5842,0.0380,vanish
559_22zu5upqXso,117,2,55,994,0.0000,vanish
559_22zu5upqXso,118,5,23,4149,0.0000,vanish
559_22zu5upqXso,118,1,55,543,0.0000,vanish
559_22zu5upqXso,119,4,23,3006,0.0000,vanish
559_22zu5upqXso,120,3,23,2516,0.0000,vanish
559_22zu5upqXso,121,2,23,1112,0.0000,vanish
559_22zu5upqXso,127,4,55,1722,0.0075,vanish
559_22zu5upqXso,128,4,55,1621,0.0111,vanish
559_22zu5upqXso,129,3,55,1141,0.0000,vanish
559_22zu5upqXso,130,2,55,727,0.0000,vanish
56_gh8HBzUwXEk,0,2,19,547,0.0000,vanish
56_gh8HBzUwXEk,1,5,61,26000,0.2287,shrink
56_gh8HBzUwXEk,2,5,61,21511,0.2013,shrink
56_gh8HBzUwXEk,3,5,19,1371,0.1933,shrink
56_gh8HBzUwXEk,3,5,61,15185,0.0697,vanish
56_gh8HBzUwXEk,4,5,19,1300,0.1062,shrink
56_gh8HBzUwXEk,4,5,61,12253,0.0000,vanish
56_gh8HBzUwXEk,5,4,19,1103,0.0526,vanish
56_gh8HBzUwXEk,5,4,61,9467,0.0000,vanish
56_gh8HBzUwXEk,6,3,19,779,0.0000,vanish
56_gh8HBzUwXEk,6,3,61,6099,0.0000,vanish
56_gh8HBzUwXEk,7,2,19,693,0.0000,vanish
56_gh8HBzUwXEk,7,5,41,11028,0.1247,shrink
56_gh8HBzUwXEk,7,2,61,4331,0.0000,vanish
56_gh8HBzUwXEk,8,1,19,408,0.0000,vanish
56_gh8HBzUwXEk,8,5,41,8638,0.0810,vanish
56_gh8HBzUwXEk,8,1,61,1058,0.0000,vanish
56_gh8HBzUwXEk,9,5,41,6047,0.0000,vanish
56_gh8HBzUwXEk,10,4,41,5255,0.0000,vanish
56_gh8HBzUwXEk,11,3,41,3325,0.0000,vanish
56_gh8HBzUwXEk,12,5,22,1479,0.0014,vanish
56_gh8HBzUwXEk,12,2,41,1375,0.0000,vanish
56_gh8HBzUwXEk,13,5,22,1062,0.0000,vanish
56_gh8HBzUwXEk,13,1,41,700,0.0000,vanish
56_gh8HBzUwXEk,14,4,19,586,0.0000,vanish
56_gh8HBzUwXEk,14,4,22,470,0.0000,vanish
56_gh8HBzUwXEk,15,3,19,503,0.0000,vanish
56_gh8HBzUwXEk,15,2,22,312,0.0000,vanish
56_gh8HBzUwXEk,15,5,61,31008,0.1913,shrink
56_gh8HBzUwXEk,16,2,19,380,0.0000,vanish
56_gh8HBzUwXEk,16,5,61,30505,0.0770,vanish
56_gh8HBzUwXEk,17,5,61,30694,0.0605,vanish
56_gh8HBzUwXEk,18,5,19,932,0.2146,shrink
56_gh8HBzUwXEk,18,5,61,28455,0.0598,vanish
56_gh8HBzUwXEk,19,5,19,1048,0.0057,vanish
56_gh8HBzUwXEk,19,5,61,27063,0.0576,vanish
56_gh8HBzUwXEk,20,5,19,930,0.0000,vanish
56_gh8HBzUwXEk,20,5,22,331,0.0000,vanish
56_gh8HBzUwXEk,20,5,61,11878,0.0367,vanish
56_gh8HBzUwXEk,21,5,0,20775,0.0429,vanish
56_gh8HBzUwXEk,21,4,19,865,0.0000,vanish
56_gh8HBzUwXEk,21,4,22,311,0.0000,vanish
56_gh8HBzUwXEk,21,3,61,1274,0.0000,vanish
56_gh8HBzUwXEk,21,5,61,645,0.0000,vanish
56_gh8HBzUwXEk,22,3,19,692,0.0000,vanish
56_gh8HBzUwXEk,22,3,22,399,0.0000,vanish
56_gh8HBzUwXEk,22,4,61,2246,0.1220,shrink
56_gh8HBzUwXEk,23,4,19,14251,0.1918,shrink
56_gh8HBzUwXEk,23,2,19,358,0.0000,vanish
56_gh8HBzUwXEk,23,2,19,394,0.0000,vanish
56_gh8HBzUwXEk,23,2,22,308,0.0000,vanish
56_gh8HBzUwXEk,23,4,61,2233,0.0000,vanish
56_gh8HBzUwXEk,23,5,61,1362,0.0587,vanish
56_gh8HBzUwXEk,24,5,19,12350,0.1969,shrink
56_gh8HBzUwXEk,24,2,19,555,0.1081,shrink
56_gh8HBzUwXEk,24,5,61,4468,0.0000,vanish
56_gh8HBzUwXEk,25,4,19,9749,0.1450,shrink
56_gh8HBzUwXEk,25,2,19,675,0.2148,shrink
56_gh8HBzUwXEk,25,5,61,4809,0.0121,vanish
56_gh8HBzUwXEk,26,5,19,6381,0.0002,vanish
56_gh8HBzUwXEk,26,1,19,604,0.0447,vanish
56_gh8HBzUwXEk,26,3,61,4383,0.0862,vanish
56_gh8HBzUwXEk,27,2,19,3254,0.0000,vanish
56_gh8HBzUwXEk,27,4,19,363,0.0000,vanish
56_gh8HBzUwXEk,28,5,19,37135,0.0612,vanish
56_gh8HBzUwXEk,28,1,19,3108,0.0000,vanish
56_gh8HBzUwXEk,29,5,19,36673,0.0000,vanish
56_gh8HBzUwXEk,30,4,19,33763,0.0000,vanish
56_gh8HBzUwXEk,30,1,19,310,0.0000,vanish
56_gh8HBzUwXEk,30,5,61,18797,0.1295,shrink
56_gh8HBzUwXEk,31,3,19,28462,0.0000,vanish
56_gh8HBzUwXEk,31,5,61,62931,0.2434,shrink
56_gh8HBzUwXEk,31,5,61,15911,0.0271,vanish
56_gh8HBzUwXEk,32,2,19,15203,0.0000,vanish
56_gh8HBzUwXEk,32,1,22,4566,0.0000,vanish
56_gh8HBzUwXEk,32,5,61,10864,0.0197,vanish
56_gh8HBzUwXEk,33,5,61,7759,0.0000,vanish
56_gh8HBzUwXEk,34,4,61,6312,0.0000,vanish
56_gh8HBzUwXEk,35,3,61,2162,0.0000,vanish
56_gh8HBzUwXEk,36,2,61,355,0.0000,vanish
56_gh8HBzUwXEk,38,5,19,8218,0.1061,shrink
56_gh8HBzUwXEk,39,5,19,10036,0.0000,vanish
56_gh8HBzUwXEk,40,4,19,8293,0.0000,vanish
56_gh8HBzUwXEk,41,3,19,5081,0.0000,vanish
56_gh8HBzUwXEk,42,2,19,2799,0.0000,vanish
56_gh8HBzUwXEk,43,1,19,1466,0.0000,vanish
56_gh8HBzUwXEk,45,5,19,991,0.1493,shrink
56_gh8HBzUwXEk,46,1,0,1453,0.0000,vanish
56_gh8HBzUwXEk,46,5,19,3760,0.0582,vanish
56_gh8HBzUwXEk,46,5,19,3392,0.0654,vanish
56_gh8HBzUwXEk,46,5,19,739,0.0000,vanish
56_gh8HBzUwXEk,46,5,41,11917,0.1923,shrink
56_gh8HBzUwXEk,46,5,61,71213,0.0157,vanish
56_gh8HBzUwXEk,47,5,19,10949,0.1892,shrink
56_gh8HBzUwXEk,47,4,19,2892,0.0287,vanish
56_gh8HBzUwXEk,47,4,19,472,0.0000,vanish
56_gh8HBzUwXEk,47,5,41,9312,0.1697,shrink
56_gh8HBzUwXEk,47,4,61,60164,0.0000,vanish
56_gh8HBzUwXEk,48,1,0,8116,0.0000,vanish
56_gh8HBzUwXEk,48,5,19,20256,0.1051,shrink
56_gh8HBzUwXEk,48,3,19,2293,0.0000,vanish
56_gh8HBzUwXEk,48,5,41,6998,0.0000,vanish
56_gh8HBzUwXEk,48,2,61,15783,0.0000,vanish
56_gh8HBzUwXEk,48,3,61,14357,0.0000,vanish
56_gh8HBzUwXEk,49,5,19,24178,0.0095,vanish
56_gh8HBzUwXEk,49,2,19,2145,0.0000,vanish
56_gh8HBzUwXEk,49,4,41,5840,0.0000,vanish
56_gh8HBzUwXEk,49,2,61,27054,0.0000,vanish
56_gh8HBzUwXEk,50,5,19,31371,0.0559,vanish
56_gh8HBzUwXEk,50,1,19,1401,0.0000,vanish
56_gh8HBzUwXEk,50,3,41,4063,0.0000,vanish
56_gh8HBzUwXEk,50,1,61,3335,0.0000,vanish
56_gh8HBzUwXEk,51,5,19,30035,0.0000,vanish
56_gh8HBzUwXEk,51,2,41,2292,0.0000,vanish
56_gh8HBzUwXEk,52,4,19,27434,0.0000,vanish
56_gh8HBzUwXEk,52,1,41,1580,0.0000,vanish
56_gh8HBzUwXEk,53,3,19,18886,0.0000,vanish
56_gh8HBzUwXEk,54,2,19,10437,0.0000,vanish
56_gh8HBzUwXEk,54,5,61,48444,0.1338,shrink
56_gh8HBzUwXEk,55,1,19,5973,0.0000,vanish
56_gh8HBzUwXEk,55,5,61,50592,0.0705,vanish
56_gh8HBzUwXEk,56,5,61,52859,0.1049,shrink
56_gh8HBzUwXEk,57,5,61,50346,0.0000,vanish
56_gh8HBzUwXEk,58,4,61,48113,0.0000,vanish
56_gh8HBzUwXEk,59,3,61,35653,0.0000,vanish
56_gh8HBzUwXEk,60,2,61,17075,0.0000,vanish
56_gh8HBzUwXEk,61,1,61,9661,0.0000,vanish
56_gh8HBzUwXEk,66,2,22,1063,0.0000,vanish
56_gh8HBzUwXEk,67,1,22,582,0.0000,vanish
56_gh8HBzUwXEk,67,5,41,10250,0.2342,shrink
56_gh8HBzUwXEk,69,5,41,6679,0.0000,vanish
56_gh8HBzUwXEk,70,5,19,14823,0.1517,shrink
56_gh8HBzUwXEk,70,4,41,5216,0.0000,vanish
56_gh8HBzUwXEk,71,5,19,11618,0.1079,shrink
56_gh8HBzUwXEk,71,3,41,4519,0.0000,vanish
56_gh8HBzUwXEk,72,5,19,6257,0.0000,vanish
56_gh8HBzUwXEk,72,3,19,2077,0.0457,vanish
56_gh8HBzUwXEk,72,2,41,2397,0.0000,vanish
56_gh8HBzUwXEk,73,4,19,5536,0.0000,vanish
56_gh8HBzUwXEk,73,2,19,1680,0.0238,vanish
56_gh8HBzUwXEk,73,1,41,2243,0.0000,vanish
56_gh8HBzUwXEk,74,3,19,3474,0.0000,vanish
56_gh8HBzUwXEk,74,1,19,833,0.0000,vanish
56_gh8HBzUwXEk,75,2,19,1443,0.0000,vanish
56_gh8HBzUwXEk,75,5,41,10910,0.0969,vanish
56_gh8HBzUwXEk,75,5,61,11555,0.2062,shrink
56_gh8HBzUwXEk,76,1,19,759,0.0000,vanish
56_gh8HBzUwXEk,76,2,19,970,0.1907,shrink
56_gh8HBzUwXEk,76,5,41,9693,0.0000,vanish
56_gh8HBzUwXEk,76,5,61,11294,0.0550,vanish
56_gh8HBzUwXEk,77,2,19,863,0.1460,shrink
56_gh8HBzUwXEk,77,4,41,7762,0.0000,vanish
56_gh8HBzUwXEk,77,5,61,8949,0.0000,vanish
56_gh8HBzUwXEk,78,2,19,617,0.0000,vanish
56_gh8HBzUwXEk,78,3,41,4982,0.0000,vanish
56_gh8HBzUwXEk,78,4,61,5561,0.0000,vanish
56_gh8HBzUwXEk,79,1,19,313,0.0000,vanish
56_gh8HBzUwXEk,79,2,41,3719,0.0000,vanish
56_gh8HBzUwXEk,79,3,61,5387,0.0000,vanish
56_gh8HBzUwXEk,80,1,41,1057,0.0000,vanish
56_gh8HBzUwXEk,80,2,61,3136,0.0000,vanish
56_gh8HBzUwXEk,81,5,41,28645,0.1009,shrink
56_gh8HBzUwXEk,81,1,61,1668,0.0000,vanish
56_gh8HBzUwXEk,82,5,41,25885,0.0000,vanish
56_gh8HBzUwXEk,83,4,41,19833,0.0000,vanish
56_gh8HBzUwXEk,84,3,41,14348,0.0000,vanish
56_gh8HBzUwXEk,85,2,41,11275,0.0000,vanish
56_gh8HBzUwXEk,96,4,19,3740,0.2104,shrink
56_gh8HBzUwXEk,99,3,19,1235,0.1830,shrink
56_gh8HBzUwXEk,99,3,19,318,0.0000,vanish
56_gh8HBzUwXEk,100,4,19,979,0.1175,shrink
56_gh8HBzUwXEk,101,1,19,464,0.0000,vanish
56_gh8HBzUwXEk,109,5,41,10135,0.1242,shrink
56_gh8HBzUwXEk,110,4,22,1285,0.0000,vanish
56_gh8HBzUwXEk,110,5,41,9275,0.1050,shrink
56_gh8HBzUwXEk,111,3,22,926,0.0000,vanish
56_gh8HBzUwXEk,111,5,41,6887,0.0263,vanish
56_gh8HBzUwXEk,112,2,22,579,0.0000,vanish
56_gh8HBzUwXEk,112,5,41,5519,0.0092,vanish
56_gh8HBzUwXEk,113,5,41,4902,0.0000,vanish
56_gh8HBzUwXEk,114,4,41,1253,0.0000,vanish
56_gh8HBzUwXEk,115,3,41,974,0.0000,vanish
56_gh8HBzUwXEk,120,4,19,1300,0.0000,vanish
56_gh8HBzUwXEk,120,4,19,349,0.0000,vanish
56_gh8HBzUwXEk,121,1,19,810,0.0000,vanish
56_gh8HBzUwXEk,121,5,63,5584,0.2217,shrink
56_gh8HBzUwXEk,123,5,63,5399,0.2206,shrink
56_gh8HBzUwXEk,124,5,41,16453,0.2242,shrink
56_gh8HBzUwXEk,124,5,63,5036,0.0266,vanish
56_gh8HBzUwXEk,125,5,41,14099,0.1311,shrink
56_gh8HBzUwXEk,125,5,63,4134,0.0000,vanish
56_gh8HBzUwXEk,126,5,41,10940,0.0000,vanish
56_gh8HBzUwXEk,126,4,63,3000,0.0000,vanish
56_gh8HBzUwXEk,127,4,41,9762,0.0000,vanish
56_gh8HBzUwXEk,127,3,63,2671,0.0000,vanish
56_gh8HBzUwXEk,128,3,41,6799,0.0000,vanish
56_gh8HBzUwXEk,128,2,63,1525,0.0000,vanish
56_gh8HBzUwXEk,129,2,41,3689,0.0000,vanish
56_gh8HBzUwXEk,130,1,41,1865,0.0000,vanish
578_R3nPJuMN2yo,15,5,69,1017,0.1996,shrink
578_R3nPJuMN2yo,19,5,69,1171,0.0974,vanish
578_R3nPJuMN2yo,20,4,69,627,0.0319,vanish
578_R3nPJuMN2yo,20,4,69,866,0.1363,shrink
578_R3nPJuMN2yo,21,3,69,932,0.1803,shrink
578_R3nPJuMN2yo,22,2,69,722,0.1828,shrink
578_R3nPJuMN2yo,26,4,69,332,0.0000,vanish
578_R3nPJuMN2yo,32,4,69,432,0.0926,vanish
578_R3nPJuMN2yo,33,5,69,492,0.0386,vanish
578_R3nPJuMN2yo,34,5,69,592,0.0676,vanish
605_AymiAkCRAFM,0,1,23,4289,0.0000,vanish
605_AymiAkCRAFM,0,5,29,11855,0.1302,shrink
605_AymiAkCRAFM,0,3,52,2265,0.0000,vanish
605_AymiAkCRAFM,0,1,61,6637,0.0000,vanish
605_AymiAkCRAFM,0,4,67,748,0.0000,vanish
605_AymiAkCRAFM,1,1,15,14571,0.0000,vanish
605_AymiAkCRAFM,1,5,29,11306,0.0000,vanish
605_AymiAkCRAFM,1,1,61,29859,0.0100,vanish
605_AymiAkCRAFM,1,2,67,29446,0.0000,vanish
605_AymiAkCRAFM,2,1,15,10018,0.0000,vanish
605_AymiAkCRAFM,2,4,29,6564,0.0000,vanish
605_AymiAkCRAFM,2,1,52,324,0.0000,vanish
605_AymiAkCRAFM,2,1,61,25597,0.0004,vanish
605_AymiAkCRAFM,2,3,61,1381,0.0000,vanish
605_AymiAkCRAFM,2,4,61,41085,0.0000,vanish
605_AymiAkCRAFM,2,3,67,4077,0.0000,vanish
605_AymiAkCRAFM,2,2,67,71228,0.0279,vanish
605_AymiAkCRAFM,3,1,15,6866,0.0000,vanish
605_AymiAkCRAFM,3,1,15,1154,0.0000,vanish
605_AymiAkCRAFM,3,1,23,4444,0.1787,shrink
605_AymiAkCRAFM,3,1,29,2381,0.0000,vanish
605_AymiAkCRAFM,3,5,52,28482,0.0000,vanish
605_AymiAkCRAFM,3,1,61,19133,0.0413,vanish
605_AymiAkCRAFM,3,4,61,109049,0.0000,vanish
605_AymiAkCRAFM,3,1,67,648,0.0000,vanish
605_AymiAkCRAFM,3,2,67,51379,0.0987,vanish
605_AymiAkCRAFM,4,2,29,7719,0.0000,vanish
605_AymiAkCRAFM,4,4,52,63088,0.0000,vanish
605_AymiAkCRAFM,4,1,61,16247,0.2275,shrink
605_AymiAkCRAFM,4,5,61,147018,0.0000,vanish
605_AymiAkCRAFM,4,1,67,6455,0.0000,vanish
605_AymiAkCRAFM,5,3,15,2308,0.0000,vanish
605_AymiAkCRAFM,5,4,52,92689,0.0000,vanish
605_AymiAkCRAFM,5,5,61,150889,0.0591,vanish
605_AymiAkCRAFM,6,3,15,6629,0.0533,vanish
605_AymiAkCRAFM,6,4,52,91668,0.0000,vanish
605_AymiAkCRAFM,6,5,61,127895,0.0711,vanish
605_AymiAkCRAFM,7,4,52,76945,0.0000,vanish
605_AymiAkCRAFM,7,5,61,105030,0.1325,shrink
605_AymiAkCRAFM,8,5,52,75991,0.1011,shrink
605_AymiAkCRAFM,9,5,52,56865,0.0570,vanish
60_F1TLLCW9RJY,2,5,66,11122,0.2301,shrink
60_F1TLLCW9RJY,3,5,40,1613,0.2269,shrink
60_F1TLLCW9RJY,3,5,66,10395,0.1408,shrink
60_F1TLLCW9RJY,4,5,40,1726,0.0220,vanish
60_F1TLLCW9RJY,4,3,61,2592,0.2068,shrink
60_F1TLLCW9RJY,4,4,66,9026,0.1622,shrink
60_F1TLLCW9RJY,5,4,40,8832,0.2416,shrink
60_F1TLLCW9RJY,5,4,40,1686,0.0000,vanish
60_F1TLLCW9RJY,5,3,61,1068,0.0019,vanish
60_F1TLLCW9RJY,5,1,66,1149,0.0000,vanish
60_F1TLLCW9RJY,5,5,66,4566,0.2260,shrink
60_F1TLLCW9RJY,6,4,40,1879,0.0000,vanish
60_F1TLLCW9RJY,6,3,40,6101,0.1646,shrink
60_F1TLLCW9RJY,6,2,61,604,0.0000,vanish
60_F1TLLCW9RJY,6,5,66,3140,0.2089,shrink
60_F1TLLCW9RJY,7,3,40,1876,0.0000,vanish
60_F1TLLCW9RJY,7,2,40,4620,0.1894,shrink
60_F1TLLCW9RJY,7,1,61,463,0.0000,vanish
60_F1TLLCW9RJY,7,4,66,2648,0.2345,shrink
60_F1TLLCW9RJY,8,5,40,6997,0.1175,shrink
60_F1TLLCW9RJY,8,3,40,1560,0.0000,vanish
60_F1TLLCW9RJY,8,5,66,1464,0.0000,vanish
60_F1TLLCW9RJY,9,4,40,6884,0.1217,shrink
60_F1TLLCW9RJY,9,2,40,1135,0.0000,vanish
60_F1TLLCW9RJY,9,4,66,1764,0.0000,vanish
60_F1TLLCW9RJY,10,3,40,5569,0.1605,shrink
60_F1TLLCW9RJY,10,1,40,521,0.0000,vanish
60_F1TLLCW9RJY,10,3,66,1171,0.0000,vanish
60_F1TLLCW9RJY,11,2,40,3771,0.2405,shrink
60_F1TLLCW9RJY,11,2,66,860,0.0000,vanish
60_F1TLLCW9RJY,12,1,66,893,0.0000,vanish
60_F1TLLCW9RJY,18,5,61,2538,0.0000,vanish
60_F1TLLCW9RJY,19,4,61,2405,0.0000,vanish
60_F1TLLCW9RJY,20,3,61,2053,0.0000,vanish
60_F1TLLCW9RJY,21,2,61,1543,0.0000,vanish
60_F1TLLCW9RJY,22,1,61,1184,0.0000,vanish
60_F1TLLCW9RJY,29,3,40,575,0.0000,vanish
60_F1TLLCW9RJY,34,4,40,1663,0.0000,vanish
60_F1TLLCW9RJY,35,4,40,1643,0.0000,vanish
60_F1TLLCW9RJY,36,3,40,1921,0.0000,vanish
60_F1TLLCW9RJY,37,2,40,1551,0.0000,vanish
60_F1TLLCW9RJY,38,1,40,761,0.0000,vanish
60_F1TLLCW9RJY,45,4,40,1328,0.0858,vanish
60_F1TLLCW9RJY,47,5,40,5597,0.1428,shrink
60_F1TLLCW9RJY,47,1,40,1370,0.0000,vanish
60_F1TLLCW9RJY,48,4,40,5043,0.1523,shrink
60_F1TLLCW9RJY,49,4,40,5468,0.1975,shrink
60_F1TLLCW9RJY,50,2,61,302,0.0000,vanish
60_F1TLLCW9RJY,55,4,61,3738,0.2488,shrink
60_F1TLLCW9RJY,56,3,61,4668,0.2192,shrink
60_F1TLLCW9RJY,66,5,61,1121,0.0000,vanish
60_F1TLLCW9RJY,67,4,61,974,0.0000,vanish
60_F1TLLCW9RJY,68,3,61,569,0.0000,vanish
60_F1TLLCW9RJY,69,5,1,1133,0.1421,shrink
60_F1TLLCW9RJY,69,2,61,678,0.0000,vanish
60_F1TLLCW9RJY,69,1,66,566,0.0000,vanish
60_F1TLLCW9RJY,70,5,1,1286,0.0000,vanish
60_F1TLLCW9RJY,70,1,61,656,0.0000,vanish
60_F1TLLCW9RJY,71,4,1,1428,0.0000,vanish
60_F1TLLCW9RJY,72,3,1,653,0.0000,vanish
60_F1TLLCW9RJY,73,2,1,666,0.0000,vanish
614_bjnwpY_sAIo,4,5,20,4483,0.1619,shrink
614_bjnwpY_sAIo,6,5,20,4515,0.2244,shrink
614_bjnwpY_sAIo,15,5,20,6514,0.0665,vanish
614_bjnwpY_sAIo,21,5,20,23165,0.0000,vanish
614_bjnwpY_sAIo,21,5,20,9446,0.0000,vanish
614_bjnwpY_sAIo,21,5,20,370891,0.0000,vanish
614_bjnwpY_sAIo,21,5,20,110825,0.0000,vanish
614_bjnwpY_sAIo,22,4,20,9298,0.0000,vanish
614_bjnwpY_sAIo,22,4,20,23141,0.0000,vanish
614_bjnwpY_sAIo,22,4,20,373010,0.0000,vanish
614_bjnwpY_sAIo,22,4,20,110160,0.0000,vanish
614_bjnwpY_sAIo,23,3,20,10374,0.0000,vanish
614_bjnwpY_sAIo,23,3,20,21730,0.0000,vanish
614_bjnwpY_sAIo,23,3,20,378499,0.0000,vanish
614_bjnwpY_sAIo,23,3,20,110124,0.0000,vanish
614_bjnwpY_sAIo,24,2,20,9887,0.0000,vanish
614_bjnwpY_sAIo,24,2,20,20969,0.0000,vanish
614_bjnwpY_sAIo,24,2,20,381953,0.0000,vanish
614_bjnwpY_sAIo,24,2,20,109982,0.0000,vanish
614_bjnwpY_sAIo,25,1,20,10140,0.0000,vanish
614_bjnwpY_sAIo,25,1,20,19860,0.0000,vanish
614_bjnwpY_sAIo,25,1,20,383730,0.0000,vanish
614_bjnwpY_sAIo,25,1,20,110151,0.0000,vanish
614_bjnwpY_sAIo,26,1,15,10684,0.0000,vanish
614_bjnwpY_sAIo,26,1,15,20803,0.0000,vanish
614_bjnwpY_sAIo,26,1,15,384625,0.0000,vanish
614_bjnwpY_sAIo,26,1,15,110005,0.0000,vanish
614_bjnwpY_sAIo,54,5,92,963,0.0000,vanish
614_bjnwpY_sAIo,55,4,92,934,0.0000,vanish
614_bjnwpY_sAIo,56,3,92,735,0.0000,vanish
614_bjnwpY_sAIo,57,5,16,9508,0.0000,vanish
614_bjnwpY_sAIo,57,2,92,520,0.0000,vanish
614_bjnwpY_sAIo,58,4,16,9063,0.0000,vanish
614_bjnwpY_sAIo,58,5,16,16986,0.1932,shrink
614_bjnwpY_sAIo,58,1,92,341,0.0000,vanish
614_bjnwpY_sAIo,59,3,16,6782,0.0000,vanish
614_bjnwpY_sAIo,59,5,16,13269,0.2112,shrink
614_bjnwpY_sAIo,60,2,16,5354,0.0000,vanish
614_bjnwpY_sAIo,60,5,16,10199,0.1079,shrink
614_bjnwpY_sAIo,61,1,16,3670,0.0000,vanish
614_bjnwpY_sAIo,61,5,16,8983,0.0080,vanish
614_bjnwpY_sAIo,62,5,16,5063,0.0000,vanish
614_bjnwpY_sAIo,63,4,16,3282,0.0000,vanish
614_bjnwpY_sAIo,64,3,16,2802,0.0000,vanish
614_bjnwpY_sAIo,65,2,16,1100,0.0000,vanish
614_bjnwpY_sAIo,66,5,20,25767,0.1264,shrink
614_bjnwpY_sAIo,66,5,20,53935,0.2409,shrink
614_bjnwpY_sAIo,67,4,20,13033,0.2359,shrink
614_bjnwpY_sAIo,67,5,20,48449,0.1869,shrink
614_bjnwpY_sAIo,68,5,20,34633,0.1853,shrink
614_bjnwpY_sAIo,69,5,20,25924,0.0209,vanish
614_bjnwpY_sAIo,70,5,20,13006,0.1221,shrink
614_bjnwpY_sAIo,70,5,20,16708,0.2243,shrink
614_bjnwpY_sAIo,70,5,20,22587,0.0000,vanish
614_bjnwpY_sAIo,71,4,20,13560,0.0844,vanish
614_bjnwpY_sAIo,71,4,20,16175,0.1452,shrink
614_bjnwpY_sAIo,71,4,20,18044,0.2223,shrink
614_bjnwpY_sAIo,71,4,20,13063,0.0000,vanish
614_bjnwpY_sAIo,72,5,20,13530,0.0092,vanish
614_bjnwpY_sAIo,72,5,20,16133,0.0928,vanish
614_bjnwpY_sAIo,72,3,20,9057,0.0000,vanish
614_bjnwpY_sAIo,73,5,20,13910,0.0003,vanish
614_bjnwpY_sAIo,73,4,20,15843,0.0452,vanish
614_bjnwpY_sAIo,73,5,20,18934,0.0396,vanish
614_bjnwpY_sAIo,73,2,20,6417,0.0000,vanish
614_bjnwpY_sAIo,74,5,20,13837,0.0000,vanish
614_bjnwpY_sAIo,74,5,20,16875,0.0000,vanish
614_bjnwpY_sAIo,74,5,20,437828,0.0000,vanish
614_bjnwpY_sAIo,74,5,20,19902,0.0000,vanish
614_bjnwpY_sAIo,74,5,20,9967,0.0000,vanish
614_bjnwpY_sAIo,74,5,20,28545,0.0000,vanish
614_bjnwpY_sAIo,74,1,20,543,0.0000,vanish
614_bjnwpY_sAIo,75,4,20,585986,0.1130,shrink
614_bjnwpY_sAIo,75,4,20,2590,0.0000,vanish
614_bjnwpY_sAIo,75,4,20,16205,0.0000,vanish
614_bjnwpY_sAIo,75,4,20,34149,0.0000,vanish
614_bjnwpY_sAIo,76,3,20,400118,0.0000,vanish
614_bjnwpY_sAIo,76,3,20,19555,0.0000,vanish
614_bjnwpY_sAIo,76,3,20,4139,0.0000,vanish
614_bjnwpY_sAIo,76,3,20,31299,0.0000,vanish
614_bjnwpY_sAIo,76,3,20,19094,0.0000,vanish
614_bjnwpY_sAIo,76,3,20,36078,0.0000,vanish
614_bjnwpY_sAIo,77,2,20,13916,0.0000,vanish
614_bjnwpY_sAIo,77,2,20,16724,0.0000,vanish
614_bjnwpY_sAIo,77,2,20,395771,0.0000,vanish
614_bjnwpY_sAIo,77,2,20,18885,0.0000,vanish
614_bjnwpY_sAIo,77,2,20,8263,0.0000,vanish
614_bjnwpY_sAIo,77,2,20,29433,0.0000,vanish
614_bjnwpY_sAIo,77,2,20,28577,0.0000,vanish
614_bjnwpY_sAIo,77,2,20,43622,0.0000,vanish
614_bjnwpY_sAIo,78,1,20,13574,0.0000,vanish
614_bjnwpY_sAIo,78,1,20,16853,0.0000,vanish
614_bjnwpY_sAIo,78,1,20,394177,0.0000,vanish
614_bjnwpY_sAIo,78,1,20,17876,0.0000,vanish
614_bjnwpY_sAIo,78,1,20,10861,0.0000,vanish
614_bjnwpY_sAIo,78,1,20,30060,0.0000,vanish
614_bjnwpY_sAIo,78,1,20,33990,0.0000,vanish
614_bjnwpY_sAIo,78,1,20,48470,0.0000,vanish
614_bjnwpY_sAIo,79,1,15,13984,0.0000,vanish
614_bjnwpY_sAIo,79,1,15,17567,0.0000,vanish
614_bjnwpY_sAIo,79,1,15,394752,0.0000,vanish
614_bjnwpY_sAIo,79,1,15,18026,0.0000,vanish
614_bjnwpY_sAIo,79,1,15,12182,0.0000,vanish
614_bjnwpY_sAIo,79,1,15,32781,0.0000,vanish
614_bjnwpY_sAIo,79,1,15,36553,0.0000,vanish
614_bjnwpY_sAIo,79,1,15,51084,0.0000,vanish
614_bjnwpY_sAIo,80,5,20,16185,0.1328,shrink
614_bjnwpY_sAIo,80,4,20,17147,0.2017,shrink
614_bjnwpY_sAIo,81,5,16,32034,0.1163,shrink
614_bjnwpY_sAIo,81,4,20,12984,0.0099,vanish
614_bjnwpY_sAIo,81,5,20,16240,0.0000,vanish
614_bjnwpY_sAIo,81,3,20,772,0.0000,vanish
614_bjnwpY_sAIo,81,5,20,47757,0.1564,shrink
614_bjnwpY_sAIo,82,5,16,25672,0.1946,shrink
614_bjnwpY_sAIo,82,5,20,51515,0.1226,shrink
614_bjnwpY_sAIo,82,5,92,14756,0.1803,shrink
614_bjnwpY_sAIo,83,5,20,55908,0.2408,shrink
614_bjnwpY_sAIo,83,5,92,11086,0.1924,shrink
614_bjnwpY_sAIo,84,5,16,30661,0.1340,shrink
614_bjnwpY_sAIo,84,4,20,13308,0.0011,vanish
614_bjnwpY_sAIo,84,5,20,18051,0.0208,vanish
614_bjnwpY_sAIo,84,5,20,54437,0.1834,shrink
614_bjnwpY_sAIo,84,5,92,9201,0.0051,vanish
614_bjnwpY_sAIo,85,5,16,37347,0.2232,shrink
614_bjnwpY_sAIo,85,3,20,13350,0.0025,vanish
614_bjnwpY_sAIo,85,4,20,17243,0.0270,vanish
614_bjnwpY_sAIo,85,5,20,55486,0.1458,shrink
614_bjnwpY_sAIo,85,5,92,8584,0.0000,vanish
614_bjnwpY_sAIo,86,5,20,12706,0.0000,vanish
614_bjnwpY_sAIo,86,5,20,18889,0.0757,vanish
614_bjnwpY_sAIo,86,4,92,5986,0.0000,vanish
614_bjnwpY_sAIo,87,5,16,21164,0.2468,shrink
614_bjnwpY_sAIo,87,5,20,33972,0.1003,shrink
614_bjnwpY_sAIo,87,3,92,3824,0.0000,vanish
614_bjnwpY_sAIo,88,5,16,18035,0.2368,shrink
614_bjnwpY_sAIo,88,5,20,32045,0.1617,shrink
614_bjnwpY_sAIo,88,2,92,2866,0.0000,vanish
614_bjnwpY_sAIo,90,5,16,8337,0.1510,shrink
614_bjnwpY_sAIo,90,1,16,1987,0.0000,vanish
614_bjnwpY_sAIo,91,5,16,7889,0.1316,shrink
614_bjnwpY_sAIo,92,5,16,5223,0.1704,shrink
614_bjnwpY_sAIo,93,5,16,4271,0.1758,shrink
614_bjnwpY_sAIo,94,5,16,3282,0.1563,shrink
614_bjnwpY_sAIo,96,5,16,1038,0.1618,shrink
614_bjnwpY_sAIo,97,5,16,890,0.0000,vanish
614_bjnwpY_sAIo,97,5,20,1137,0.0000,vanish
614_bjnwpY_sAIo,98,4,16,751,0.0000,vanish
614_bjnwpY_sAIo,99,3,16,513,0.0000,vanish
614_bjnwpY_sAIo,100,2,16,434,0.0000,vanish
614_bjnwpY_sAIo,101,1,20,2599,0.0000,vanish
614_bjnwpY_sAIo,103,1,20,2754,0.0000,vanish
614_bjnwpY_sAIo,105,1,20,1065,0.0000,vanish
614_bjnwpY_sAIo,107,1,20,1692,0.0000,vanish
614_bjnwpY_sAIo,109,1,20,2910,0.0000,vanish
614_bjnwpY_sAIo,111,1,20,2732,0.0000,vanish
614_bjnwpY_sAIo,115,2,20,2784,0.0966,vanish
614_bjnwpY_sAIo,120,2,16,326,0.0000,vanish
614_bjnwpY_sAIo,121,5,20,30744,0.1068,shrink
614_bjnwpY_sAIo,122,3,20,903,0.0000,vanish
614_bjnwpY_sAIo,122,5,20,10793,0.0195,vanish
614_bjnwpY_sAIo,122,5,20,19932,0.1309,shrink
614_bjnwpY_sAIo,123,2,20,865,0.0000,vanish
614_bjnwpY_sAIo,123,5,20,34525,0.1382,shrink
614_bjnwpY_sAIo,123,5,20,50373,0.2267,shrink
614_bjnwpY_sAIo,123,5,92,24918,0.2042,shrink
614_bjnwpY_sAIo,124,1,20,453,0.0000,vanish
614_bjnwpY_sAIo,124,4,20,32013,0.1922,shrink
614_bjnwpY_sAIo,124,5,92,24652,0.0000,vanish
614_bjnwpY_sAIo,125,5,20,145020,0.1467,shrink
614_bjnwpY_sAIo,125,4,92,22668,0.0000,vanish
614_bjnwpY_sAIo,126,5,20,140202,0.1547,shrink
614_bjnwpY_sAIo,126,5,20,1191,0.1847,shrink
614_bjnwpY_sAIo,126,3,92,18485,0.0000,vanish
614_bjnwpY_sAIo,127,1,16,4458,0.0000,vanish
614_bjnwpY_sAIo,127,5,20,29087,0.1570,shrink
614_bjnwpY_sAIo,127,4,20,141889,0.1623,shrink
614_bjnwpY_sAIo,127,5,20,132101,0.2201,shrink
614_bjnwpY_sAIo,127,2,92,15395,0.0000,vanish
614_bjnwpY_sAIo,128,5,16,41316,0.1561,shrink
614_bjnwpY_sAIo,128,5,20,25896,0.1960,shrink
614_bjnwpY_sAIo,128,4,20,139818,0.1966,shrink
614_bjnwpY_sAIo,128,5,20,106898,0.2371,shrink
614_bjnwpY_sAIo,128,1,92,5872,0.0000,vanish
614_bjnwpY_sAIo,129,5,16,31181,0.0180,vanish
614_bjnwpY_sAIo,129,3,20,24312,0.1095,shrink
614_bjnwpY_sAIo,129,5,20,139285,0.2152,shrink
614_bjnwpY_sAIo,129,4,20,41241,0.1385,shrink
614_bjnwpY_sAIo,129,5,20,90531,0.2017,shrink
614_bjnwpY_sAIo,130,4,16,26465,0.0212,vanish
614_bjnwpY_sAIo,130,2,20,22271,0.0540,vanish
614_bjnwpY_sAIo,130,5,20,139416,0.2432,shrink
614_bjnwpY_sAIo,130,4,20,40309,0.1000,shrink
614_bjnwpY_sAIo,130,5,20,86539,0.1546,shrink
614_bjnwpY_sAIo,131,4,16,11875,0.0000,vanish
614_bjnwpY_sAIo,131,3,20,22238,0.0557,vanish
614_bjnwpY_sAIo,131,4,20,37935,0.0889,vanish
614_bjnwpY_sAIo,132,3,16,7108,0.0000,vanish
614_bjnwpY_sAIo,132,3,20,19591,0.0677,vanish
614_bjnwpY_sAIo,132,3,20,36534,0.1560,shrink
614_bjnwpY_sAIo,133,2,16,4684,0.0000,vanish
614_bjnwpY_sAIo,133,2,20,19596,0.0761,vanish
614_bjnwpY_sAIo,133,2,20,35794,0.2295,shrink
614_bjnwpY_sAIo,134,1,16,562,0.0000,vanish
629_BQJQQWsel9s,0,3,67,1408,0.0000,vanish
629_BQJQQWsel9s,1,2,67,832,0.0000,vanish
629_BQJQQWsel9s,1,2,67,405,0.0000,vanish
629_BQJQQWsel9s,2,2,67,1093,0.0000,vanish
629_BQJQQWsel9s,16,3,17,20553,0.2343,shrink
629_BQJQQWsel9s,16,2,67,442,0.0000,vanish
629_BQJQQWsel9s,17,2,17,15113,0.1350,shrink
629_BQJQQWsel9s,17,5,66,54568,0.1993,shrink
629_BQJQQWsel9s,18,1,17,4888,0.0119,vanish
629_BQJQQWsel9s,18,5,66,47958,0.1555,shrink
629_BQJQQWsel9s,19,3,61,11159,0.0000,vanish
629_BQJQQWsel9s,19,5,66,37639,0.0419,vanish
629_BQJQQWsel9s,20,2,61,7029,0.0000,vanish
629_BQJQQWsel9s,20,5,66,32199,0.0000,vanish
629_BQJQQWsel9s,21,4,66,21125,0.0000,vanish
629_BQJQQWsel9s,22,3,66,12042,0.0000,vanish
629_BQJQQWsel9s,22,2,67,680,0.0000,vanish
629_BQJQQWsel9s,23,2,66,8160,0.0000,vanish
629_BQJQQWsel9s,24,1,66,1884,0.0000,vanish
629_BQJQQWsel9s,37,2,67,2750,0.2265,shrink
629_BQJQQWsel9s,38,4,67,2727,0.1511,shrink
629_BQJQQWsel9s,39,3,67,2019,0.0000,vanish
629_BQJQQWsel9s,39,2,67,1379,0.0000,vanish
629_BQJQQWsel9s,41,1,67,2796,0.1942,shrink
629_BQJQQWsel9s,43,1,67,544,0.0018,vanish
629_BQJQQWsel9s,49,4,67,2709,0.1019,shrink
629_BQJQQWsel9s,50,3,67,2500,0.1364,shrink
629_BQJQQWsel9s,51,3,67,2141,0.2064,shrink
629_BQJQQWsel9s,52,2,67,1745,0.1777,shrink
629_BQJQQWsel9s,53,5,67,1354,0.0000,vanish
629_BQJQQWsel9s,54,1,67,320,0.0000,vanish
629_BQJQQWsel9s,56,5,17,2091,0.1597,shrink
629_BQJQQWsel9s,57,5,17,4571,0.1496,shrink
629_BQJQQWsel9s,57,1,67,1063,0.0000,vanish
629_BQJQQWsel9s,61,2,61,3051,0.0000,vanish
629_BQJQQWsel9s,62,2,61,5325,0.0000,vanish
629_BQJQQWsel9s,72,4,61,2489,0.0000,vanish
629_BQJQQWsel9s,73,4,61,3071,0.0000,vanish
629_BQJQQWsel9s,77,5,47,21984,0.1772,shrink
629_BQJQQWsel9s,78,5,47,17067,0.1477,shrink
629_BQJQQWsel9s,79,5,47,12706,0.0398,vanish
629_BQJQQWsel9s,80,5,47,10846,0.0000,vanish
629_BQJQQWsel9s,80,2,67,1247,0.0000,vanish
629_BQJQQWsel9s,81,4,47,7052,0.0000,vanish
629_BQJQQWsel9s,81,1,67,596,0.0000,vanish
629_BQJQQWsel9s,82,3,47,3896,0.0000,vanish
629_BQJQQWsel9s,83,2,47,2521,0.0000,vanish
629_BQJQQWsel9s,84,1,47,506,0.0000,vanish
629_BQJQQWsel9s,91,2,61,9687,0.0000,vanish
629_BQJQQWsel9s,98,5,61,920,0.0000,vanish
629_BQJQQWsel9s,99,5,61,2950,0.0637,vanish
629_BQJQQWsel9s,100,4,61,6125,0.2374,shrink
629_BQJQQWsel9s,105,3,61,2831,0.0000,vanish
629_BQJQQWsel9s,105,4,67,2263,0.0000,vanish
629_BQJQQWsel9s,105,4,67,1918,0.0000,vanish
629_BQJQQWsel9s,106,3,61,8030,0.0000,vanish
629_BQJQQWsel9s,106,3,67,2110,0.0000,vanish
629_BQJQQWsel9s,106,3,67,1219,0.0000,vanish
629_BQJQQWsel9s,107,3,61,8692,0.0000,vanish
629_BQJQQWsel9s,107,2,67,1539,0.0000,vanish
629_BQJQQWsel9s,107,2,67,813,0.0000,vanish
629_BQJQQWsel9s,108,2,67,871,0.0000,vanish
629_BQJQQWsel9s,112,3,17,2988,0.0000,vanish
629_BQJQQWsel9s,113,2,17,1295,0.0000,vanish
629_BQJQQWsel9s,114,1,17,676,0.0000,vanish
629_BQJQQWsel9s,115,3,17,2532,0.0000,vanish
629_BQJQQWsel9s,116,2,17,641,0.0000,vanish
629_BQJQQWsel9s,125,2,67,414,0.0000,vanish
629_BQJQQWsel9s,130,5,67,1379,0.0508,vanish
629_BQJQQWsel9s,131,4,67,1107,0.1563,shrink
629_BQJQQWsel9s,132,3,67,793,0.2093,shrink
62_gmxfXIvSBNs,3,4,61,1120,0.0000,vanish
62_gmxfXIvSBNs,4,3,13,757,0.0000,vanish
62_gmxfXIvSBNs,4,5,28,2732,0.2500,shrink
62_gmxfXIvSBNs,4,4,61,2408,0.0058,vanish
62_gmxfXIvSBNs,5,5,28,2221,0.1382,shrink
62_gmxfXIvSBNs,5,4,61,3052,0.0744,vanish
62_gmxfXIvSBNs,6,5,28,1841,0.1016,shrink
62_gmxfXIvSBNs,7,5,28,1362,0.0000,vanish
62_gmxfXIvSBNs,8,4,28,1191,0.0000,vanish
62_gmxfXIvSBNs,9,3,28,683,0.0000,vanish
62_gmxfXIvSBNs,10,2,28,307,0.0000,vanish
62_gmxfXIvSBNs,10,5,61,1471,0.0000,vanish
62_gmxfXIvSBNs,11,4,61,1967,0.0000,vanish
62_gmxfXIvSBNs,14,5,8,3837,0.0008,vanish
62_gmxfXIvSBNs,15,5,8,3079,0.0000,vanish
62_gmxfXIvSBNs,16,4,8,2723,0.0000,vanish
62_gmxfXIvSBNs,17,3,8,2338,0.0000,vanish
62_gmxfXIvSBNs,18,2,8,1517,0.0000,vanish
62_gmxfXIvSBNs,29,5,67,3619,0.2130,shrink
62_gmxfXIvSBNs,30,5,67,3177,0.0000,vanish
62_gmxfXIvSBNs,31,5,67,3006,0.0000,vanish
62_gmxfXIvSBNs,32,4,67,2600,0.0000,vanish
62_gmxfXIvSBNs,33,3,67,2019,0.0000,vanish
62_gmxfXIvSBNs,34,2,67,1197,0.0000,vanish
62_gmxfXIvSBNs,35,5,25,8924,0.0008,vanish
62_gmxfXIvSBNs,36,5,25,8442,0.0000,vanish
62_gmxfXIvSBNs,37,3,13,1391,0.0000,vanish
62_gmxfXIvSBNs,37,4,25,6582,0.0000,vanish
62_gmxfXIvSBNs,38,3,13,1250,0.0000,vanish
62_gmxfXIvSBNs,38,3,25,3632,0.0000,vanish
62_gmxfXIvSBNs,39,3,13,1345,0.0000,vanish
62_gmxfXIvSBNs,39,2,25,1632,0.0000,vanish
62_gmxfXIvSBNs,40,3,13,1347,0.0000,vanish
62_gmxfXIvSBNs,63,5,25,5066,0.2169,shrink
62_gmxfXIvSBNs,65,5,25,7092,0.2286,shrink
62_gmxfXIvSBNs,66,5,25,6930,0.1385,shrink
62_gmxfXIvSBNs,67,5,25,6891,0.2300,shrink
62_gmxfXIvSBNs,68,5,25,6936,0.2122,shrink
62_gmxfXIvSBNs,69,5,25,6988,0.1309,shrink
62_gmxfXIvSBNs,70,5,25,7009,0.1859,shrink
62_gmxfXIvSBNs,71,5,25,7009,0.1975,shrink
62_gmxfXIvSBNs,72,5,25,7107,0.1269,shrink
62_gmxfXIvSBNs,73,5,25,7045,0.1874,shrink
62_gmxfXIvSBNs,74,5,25,7090,0.1732,shrink
62_gmxfXIvSBNs,75,5,25,6875,0.0733,vanish
62_gmxfXIvSBNs,76,5,25,7046,0.1267,shrink
62_gmxfXIvSBNs,77,5,25,7136,0.0945,vanish
62_gmxfXIvSBNs,78,5,25,7175,0.0266,vanish
62_gmxfXIvSBNs,79,5,25,7122,0.0586,vanish
62_gmxfXIvSBNs,80,5,25,7106,0.0477,vanish
62_gmxfXIvSBNs,81,5,25,7016,0.0114,vanish
62_gmxfXIvSBNs,82,5,25,6991,0.0634,vanish
62_gmxfXIvSBNs,83,5,25,6995,0.0803,vanish
62_gmxfXIvSBNs,84,5,25,6982,0.0332,vanish
62_gmxfXIvSBNs,85,5,25,6917,0.0866,vanish
62_gmxfXIvSBNs,86,5,25,6892,0.1209,shrink
62_gmxfXIvSBNs,87,5,25,6881,0.0686,vanish
62_gmxfXIvSBNs,88,5,25,6800,0.1340,shrink
62_gmxfXIvSBNs,89,5,25,6682,0.1308,shrink
62_gmxfXIvSBNs,90,5,25,6399,0.0689,vanish
62_gmxfXIvSBNs,91,5,25,6702,0.1261,shrink
62_gmxfXIvSBNs,92,5,25,6709,0.1245,shrink
62_gmxfXIvSBNs,93,5,25,6674,0.0767,vanish
62_gmxfXIvSBNs,94,5,25,6467,0.1613,shrink
62_gmxfXIvSBNs,95,5,25,6447,0.2153,shrink
62_gmxfXIvSBNs,96,5,25,6417,0.2104,shrink
62_gmxfXIvSBNs,96,2,86,1059,0.0000,vanish
62_gmxfXIvSBNs,97,1,86,612,0.0000,vanish
639_iqUmvFUYRZ4,90,5,14,5530,0.1949,shrink
639_iqUmvFUYRZ4,91,5,14,4711,0.0189,vanish
639_iqUmvFUYRZ4,92,5,14,4616,0.0000,vanish
639_iqUmvFUYRZ4,93,4,14,3416,0.0000,vanish
639_iqUmvFUYRZ4,94,3,14,2723,0.0000,vanish
639_iqUmvFUYRZ4,95,2,14,1299,0.0000,vanish
639_iqUmvFUYRZ4,122,3,61,2881,0.0000,vanish
639_iqUmvFUYRZ4,123,2,61,2331,0.0000,vanish
639_iqUmvFUYRZ4,124,5,14,47253,0.1936,shrink
639_iqUmvFUYRZ4,124,1,61,1714,0.0000,vanish
639_iqUmvFUYRZ4,125,5,14,38339,0.1552,shrink
639_iqUmvFUYRZ4,126,5,14,29042,0.0759,vanish
639_iqUmvFUYRZ4,126,5,61,6297,0.1717,shrink
639_iqUmvFUYRZ4,127,4,14,3023,0.0000,vanish
639_iqUmvFUYRZ4,127,5,14,21789,0.0000,vanish
639_iqUmvFUYRZ4,127,5,61,5489,0.0578,vanish
639_iqUmvFUYRZ4,128,3,14,2126,0.0000,vanish
639_iqUmvFUYRZ4,128,4,14,15621,0.0000,vanish
639_iqUmvFUYRZ4,128,5,61,4582,0.0000,vanish
639_iqUmvFUYRZ4,129,2,14,979,0.0000,vanish
639_iqUmvFUYRZ4,129,3,14,2388,0.0000,vanish
639_iqUmvFUYRZ4,129,3,14,6157,0.0000,vanish
639_iqUmvFUYRZ4,129,4,61,3719,0.0000,vanish
639_iqUmvFUYRZ4,130,1,14,581,0.0000,vanish
639_iqUmvFUYRZ4,130,2,14,1773,0.0000,vanish
639_iqUmvFUYRZ4,130,2,14,3896,0.0000,vanish
639_iqUmvFUYRZ4,130,3,61,3087,0.0000,vanish
639_iqUmvFUYRZ4,131,1,14,647,0.0000,vanish
639_iqUmvFUYRZ4,131,1,14,1557,0.0000,vanish
639_iqUmvFUYRZ4,131,2,61,2068,0.0000,vanish
639_iqUmvFUYRZ4,132,1,61,583,0.0000,vanish
649_jhvbwbfVQLg,64,5,15,1202,0.1581,shrink
649_jhvbwbfVQLg,65,5,15,979,0.0000,vanish
649_jhvbwbfVQLg,66,4,15,867,0.0000,vanish
649_jhvbwbfVQLg,67,3,15,640,0.0000,vanish
649_jhvbwbfVQLg,68,2,15,495,0.0000,vanish
649_jhvbwbfVQLg,78,1,15,897,0.0000,vanish
649_jhvbwbfVQLg,82,5,15,1176,0.2279,shrink
649_jhvbwbfVQLg,83,5,15,1230,0.0772,vanish
649_jhvbwbfVQLg,84,5,15,1051,0.0000,vanish
649_jhvbwbfVQLg,85,4,15,1061,0.0000,vanish
649_jhvbwbfVQLg,86,3,15,780,0.0000,vanish
649_jhvbwbfVQLg,93,5,15,3477,0.1864,shrink
649_jhvbwbfVQLg,94,5,15,2953,0.1737,shrink
649_jhvbwbfVQLg,95,5,15,517,0.0793,vanish
649_jhvbwbfVQLg,95,5,15,2327,0.0769,vanish
649_jhvbwbfVQLg,95,3,15,704,0.0000,vanish
649_jhvbwbfVQLg,96,5,15,6455,0.2440,shrink
649_jhvbwbfVQLg,96,5,15,1872,0.0000,vanish
649_jhvbwbfVQLg,96,2,15,1305,0.0000,vanish
649_jhvbwbfVQLg,97,5,15,5685,0.1924,shrink
649_jhvbwbfVQLg,97,4,15,1323,0.0000,vanish
649_jhvbwbfVQLg,97,1,15,419,0.0000,vanish
649_jhvbwbfVQLg,97,2,15,631,0.0000,vanish
649_jhvbwbfVQLg,98,5,15,5063,0.1098,shrink
649_jhvbwbfVQLg,98,3,15,648,0.0000,vanish
649_jhvbwbfVQLg,99,5,15,3091,0.0000,vanish
649_jhvbwbfVQLg,99,2,15,513,0.0000,vanish
649_jhvbwbfVQLg,100,4,15,2238,0.0000,vanish
649_jhvbwbfVQLg,101,3,15,1575,0.0000,vanish
649_jhvbwbfVQLg,102,2,15,1094,0.0000,vanish
649_jhvbwbfVQLg,103,1,15,556,0.0000,vanish
649_jhvbwbfVQLg,112,5,15,1073,0.0000,vanish
649_jhvbwbfVQLg,113,4,15,922,0.0000,vanish
649_jhvbwbfVQLg,114,2,15,643,0.0000,vanish
649_jhvbwbfVQLg,115,1,15,378,0.0000,vanish
649_jhvbwbfVQLg,115,1,36,310,0.0000,vanish
671_YiE208yAofI,24,5,67,1119,0.0250,vanish
671_YiE208yAofI,25,5,67,928,0.0000,vanish
671_YiE208yAofI,26,4,67,556,0.0000,vanish
671_YiE208yAofI,27,3,67,489,0.0000,vanish
671_YiE208yAofI,30,3,22,4690,0.0000,vanish
671_YiE208yAofI,37,1,67,334,0.0000,vanish
671_YiE208yAofI,45,1,22,1184,0.0000,vanish
671_YiE208yAofI,64,5,67,1226,0.1232,shrink
671_YiE208yAofI,65,5,67,1163,0.0275,vanish
671_YiE208yAofI,66,5,67,747,0.0120,vanish
671_YiE208yAofI,67,5,67,829,0.0000,vanish
671_YiE208yAofI,68,4,67,661,0.0000,vanish
671_YiE208yAofI,105,1,22,380,0.0000,vanish
671_YiE208yAofI,105,2,22,2334,0.0000,vanish
671_YiE208yAofI,107,5,22,417,0.1247,shrink
671_YiE208yAofI,108,5,22,365,0.0000,vanish
671_YiE208yAofI,118,2,67,2711,0.0000,vanish
671_YiE208yAofI,119,1,67,1417,0.0000,vanish
671_YiE208yAofI,120,1,22,1798,0.0000,vanish
671_YiE208yAofI,121,4,67,756,0.0000,vanish
671_YiE208yAofI,122,3,67,501,0.0000,vanish
671_YiE208yAofI,125,5,67,5719,0.1651,shrink
671_YiE208yAofI,126,5,67,4843,0.0000,vanish
671_YiE208yAofI,127,4,67,4007,0.0000,vanish
671_YiE208yAofI,128,3,67,2943,0.0000,vanish
671_YiE208yAofI,129,2,67,1925,0.0000,vanish
671_YiE208yAofI,130,1,67,944,0.0000,vanish
671_YiE208yAofI,131,3,13,4838,0.0000,vanish
671_YiE208yAofI,132,2,13,4426,0.0000,vanish
671_YiE208yAofI,133,2,13,3738,0.0000,vanish
671_YiE208yAofI,134,1,13,2995,0.0000,vanish
683_JBUJLqpqzwY,0,4,29,1225,0.0065,vanish
683_JBUJLqpqzwY,8,5,67,26120,0.2442,shrink
683_JBUJLqpqzwY,16,5,29,1291,0.1936,shrink
683_JBUJLqpqzwY,21,3,29,696,0.0000,vanish
683_JBUJLqpqzwY,22,2,29,517,0.0000,vanish
683_JBUJLqpqzwY,23,1,29,1686,0.0071,vanish
683_JBUJLqpqzwY,28,5,29,1212,0.1551,shrink
683_JBUJLqpqzwY,29,5,29,1952,0.0000,vanish
683_JBUJLqpqzwY,31,3,29,2904,0.0000,vanish
683_JBUJLqpqzwY,32,2,29,1193,0.0000,vanish
683_JBUJLqpqzwY,33,1,29,1084,0.0000,vanish
683_JBUJLqpqzwY,38,2,29,1314,0.0000,vanish
683_JBUJLqpqzwY,39,5,29,5269,0.0000,vanish
683_JBUJLqpqzwY,40,4,29,4350,0.0000,vanish
683_JBUJLqpqzwY,41,3,29,3828,0.0000,vanish
683_JBUJLqpqzwY,41,2,29,531,0.0000,vanish
683_JBUJLqpqzwY,42,2,29,2869,0.0000,vanish
683_JBUJLqpqzwY,43,1,29,1718,0.0000,vanish
683_JBUJLqpqzwY,67,1,67,1297,0.0000,vanish
683_JBUJLqpqzwY,81,5,29,1161,0.0000,vanish
683_JBUJLqpqzwY,81,3,67,2291,0.1506,shrink
683_JBUJLqpqzwY,82,4,29,1099,0.0000,vanish
683_JBUJLqpqzwY,83,3,29,732,0.0000,vanish
683_JBUJLqpqzwY,84,2,29,514,0.0000,vanish
683_JBUJLqpqzwY,85,1,29,482,0.0000,vanish
683_JBUJLqpqzwY,116,5,13,6187,0.0635,vanish
683_JBUJLqpqzwY,117,5,13,5632,0.0000,vanish
683_JBUJLqpqzwY,117,5,34,399,0.0927,vanish
683_JBUJLqpqzwY,118,3,13,2225,0.0000,vanish
683_JBUJLqpqzwY,118,5,34,489,0.0818,vanish
683_JBUJLqpqzwY,119,4,13,5384,0.0000,vanish
683_JBUJLqpqzwY,120,4,13,6297,0.0000,vanish
683_JBUJLqpqzwY,120,5,29,4520,0.1449,shrink
683_JBUJLqpqzwY,121,5,13,6549,0.0000,vanish
683_JBUJLqpqzwY,122,5,13,6592,0.0018,vanish
683_JBUJLqpqzwY,123,5,29,5456,0.2460,shrink
683_JBUJLqpqzwY,125,5,29,1252,0.0351,vanish
683_JBUJLqpqzwY,127,3,29,1248,0.0000,vanish
683_JBUJLqpqzwY,128,2,29,1078,0.0000,vanish
683_JBUJLqpqzwY,129,1,29,568,0.0000,vanish
683_JBUJLqpqzwY,130,5,29,5800,0.0526,vanish
683_JBUJLqpqzwY,131,4,29,5930,0.1298,shrink
683_JBUJLqpqzwY,132,3,29,5486,0.1438,shrink
683_JBUJLqpqzwY,133,2,29,5142,0.1581,shrink
683_JBUJLqpqzwY,134,1,29,4389,0.1069,shrink
691_Licrf2MwB-k,0,5,1,3437,0.1769,shrink
691_Licrf2MwB-k,2,5,1,2295,0.1072,shrink
691_Licrf2MwB-k,3,5,1,1622,0.1128,shrink
691_Licrf2MwB-k,4,4,1,898,0.2038,shrink
691_Licrf2MwB-k,17,1,99,737,0.0000,vanish
691_Licrf2MwB-k,20,2,0,1398,0.0000,vanish
691_Licrf2MwB-k,20,5,1,617,0.1053,shrink
691_Licrf2MwB-k,20,3,1,790,0.0000,vanish
691_Licrf2MwB-k,21,1,0,2358,0.0000,vanish
691_Licrf2MwB-k,21,5,1,946,0.1871,shrink
691_Licrf2MwB-k,22,5,1,1479,0.1055,shrink
691_Licrf2MwB-k,22,1,1,757,0.0000,vanish
691_Licrf2MwB-k,23,4,60,398,0.0000,vanish
691_Licrf2MwB-k,25,2,60,696,0.0000,vanish
691_Licrf2MwB-k,29,5,78,33149,0.2478,shrink
691_Licrf2MwB-k,30,5,78,27730,0.1473,shrink
691_Licrf2MwB-k,31,5,78,21975,0.0705,vanish
691_Licrf2MwB-k,32,5,78,16957,0.0000,vanish
691_Licrf2MwB-k,32,5,99,4106,0.1585,shrink
691_Licrf2MwB-k,33,4,78,12327,0.0000,vanish
691_Licrf2MwB-k,33,5,99,3526,0.0295,vanish
691_Licrf2MwB-k,34,3,78,8215,0.0000,vanish
691_Licrf2MwB-k,34,5,99,2946,0.0190,vanish
691_Licrf2MwB-k,35,2,78,4086,0.0000,vanish
691_Licrf2MwB-k,35,4,99,2383,0.1360,shrink
691_Licrf2MwB-k,36,1,78,1549,0.0000,vanish
691_Licrf2MwB-k,36,5,99,2067,0.1776,shrink
691_Licrf2MwB-k,37,5,99,1706,0.1665,shrink
691_Licrf2MwB-k,38,5,99,1374,0.0400,vanish
691_Licrf2MwB-k,39,4,99,1080,0.0000,vanish
691_Licrf2MwB-k,40,3,99,795,0.0000,vanish
691_Licrf2MwB-k,41,2,99,357,0.0000,vanish
691_Licrf2MwB-k,53,5,80,11654,0.1883,shrink
691_Licrf2MwB-k,54,5,80,9351,0.1485,shrink
691_Licrf2MwB-k,55,5,80,7260,0.0738,vanish
691_Licrf2MwB-k,56,5,80,5305,0.0107,vanish
691_Licrf2MwB-k,57,5,80,3778,0.0000,vanish
691_Licrf2MwB-k,58,4,80,2198,0.0000,vanish
691_Licrf2MwB-k,59,3,80,1389,0.0000,vanish
691_Licrf2MwB-k,60,2,80,536,0.0000,vanish
691_Licrf2MwB-k,78,5,80,1373,0.0794,vanish
691_Licrf2MwB-k,79,5,80,1132,0.0000,vanish
691_Licrf2MwB-k,80,4,80,961,0.0000,vanish
691_Licrf2MwB-k,81,4,80,1031,0.0000,vanish
691_Licrf2MwB-k,82,3,80,715,0.0000,vanish
691_Licrf2MwB-k,83,2,80,814,0.0000,vanish
691_Licrf2MwB-k,90,5,78,34317,0.1355,shrink
691_Licrf2MwB-k,91,5,78,27684,0.0000,vanish
691_Licrf2MwB-k,92,5,78,21629,0.0000,vanish
691_Licrf2MwB-k,93,4,78,15987,0.0000,vanish
691_Licrf2MwB-k,94,3,78,10518,0.0000,vanish
691_Licrf2MwB-k,95,2,78,4549,0.0000,vanish
6_qHIKRwYe3Cs,0,2,61,4442,0.0000,vanish
6_qHIKRwYe3Cs,0,4,69,23165,0.0000,vanish
6_qHIKRwYe3Cs,0,4,69,5701,0.0151,vanish
6_qHIKRwYe3Cs,0,4,69,6746,0.0190,vanish
6_qHIKRwYe3Cs,0,2,69,4598,0.0000,vanish
6_qHIKRwYe3Cs,0,4,69,3560,0.0000,vanish
6_qHIKRwYe3Cs,0,5,69,3665,0.0000,vanish
6_qHIKRwYe3Cs,0,2,69,3181,0.0000,vanish
6_qHIKRwYe3Cs,1,1,61,1824,0.0000,vanish
6_qHIKRwYe3Cs,1,3,69,17909,0.0000,vanish
6_qHIKRwYe3Cs,1,3,69,3326,0.0000,vanish
6_qHIKRwYe3Cs,1,4,69,4560,0.0116,vanish
6_qHIKRwYe3Cs,1,3,69,3383,0.0000,vanish
6_qHIKRwYe3Cs,2,2,69,5944,0.0000,vanish
6_qHIKRwYe3Cs,2,2,69,1332,0.0000,vanish
6_qHIKRwYe3Cs,3,1,69,2588,0.0000,vanish
6_qHIKRwYe3Cs,3,1,69,430,0.0000,vanish
6_qHIKRwYe3Cs,3,1,69,635,0.0000,vanish
6_qHIKRwYe3Cs,4,1,69,4434,0.0000,vanish
6_qHIKRwYe3Cs,5,3,69,18570,0.1040,shrink
6_qHIKRwYe3Cs,5,2,69,4859,0.0556,vanish
6_qHIKRwYe3Cs,5,2,69,953,0.0000,vanish
6_qHIKRwYe3Cs,6,2,69,11047,0.1795,shrink
6_qHIKRwYe3Cs,6,5,69,4378,0.1048,shrink
6_qHIKRwYe3Cs,6,1,69,1453,0.0000,vanish
6_qHIKRwYe3Cs,7,3,69,21067,0.1176,shrink
6_qHIKRwYe3Cs,7,5,69,13106,0.0771,vanish
6_qHIKRwYe3Cs,7,5,69,4633,0.0218,vanish
6_qHIKRwYe3Cs,8,5,69,26242,0.0000,vanish
6_qHIKRwYe3Cs,8,5,69,46327,0.1919,shrink
6_qHIKRwYe3Cs,8,2,69,25053,0.0984,vanish
6_qHIKRwYe3Cs,8,5,69,10212,0.2413,shrink
6_qHIKRwYe3Cs,8,5,69,13154,0.1262,shrink
6_qHIKRwYe3Cs,8,2,69,4851,0.1831,shrink
6_qHIKRwYe3Cs,9,4,69,48284,0.0913,vanish
6_qHIKRwYe3Cs,9,1,69,21773,0.1575,shrink
6_qHIKRwYe3Cs,9,5,69,11679,0.0102,vanish
6_qHIKRwYe3Cs,9,5,69,10057,0.1581,shrink
6_qHIKRwYe3Cs,9,5,69,13658,0.1313,shrink
6_qHIKRwYe3Cs,9,1,69,6981,0.2000,shrink
6_qHIKRwYe3Cs,10,3,69,56612,0.1935,shrink
6_qHIKRwYe3Cs,10,5,69,20114,0.0300,vanish
6_qHIKRwYe3Cs,10,1,69,4261,0.0002,vanish
6_qHIKRwYe3Cs,10,5,69,7497,0.0428,vanish
6_qHIKRwYe3Cs,10,1,69,1503,0.0000,vanish
6_qHIKRwYe3Cs,10,1,69,458,0.0000,vanish
6_qHIKRwYe3Cs,11,5,69,67192,0.2024,shrink
6_qHIKRwYe3Cs,11,5,69,2369,0.0000,vanish
6_qHIKRwYe3Cs,11,2,69,1275,0.0000,vanish
6_qHIKRwYe3Cs,11,1,69,889,0.0000,vanish
6_qHIKRwYe3Cs,12,2,69,24682,0.1657,shrink
6_qHIKRwYe3Cs,12,4,69,2288,0.0000,vanish
6_qHIKRwYe3Cs,12,1,69,1023,0.0000,vanish
6_qHIKRwYe3Cs,13,1,40,679,0.1208,shrink
6_qHIKRwYe3Cs,13,5,69,1162,0.2169,shrink
6_qHIKRwYe3Cs,13,1,69,1118,0.0000,vanish
6_qHIKRwYe3Cs,13,3,69,3481,0.0000,vanish
6_qHIKRwYe3Cs,14,3,40,317,0.0000,vanish
6_qHIKRwYe3Cs,14,3,69,2814,0.0000,vanish
6_qHIKRwYe3Cs,14,2,69,2000,0.0000,vanish
6_qHIKRwYe3Cs,14,2,69,838,0.0000,vanish
6_qHIKRwYe3Cs,15,4,40,570,0.1281,shrink
6_qHIKRwYe3Cs,15,2,69,3098,0.0000,vanish
6_qHIKRwYe3Cs,15,1,69,1363,0.0000,vanish
6_qHIKRwYe3Cs,15,1,69,591,0.0000,vanish
6_qHIKRwYe3Cs,16,1,69,846,0.0000,vanish
6_qHIKRwYe3Cs,16,5,69,2188,0.0695,vanish
6_qHIKRwYe3Cs,16,1,69,339,0.0000,vanish
6_qHIKRwYe3Cs,16,1,69,406,0.0000,vanish
6_qHIKRwYe3Cs,17,4,69,2031,0.2004,shrink
6_qHIKRwYe3Cs,17,3,69,904,0.0000,vanish
6_qHIKRwYe3Cs,18,3,69,1935,0.2264,shrink
6_qHIKRwYe3Cs,18,2,69,662,0.0000,vanish
6_qHIKRwYe3Cs,19,5,69,1400,0.0150,vanish
6_qHIKRwYe3Cs,20,5,69,959,0.0000,vanish
6_qHIKRwYe3Cs,23,2,69,804,0.0000,vanish
6_qHIKRwYe3Cs,25,5,69,3062,0.2015,shrink
6_qHIKRwYe3Cs,27,5,69,3010,0.0701,vanish
6_qHIKRwYe3Cs,27,5,69,2733,0.1742,shrink
6_qHIKRwYe3Cs,28,5,69,10998,0.2247,shrink
6_qHIKRwYe3Cs,28,4,69,2726,0.0158,vanish
6_qHIKRwYe3Cs,28,5,69,2864,0.0796,vanish
6_qHIKRwYe3Cs,29,5,69,13699,0.1715,shrink
6_qHIKRwYe3Cs,29,5,69,2101,0.0010,vanish
6_qHIKRwYe3Cs,29,5,69,2957,0.0230,vanish
6_qHIKRwYe3Cs,30,5,69,6283,0.1929,shrink
6_qHIKRwYe3Cs,30,5,69,19921,0.2180,shrink
6_qHIKRwYe3Cs,30,5,69,14511,0.0820,vanish
6_qHIKRwYe3Cs,30,5,69,2669,0.0011,vanish
6_qHIKRwYe3Cs,30,4,69,2302,0.2076,shrink
6_qHIKRwYe3Cs,30,5,69,1726,0.0000,vanish
6_qHIKRwYe3Cs,31,5,69,19187,0.2412,shrink
6_qHIKRwYe3Cs,31,5,69,8745,0.1158,shrink
6_qHIKRwYe3Cs,31,5,69,12636,0.0454,vanish
6_qHIKRwYe3Cs,31,5,69,3067,0.0039,vanish
6_qHIKRwYe3Cs,31,5,69,2291,0.0000,vanish
6_qHIKRwYe3Cs,32,5,69,9501,0.1726,shrink
6_qHIKRwYe3Cs,32,5,69,10915,0.0016,vanish
6_qHIKRwYe3Cs,32,5,69,2336,0.0000,vanish
6_qHIKRwYe3Cs,32,5,69,2844,0.0000,vanish
6_qHIKRwYe3Cs,32,5,69,1686,0.1459,shrink
6_qHIKRwYe3Cs,33,5,15,24293,0.1521,shrink
6_qHIKRwYe3Cs,33,5,69,9299,0.1167,shrink
6_qHIKRwYe3Cs,33,5,69,10706,0.0000,vanish
6_qHIKRwYe3Cs,33,5,69,18548,0.1207,shrink
6_qHIKRwYe3Cs,33,4,69,2643,0.0000,vanish
6_qHIKRwYe3Cs,33,4,69,2941,0.0000,vanish
6_qHIKRwYe3Cs,34,5,15,20372,0.0934,vanish
6_qHIKRwYe3Cs,34,4,69,10228,0.0000,vanish
6_qHIKRwYe3Cs,34,5,69,18570,0.1770,shrink
6_qHIKRwYe3Cs,34,5,69,1155,0.1013,shrink
6_qHIKRwYe3Cs,34,4,69,2848,0.0000,vanish
6_qHIKRwYe3Cs,34,4,69,3223,0.0093,vanish
6_qHIKRwYe3Cs,34,5,69,1710,0.2000,shrink
6_qHIKRwYe3Cs,35,5,15,15564,0.0176,vanish
6_qHIKRwYe3Cs,35,5,69,11999,0.1618,shrink
6_qHIKRwYe3Cs,35,5,69,18786,0.1564,shrink
6_qHIKRwYe3Cs,35,5,69,3445,0.0000,vanish
6_qHIKRwYe3Cs,35,3,69,3663,0.0000,vanish
6_qHIKRwYe3Cs,35,4,69,1068,0.0000,vanish
6_qHIKRwYe3Cs,36,5,15,13575,0.0000,vanish
6_qHIKRwYe3Cs,36,4,69,12754,0.1555,shrink
6_qHIKRwYe3Cs,36,5,69,24920,0.2037,shrink
6_qHIKRwYe3Cs,36,4,69,2978,0.0000,vanish
6_qHIKRwYe3Cs,36,3,69,2900,0.0093,vanish
6_qHIKRwYe3Cs,36,4,69,1617,0.0000,vanish
6_qHIKRwYe3Cs,36,5,69,2085,0.1463,shrink
6_qHIKRwYe3Cs,37,4,15,9140,0.0000,vanish
6_qHIKRwYe3Cs,37,5,69,17154,0.1208,shrink
6_qHIKRwYe3Cs,37,4,69,3485,0.0000,vanish
6_qHIKRwYe3Cs,37,3,69,3631,0.0050,vanish
6_qHIKRwYe3Cs,37,5,69,2149,0.1052,shrink
6_qHIKRwYe3Cs,38,3,15,3694,0.0000,vanish
6_qHIKRwYe3Cs,38,5,69,18311,0.1086,shrink
6_qHIKRwYe3Cs,38,3,69,3980,0.1121,shrink
6_qHIKRwYe3Cs,38,3,69,3505,0.0000,vanish
6_qHIKRwYe3Cs,38,4,69,1986,0.0035,vanish
6_qHIKRwYe3Cs,39,2,15,1902,0.0000,vanish
6_qHIKRwYe3Cs,39,5,69,19616,0.0949,vanish
6_qHIKRwYe3Cs,39,5,69,15132,0.0668,vanish
6_qHIKRwYe3Cs,39,5,69,27008,0.1617,shrink
6_qHIKRwYe3Cs,39,3,69,3869,0.0000,vanish
6_qHIKRwYe3Cs,39,5,69,1341,0.0097,vanish
6_qHIKRwYe3Cs,39,2,69,794,0.0000,vanish
6_qHIKRwYe3Cs,40,4,69,27170,0.0778,vanish
6_qHIKRwYe3Cs,40,3,69,4222,0.0000,vanish
6_qHIKRwYe3Cs,40,2,69,4415,0.1715,shrink
6_qHIKRwYe3Cs,40,2,69,913,0.0022,vanish
6_qHIKRwYe3Cs,41,5,69,41060,0.0974,vanish
6_qHIKRwYe3Cs,41,3,69,4007,0.0000,vanish
6_qHIKRwYe3Cs,41,5,69,9422,0.2442,shrink
6_qHIKRwYe3Cs,41,5,69,4119,0.1197,shrink
6_qHIKRwYe3Cs,41,5,69,2409,0.0058,vanish
6_qHIKRwYe3Cs,42,2,40,4634,0.0000,vanish
6_qHIKRwYe3Cs,42,5,69,39620,0.0982,vanish
6_qHIKRwYe3Cs,42,4,69,11426,0.0033,vanish
6_qHIKRwYe3Cs,42,4,69,3886,0.0000,vanish
6_qHIKRwYe3Cs,42,5,69,10045,0.2430,shrink
6_qHIKRwYe3Cs,42,4,69,3573,0.0966,vanish
6_qHIKRwYe3Cs,42,5,69,2639,0.0011,vanish
6_qHIKRwYe3Cs,43,1,40,1963,0.0000,vanish
6_qHIKRwYe3Cs,43,4,69,12398,0.0004,vanish
6_qHIKRwYe3Cs,43,4,69,6258,0.1537,shrink
6_qHIKRwYe3Cs,43,4,69,3747,0.0000,vanish
6_qHIKRwYe3Cs,43,3,69,3593,0.1149,shrink
6_qHIKRwYe3Cs,43,5,69,2452,0.0408,vanish
6_qHIKRwYe3Cs,43,2,69,398,0.0000,vanish
6_qHIKRwYe3Cs,43,2,69,470,0.0000,vanish
6_qHIKRwYe3Cs,44,3,69,3340,0.0000,vanish
6_qHIKRwYe3Cs,44,5,69,6475,0.0022,vanish
6_qHIKRwYe3Cs,44,5,69,2585,0.0549,vanish
6_qHIKRwYe3Cs,44,4,69,2369,0.2423,shrink
6_qHIKRwYe3Cs,44,3,69,769,0.0000,vanish
6_qHIKRwYe3Cs,45,5,69,9907,0.0544,vanish
6_qHIKRwYe3Cs,45,3,69,10671,0.2447,shrink
6_qHIKRwYe3Cs,45,3,69,3629,0.0000,vanish
6_qHIKRwYe3Cs,45,5,69,3229,0.0592,vanish
6_qHIKRwYe3Cs,45,5,69,2736,0.0570,vanish
6_qHIKRwYe3Cs,45,5,69,1403,0.0720,vanish
6_qHIKRwYe3Cs,46,5,69,11889,0.0014,vanish
6_qHIKRwYe3Cs,46,5,69,3448,0.0000,vanish
6_qHIKRwYe3Cs,46,5,69,2446,0.0114,vanish
6_qHIKRwYe3Cs,46,4,69,1055,0.0000,vanish
6_qHIKRwYe3Cs,46,4,69,1247,0.0000,vanish
6_qHIKRwYe3Cs,46,4,69,499,0.1964,shrink
6_qHIKRwYe3Cs,47,5,69,11946,0.1458,shrink
6_qHIKRwYe3Cs,47,5,69,10041,0.1927,shrink
6_qHIKRwYe3Cs,47,5,69,2555,0.1061,shrink
6_qHIKRwYe3Cs,47,5,69,2218,0.1244,shrink
6_qHIKRwYe3Cs,47,5,69,1377,0.1547,shrink
6_qHIKRwYe3Cs,48,4,69,7117,0.1571,shrink
6_qHIKRwYe3Cs,48,5,69,4692,0.0153,vanish
6_qHIKRwYe3Cs,48,4,69,1710,0.1041,shrink
6_qHIKRwYe3Cs,48,5,69,2236,0.0845,vanish
6_qHIKRwYe3Cs,49,5,40,1298,0.1125,shrink
6_qHIKRwYe3Cs,49,3,69,2274,0.2366,shrink
6_qHIKRwYe3Cs,51,5,69,3962,0.1825,shrink
6_qHIKRwYe3Cs,51,5,69,2521,0.1131,shrink
6_qHIKRwYe3Cs,51,2,69,524,0.0000,vanish
6_qHIKRwYe3Cs,52,4,69,4460,0.1915,shrink
6_qHIKRwYe3Cs,52,4,69,2732,0.1032,shrink
6_qHIKRwYe3Cs,52,3,69,371,0.1887,shrink
6_qHIKRwYe3Cs,53,4,69,4523,0.2054,shrink
6_qHIKRwYe3Cs,53,5,69,452,0.0597,vanish
6_qHIKRwYe3Cs,54,5,69,6931,0.1371,shrink
6_qHIKRwYe3Cs,54,5,69,4343,0.1234,shrink
6_qHIKRwYe3Cs,54,5,69,481,0.0000,vanish
6_qHIKRwYe3Cs,55,4,69,5609,0.1193,shrink
6_qHIKRwYe3Cs,55,2,69,952,0.1712,shrink
6_qHIKRwYe3Cs,55,4,69,1358,0.0000,vanish
6_qHIKRwYe3Cs,56,5,69,7202,0.2013,shrink
6_qHIKRwYe3Cs,56,5,69,14857,0.2359,shrink
6_qHIKRwYe3Cs,56,5,69,7484,0.1207,shrink
6_qHIKRwYe3Cs,56,5,69,3868,0.0566,vanish
6_qHIKRwYe3Cs,56,5,69,3286,0.1385,shrink
6_qHIKRwYe3Cs,56,5,69,1385,0.0051,vanish
6_qHIKRwYe3Cs,56,2,69,891,0.1425,shrink
6_qHIKRwYe3Cs,56,3,69,541,0.0000,vanish
6_qHIKRwYe3Cs,57,5,69,6342,0.0000,vanish
6_qHIKRwYe3Cs,57,5,69,16774,0.1549,shrink
6_qHIKRwYe3Cs,57,5,69,8266,0.0661,vanish
6_qHIKRwYe3Cs,57,5,69,4320,0.0000,vanish
6_qHIKRwYe3Cs,57,5,69,3829,0.1841,shrink
6_qHIKRwYe3Cs,57,5,69,3654,0.0993,vanish
6_qHIKRwYe3Cs,57,5,69,2134,0.2409,shrink
6_qHIKRwYe3Cs,57,4,69,1185,0.0338,vanish
6_qHIKRwYe3Cs,57,1,69,764,0.2435,shrink
6_qHIKRwYe3Cs,57,2,69,318,0.0000,vanish
6_qHIKRwYe3Cs,58,4,69,20099,0.1406,shrink
6_qHIKRwYe3Cs,58,4,69,5331,0.0000,vanish
6_qHIKRwYe3Cs,58,5,69,20728,0.1641,shrink
6_qHIKRwYe3Cs,58,4,69,16568,0.1406,shrink
6_qHIKRwYe3Cs,58,5,69,4642,0.1704,shrink
6_qHIKRwYe3Cs,58,5,69,4420,0.1224,shrink
6_qHIKRwYe3Cs,58,4,69,2957,0.2103,shrink
6_qHIKRwYe3Cs,58,4,69,1255,0.0048,vanish
6_qHIKRwYe3Cs,59,3,69,3912,0.0000,vanish
6_qHIKRwYe3Cs,59,5,69,18825,0.2072,shrink
6_qHIKRwYe3Cs,59,3,69,6252,0.1200,shrink
6_qHIKRwYe3Cs,59,5,69,6075,0.0000,vanish
6_qHIKRwYe3Cs,59,2,69,1596,0.0664,vanish
6_qHIKRwYe3Cs,59,5,69,4149,0.1627,shrink
6_qHIKRwYe3Cs,59,3,69,3889,0.1808,shrink
6_qHIKRwYe3Cs,59,5,69,1612,0.0850,vanish
6_qHIKRwYe3Cs,59,4,69,1296,0.0015,vanish
6_qHIKRwYe3Cs,59,4,69,595,0.0101,vanish
6_qHIKRwYe3Cs,60,2,69,3908,0.0000,vanish
6_qHIKRwYe3Cs,60,5,69,12349,0.1871,shrink
6_qHIKRwYe3Cs,60,5,69,6569,0.1189,shrink
6_qHIKRwYe3Cs,60,4,69,7694,0.0196,vanish
6_qHIKRwYe3Cs,60,2,69,1187,0.0505,vanish
6_qHIKRwYe3Cs,60,5,69,4945,0.1517,shrink
6_qHIKRwYe3Cs,60,5,69,3848,0.1557,shrink
6_qHIKRwYe3Cs,60,5,69,3134,0.1043,shrink
6_qHIKRwYe3Cs,61,1,69,1846,0.0000,vanish
6_qHIKRwYe3Cs,61,5,69,6412,0.0998,vanish
6_qHIKRwYe3Cs,61,5,69,10643,0.2481,shrink
6_qHIKRwYe3Cs,61,4,69,6061,0.0007,vanish
6_qHIKRwYe3Cs,61,1,69,1799,0.0434,vanish
6_qHIKRwYe3Cs,61,5,69,3059,0.0634,vanish
6_qHIKRwYe3Cs,61,5,69,3848,0.1494,shrink
6_qHIKRwYe3Cs,61,4,69,3391,0.0944,vanish
6_qHIKRwYe3Cs,61,3,69,1147,0.0000,vanish
6_qHIKRwYe3Cs,62,4,40,577,0.0000,vanish
6_qHIKRwYe3Cs,62,5,69,18514,0.1620,shrink
6_qHIKRwYe3Cs,62,5,69,5664,0.1211,shrink
6_qHIKRwYe3Cs,62,5,69,4239,0.0054,vanish
6_qHIKRwYe3Cs,62,5,69,3868,0.1885,shrink
6_qHIKRwYe3Cs,62,4,69,4233,0.1394,shrink
6_qHIKRwYe3Cs,62,3,69,1522,0.0000,vanish
6_qHIKRwYe3Cs,62,3,69,598,0.0569,vanish
6_qHIKRwYe3Cs,63,5,69,18399,0.1032,shrink
6_qHIKRwYe3Cs,63,4,69,6436,0.1105,shrink
6_qHIKRwYe3Cs,63,5,69,4935,0.0000,vanish
6_qHIKRwYe3Cs,63,2,69,1983,0.0308,vanish
6_qHIKRwYe3Cs,63,5,69,4435,0.1067,shrink
6_qHIKRwYe3Cs,63,5,69,3896,0.1486,shrink
6_qHIKRwYe3Cs,63,2,69,1427,0.0000,vanish
6_qHIKRwYe3Cs,64,2,40,565,0.0655,vanish
6_qHIKRwYe3Cs,64,2,40,623,0.0096,vanish
6_qHIKRwYe3Cs,64,5,69,17137,0.0920,vanish
6_qHIKRwYe3Cs,64,5,69,6208,0.1050,shrink
6_qHIKRwYe3Cs,64,5,69,8502,0.1226,shrink
6_qHIKRwYe3Cs,64,4,69,4113,0.0000,vanish
6_qHIKRwYe3Cs,64,5,69,3061,0.0830,vanish
6_qHIKRwYe3Cs,64,3,69,1189,0.0320,vanish
6_qHIKRwYe3Cs,64,2,69,763,0.0511,vanish
6_qHIKRwYe3Cs,65,5,69,16211,0.2246,shrink
6_qHIKRwYe3Cs,65,4,69,6848,0.0888,vanish
6_qHIKRwYe3Cs,65,5,69,5096,0.0339,vanish
6_qHIKRwYe3Cs,65,4,69,4521,0.1183,shrink
6_qHIKRwYe3Cs,65,2,69,774,0.0078,vanish
6_qHIKRwYe3Cs,66,4,69,6623,0.0941,vanish
6_qHIKRwYe3Cs,66,5,69,9735,0.2371,shrink
6_qHIKRwYe3Cs,66,5,69,4459,0.0072,vanish
6_qHIKRwYe3Cs,66,5,69,3813,0.0800,vanish
6_qHIKRwYe3Cs,66,5,69,4338,0.0784,vanish
6_qHIKRwYe3Cs,66,2,69,791,0.0809,vanish
6_qHIKRwYe3Cs,67,5,69,16030,0.2155,shrink
6_qHIKRwYe3Cs,67,3,69,7209,0.0508,vanish
6_qHIKRwYe3Cs,67,5,69,4199,0.0257,vanish
6_qHIKRwYe3Cs,67,5,69,4281,0.0626,vanish
6_qHIKRwYe3Cs,67,5,69,1848,0.2370,shrink
6_qHIKRwYe3Cs,67,1,69,401,0.0000,vanish
6_qHIKRwYe3Cs,68,4,69,7037,0.0657,vanish
6_qHIKRwYe3Cs,68,5,69,4988,0.0974,vanish
6_qHIKRwYe3Cs,68,5,69,4607,0.1335,shrink
6_qHIKRwYe3Cs,68,5,69,4302,0.1183,shrink
6_qHIKRwYe3Cs,68,5,69,1732,0.0878,vanish
6_qHIKRwYe3Cs,68,5,69,1003,0.0000,vanish
6_qHIKRwYe3Cs,69,5,69,17375,0.2194,shrink
6_qHIKRwYe3Cs,69,5,69,7676,0.0710,vanish
6_qHIKRwYe3Cs,69,5,69,4790,0.0447,vanish
6_qHIKRwYe3Cs,69,5,69,4472,0.1105,shrink
6_qHIKRwYe3Cs,69,4,69,1855,0.0792,vanish
6_qHIKRwYe3Cs,70,5,61,57866,0.2237,shrink
6_qHIKRwYe3Cs,70,5,69,18014,0.2188,shrink
6_qHIKRwYe3Cs,70,5,69,5557,0.0261,vanish
6_qHIKRwYe3Cs,70,5,69,5128,0.1502,shrink
6_qHIKRwYe3Cs,70,3,69,1435,0.2209,shrink
6_qHIKRwYe3Cs,70,5,69,1326,0.0000,vanish
6_qHIKRwYe3Cs,71,5,61,57836,0.1547,shrink
6_qHIKRwYe3Cs,71,5,69,18528,0.1420,shrink
6_qHIKRwYe3Cs,71,5,69,5748,0.0480,vanish
6_qHIKRwYe3Cs,71,5,69,6427,0.1064,shrink
6_qHIKRwYe3Cs,71,5,69,7553,0.1161,shrink
6_qHIKRwYe3Cs,72,4,61,57508,0.1324,shrink
6_qHIKRwYe3Cs,72,5,69,17289,0.0737,vanish
6_qHIKRwYe3Cs,72,4,69,5472,0.0618,vanish
6_qHIKRwYe3Cs,72,5,69,5720,0.0963,vanish
6_qHIKRwYe3Cs,72,5,69,9291,0.1083,shrink
6_qHIKRwYe3Cs,72,5,69,7097,0.1384,shrink
6_qHIKRwYe3Cs,72,5,69,4996,0.1793,shrink
6_qHIKRwYe3Cs,73,3,61,60059,0.0924,vanish
6_qHIKRwYe3Cs,73,5,69,10630,0.0330,vanish
6_qHIKRwYe3Cs,73,5,69,18003,0.0242,vanish
6_qHIKRwYe3Cs,73,1,69,704,0.0000,vanish
6_qHIKRwYe3Cs,73,5,69,10531,0.2130,shrink
6_qHIKRwYe3Cs,73,4,69,4358,0.0757,vanish
6_qHIKRwYe3Cs,73,5,69,5140,0.2442,shrink
6_qHIKRwYe3Cs,73,3,69,1625,0.1612,shrink
6_qHIKRwYe3Cs,74,5,69,48488,0.1655,shrink
6_qHIKRwYe3Cs,74,5,69,9907,0.0549,vanish
6_qHIKRwYe3Cs,74,5,69,21277,0.0259,vanish
6_qHIKRwYe3Cs,74,5,69,6416,0.0374,vanish
6_qHIKRwYe3Cs,74,5,69,7058,0.0000,vanish
6_qHIKRwYe3Cs,74,3,69,4374,0.0469,vanish
6_qHIKRwYe3Cs,74,5,69,11212,0.2095,shrink
6_qHIKRwYe3Cs,74,4,69,1949,0.1396,shrink
6_qHIKRwYe3Cs,75,4,69,9764,0.0701,vanish
6_qHIKRwYe3Cs,75,5,69,22378,0.0000,vanish
6_qHIKRwYe3Cs,75,4,69,6017,0.0347,vanish
6_qHIKRwYe3Cs,75,3,69,9821,0.0547,vanish
6_qHIKRwYe3Cs,75,5,69,14487,0.1526,shrink
6_qHIKRwYe3Cs,75,4,69,4329,0.1164,shrink
6_qHIKRwYe3Cs,75,5,69,12488,0.1336,shrink
6_qHIKRwYe3Cs,76,5,40,7436,0.1670,shrink
6_qHIKRwYe3Cs,76,3,69,7753,0.0678,vanish
6_qHIKRwYe3Cs,76,4,69,10291,0.0000,vanish
6_qHIKRwYe3Cs,76,3,69,7092,0.0116,vanish
6_qHIKRwYe3Cs,76,3,69,8763,0.0412,vanish
6_qHIKRwYe3Cs,76,5,69,9210,0.0679,vanish
6_qHIKRwYe3Cs,76,3,69,3390,0.1088,shrink
6_qHIKRwYe3Cs,76,5,69,6094,0.1761,shrink
6_qHIKRwYe3Cs,77,5,40,6683,0.0938,vanish
6_qHIKRwYe3Cs,77,5,69,6936,0.1443,shrink
6_qHIKRwYe3Cs,77,4,69,7211,0.0000,vanish
6_qHIKRwYe3Cs,77,5,69,11158,0.0000,vanish
6_qHIKRwYe3Cs,77,3,69,6517,0.0000,vanish
6_qHIKRwYe3Cs,77,3,69,4601,0.0150,vanish
6_qHIKRwYe3Cs,77,4,69,7561,0.1448,shrink
6_qHIKRwYe3Cs,77,5,69,4912,0.2174,shrink
6_qHIKRwYe3Cs,77,2,69,1748,0.0486,vanish
6_qHIKRwYe3Cs,78,5,40,8419,0.0000,vanish
6_qHIKRwYe3Cs,78,5,69,7009,0.0716,vanish
6_qHIKRwYe3Cs,78,2,69,6926,0.0010,vanish
6_qHIKRwYe3Cs,78,2,69,6594,0.0000,vanish
6_qHIKRwYe3Cs,78,5,69,7568,0.1379,shrink
6_qHIKRwYe3Cs,78,4,69,6806,0.0000,vanish
6_qHIKRwYe3Cs,78,2,69,1647,0.0607,vanish
6_qHIKRwYe3Cs,78,2,69,806,0.0000,vanish
6_qHIKRwYe3Cs,79,5,40,14462,0.0003,vanish
6_qHIKRwYe3Cs,79,5,69,6857,0.0723,vanish
6_qHIKRwYe3Cs,79,1,69,2345,0.0000,vanish
6_qHIKRwYe3Cs,79,3,69,1705,0.0000,vanish
6_qHIKRwYe3Cs,79,3,69,5307,0.0000,vanish
6_qHIKRwYe3Cs,79,4,69,7321,0.1556,shrink
6_qHIKRwYe3Cs,79,4,69,6109,0.0000,vanish
6_qHIKRwYe3Cs,79,2,69,1883,0.0000,vanish
6_qHIKRwYe3Cs,79,2,69,1678,0.0000,vanish
6_qHIKRwYe3Cs,80,4,69,10002,0.0859,vanish
6_qHIKRwYe3Cs,80,3,69,1402,0.0000,vanish
6_qHIKRwYe3Cs,80,3,69,4359,0.0613,vanish
6_qHIKRwYe3Cs,80,5,69,7968,0.1502,shrink
6_qHIKRwYe3Cs,80,4,69,4906,0.0000,vanish
6_qHIKRwYe3Cs,80,2,69,1906,0.0079,vanish
6_qHIKRwYe3Cs,81,5,61,27024,0.1832,shrink
6_qHIKRwYe3Cs,81,4,69,9290,0.0487,vanish
6_qHIKRwYe3Cs,81,2,69,1324,0.0000,vanish
6_qHIKRwYe3Cs,81,3,69,7009,0.0000,vanish
6_qHIKRwYe3Cs,81,2,69,3570,0.0289,vanish
6_qHIKRwYe3Cs,81,5,69,6941,0.1461,shrink
6_qHIKRwYe3Cs,81,3,69,4324,0.0000,vanish
6_qHIKRwYe3Cs,81,2,69,1714,0.0904,vanish
6_qHIKRwYe3Cs,81,1,69,320,0.0000,vanish
6_qHIKRwYe3Cs,82,5,61,27439,0.2252,shrink
6_qHIKRwYe3Cs,82,4,69,7865,0.0392,vanish
6_qHIKRwYe3Cs,82,1,69,604,0.0000,vanish
6_qHIKRwYe3Cs,82,3,69,7250,0.0000,vanish
6_qHIKRwYe3Cs,82,4,69,17105,0.1195,shrink
6_qHIKRwYe3Cs,82,3,69,5022,0.0000,vanish
6_qHIKRwYe3Cs,82,5,69,8676,0.1305,shrink
6_qHIKRwYe3Cs,82,2,69,1848,0.0579,vanish
6_qHIKRwYe3Cs,83,3,69,4721,0.0000,vanish
6_qHIKRwYe3Cs,83,5,69,8203,0.0286,vanish
6_qHIKRwYe3Cs,83,5,69,19909,0.0334,vanish
6_qHIKRwYe3Cs,83,4,69,2265,0.0000,vanish
6_qHIKRwYe3Cs,83,5,69,8551,0.2305,shrink
6_qHIKRwYe3Cs,83,3,69,5533,0.0000,vanish
6_qHIKRwYe3Cs,83,3,69,4972,0.0758,vanish
6_qHIKRwYe3Cs,83,3,69,3343,0.0320,vanish
6_qHIKRwYe3Cs,83,2,69,1749,0.0629,vanish
6_qHIKRwYe3Cs,84,5,61,28755,0.1717,shrink
6_qHIKRwYe3Cs,84,2,69,2629,0.0000,vanish
6_qHIKRwYe3Cs,84,5,69,42641,0.1744,shrink
6_qHIKRwYe3Cs,84,5,69,6768,0.0000,vanish
6_qHIKRwYe3Cs,84,5,69,8823,0.0700,vanish
6_qHIKRwYe3Cs,84,1,69,1101,0.0000,vanish
6_qHIKRwYe3Cs,84,3,69,5105,0.0000,vanish
6_qHIKRwYe3Cs,84,3,69,4635,0.1033,shrink
6_qHIKRwYe3Cs,84,5,69,4429,0.0727,vanish
6_qHIKRwYe3Cs,84,2,69,1695,0.1292,shrink
6_qHIKRwYe3Cs,85,1,69,1076,0.0000,vanish
6_qHIKRwYe3Cs,85,4,69,3085,0.0000,vanish
6_qHIKRwYe3Cs,85,5,69,20640,0.0433,vanish
6_qHIKRwYe3Cs,85,3,69,4980,0.0000,vanish
6_qHIKRwYe3Cs,85,5,69,8683,0.2401,shrink
6_qHIKRwYe3Cs,85,5,69,4518,0.1138,shrink
6_qHIKRwYe3Cs,85,2,69,1852,0.0270,vanish
6_qHIKRwYe3Cs,85,4,69,2311,0.0000,vanish
6_qHIKRwYe3Cs,86,3,69,4258,0.0005,vanish
6_qHIKRwYe3Cs,86,4,69,21514,0.0524,vanish
6_qHIKRwYe3Cs,86,5,69,4872,0.0000,vanish
6_qHIKRwYe3Cs,86,5,69,3407,0.0913,vanish
6_qHIKRwYe3Cs,86,5,69,3837,0.1493,shrink
6_qHIKRwYe3Cs,87,2,69,3426,0.0000,vanish
6_qHIKRwYe3Cs,87,5,69,21733,0.0022,vanish
6_qHIKRwYe3Cs,87,5,69,11445,0.1224,shrink
6_qHIKRwYe3Cs,87,5,69,5223,0.0000,vanish
6_qHIKRwYe3Cs,87,5,69,3848,0.1024,shrink
6_qHIKRwYe3Cs,88,5,40,1785,0.1636,shrink
6_qHIKRwYe3Cs,88,1,69,1787,0.0000,vanish
6_qHIKRwYe3Cs,88,5,69,9808,0.1322,shrink
6_qHIKRwYe3Cs,88,4,69,5717,0.0000,vanish
6_qHIKRwYe3Cs,88,5,69,6239,0.0006,vanish
6_qHIKRwYe3Cs,88,5,69,3840,0.1286,shrink
6_qHIKRwYe3Cs,89,5,40,1074,0.0000,vanish
6_qHIKRwYe3Cs,89,5,61,75053,0.1412,shrink
6_qHIKRwYe3Cs,89,5,69,9840,0.1829,shrink
6_qHIKRwYe3Cs,89,5,69,6182,0.0893,vanish
6_qHIKRwYe3Cs,89,5,69,5716,0.2484,shrink
6_qHIKRwYe3Cs,90,4,40,1366,0.0110,vanish
6_qHIKRwYe3Cs,90,4,69,9005,0.1664,shrink
6_qHIKRwYe3Cs,90,4,69,6493,0.1853,shrink
6_qHIKRwYe3Cs,91,1,40,13686,0.2290,shrink
6_qHIKRwYe3Cs,91,3,40,515,0.0000,vanish
6_qHIKRwYe3Cs,91,5,69,10494,0.1309,shrink
6_qHIKRwYe3Cs,92,1,40,1227,0.0000,vanish
6_qHIKRwYe3Cs,92,2,40,402,0.0000,vanish
6_qHIKRwYe3Cs,95,5,69,4443,0.1621,shrink
6_qHIKRwYe3Cs,96,4,69,3870,0.0517,vanish
6_qHIKRwYe3Cs,96,5,69,3034,0.1078,shrink
6_qHIKRwYe3Cs,96,5,69,2301,0.1273,shrink
6_qHIKRwYe3Cs,97,4,69,1073,0.0000,vanish
6_qHIKRwYe3Cs,97,5,69,3485,0.0296,vanish
6_qHIKRwYe3Cs,97,4,69,4881,0.0438,vanish
6_qHIKRwYe3Cs,97,5,69,2284,0.0941,vanish
6_qHIKRwYe3Cs,98,5,69,6220,0.0341,vanish
6_qHIKRwYe3Cs,98,5,69,5083,0.1314,shrink
6_qHIKRwYe3Cs,98,4,69,2115,0.1820,shrink
6_qHIKRwYe3Cs,99,5,40,20441,0.0673,vanish
6_qHIKRwYe3Cs,99,4,69,6290,0.0159,vanish
6_qHIKRwYe3Cs,99,4,69,4941,0.2206,shrink
6_qHIKRwYe3Cs,100,5,40,23812,0.1120,shrink
6_qHIKRwYe3Cs,100,3,69,4452,0.1617,shrink
6_qHIKRwYe3Cs,100,3,69,903,0.0731,vanish
6_qHIKRwYe3Cs,101,5,40,23851,0.1261,shrink
6_qHIKRwYe3Cs,101,3,40,735,0.0218,vanish
6_qHIKRwYe3Cs,102,5,40,21368,0.1134,shrink
6_qHIKRwYe3Cs,102,5,69,1797,0.2449,shrink
6_qHIKRwYe3Cs,103,4,40,13261,0.1510,shrink
6_qHIKRwYe3Cs,104,4,40,744,0.0390,vanish
6_qHIKRwYe3Cs,104,5,69,8869,0.1916,shrink
6_qHIKRwYe3Cs,104,5,69,7328,0.0542,vanish
6_qHIKRwYe3Cs,104,5,69,3217,0.1029,shrink
6_qHIKRwYe3Cs,105,5,69,8705,0.1730,shrink
6_qHIKRwYe3Cs,105,5,69,7369,0.0273,vanish
6_qHIKRwYe3Cs,105,5,69,8455,0.2335,shrink
6_qHIKRwYe3Cs,105,4,69,3433,0.0967,vanish
6_qHIKRwYe3Cs,105,5,69,3263,0.1977,shrink
6_qHIKRwYe3Cs,106,2,40,492,0.0000,vanish
6_qHIKRwYe3Cs,106,5,69,42176,0.2067,shrink
6_qHIKRwYe3Cs,106,5,69,8975,0.0935,vanish
6_qHIKRwYe3Cs,106,4,69,6033,0.0000,vanish
6_qHIKRwYe3Cs,106,5,69,8194,0.2167,shrink
6_qHIKRwYe3Cs,106,4,69,3495,0.1082,shrink
6_qHIKRwYe3Cs,106,3,69,1630,0.0012,vanish
6_qHIKRwYe3Cs,106,5,69,3303,0.2174,shrink
6_qHIKRwYe3Cs,107,5,69,9702,0.1364,shrink
6_qHIKRwYe3Cs,107,5,69,4748,0.0922,vanish
6_qHIKRwYe3Cs,107,5,69,4486,0.0000,vanish
6_qHIKRwYe3Cs,107,3,69,1824,0.0998,vanish
6_qHIKRwYe3Cs,107,3,69,1255,0.0000,vanish
6_qHIKRwYe3Cs,107,5,69,1581,0.0000,vanish
6_qHIKRwYe3Cs,108,5,69,9357,0.0336,vanish
6_qHIKRwYe3Cs,108,5,69,4593,0.0897,vanish
6_qHIKRwYe3Cs,108,5,69,7592,0.1286,shrink
6_qHIKRwYe3Cs,108,4,69,4658,0.0000,vanish
6_qHIKRwYe3Cs,108,2,69,2569,0.2145,shrink
6_qHIKRwYe3Cs,108,2,69,1084,0.0000,vanish
6_qHIKRwYe3Cs,108,4,69,1361,0.0000,vanish
6_qHIKRwYe3Cs,109,3,69,3793,0.0000,vanish
6_qHIKRwYe3Cs,109,5,69,8875,0.1050,shrink
6_qHIKRwYe3Cs,109,4,69,7433,0.0591,vanish
6_qHIKRwYe3Cs,109,4,69,3340,0.0000,vanish
6_qHIKRwYe3Cs,109,5,69,7879,0.1663,shrink
6_qHIKRwYe3Cs,109,3,69,2514,0.2184,shrink
6_qHIKRwYe3Cs,109,3,69,1141,0.0000,vanish
6_qHIKRwYe3Cs,109,4,69,1003,0.0000,vanish
6_qHIKRwYe3Cs,110,3,69,8048,0.0045,vanish
6_qHIKRwYe3Cs,110,5,69,7059,0.1625,shrink
6_qHIKRwYe3Cs,110,5,69,3783,0.0000,vanish
6_qHIKRwYe3Cs,110,5,69,1176,0.1122,shrink
6_qHIKRwYe3Cs,110,4,69,1226,0.0783,vanish
6_qHIKRwYe3Cs,110,5,69,1334,0.0000,vanish
6_qHIKRwYe3Cs,111,2,69,6324,0.0000,vanish
6_qHIKRwYe3Cs,111,5,69,3525,0.0000,vanish
6_qHIKRwYe3Cs,111,5,69,21511,0.0788,vanish
6_qHIKRwYe3Cs,111,2,69,6970,0.0000,vanish
6_qHIKRwYe3Cs,111,5,69,7481,0.1730,shrink
6_qHIKRwYe3Cs,111,5,69,3805,0.0000,vanish
6_qHIKRwYe3Cs,111,4,69,2925,0.1600,shrink
6_qHIKRwYe3Cs,111,3,69,1421,0.2182,shrink
6_qHIKRwYe3Cs,111,4,69,1497,0.0000,vanish
6_qHIKRwYe3Cs,112,4,69,37827,0.2005,shrink
6_qHIKRwYe3Cs,112,5,69,8561,0.0538,vanish
6_qHIKRwYe3Cs,112,4,69,3961,0.0149,vanish
6_qHIKRwYe3Cs,112,1,69,822,0.0000,vanish
6_qHIKRwYe3Cs,112,3,69,2516,0.1037,shrink
6_qHIKRwYe3Cs,112,4,69,1356,0.0000,vanish
6_qHIKRwYe3Cs,113,2,69,1413,0.0000,vanish
6_qHIKRwYe3Cs,113,5,69,21260,0.1849,shrink
6_qHIKRwYe3Cs,113,5,69,7933,0.1587,shrink
6_qHIKRwYe3Cs,113,5,69,7032,0.0870,vanish
6_qHIKRwYe3Cs,113,5,69,3758,0.1344,shrink
6_qHIKRwYe3Cs,113,4,69,1641,0.0000,vanish
6_qHIKRwYe3Cs,114,5,40,17402,0.1135,shrink
6_qHIKRwYe3Cs,114,5,61,30077,0.0258,vanish
6_qHIKRwYe3Cs,114,1,69,404,0.0000,vanish
6_qHIKRwYe3Cs,114,5,69,6286,0.1643,shrink
6_qHIKRwYe3Cs,114,5,69,6694,0.0587,vanish
6_qHIKRwYe3Cs,114,5,69,3388,0.0956,vanish
6_qHIKRwYe3Cs,114,4,69,1817,0.0000,vanish
6_qHIKRwYe3Cs,115,5,61,30152,0.1164,shrink
6_qHIKRwYe3Cs,115,5,69,4657,0.1121,shrink
6_qHIKRwYe3Cs,115,4,69,2986,0.0000,vanish
6_qHIKRwYe3Cs,115,5,69,7886,0.0355,vanish
6_qHIKRwYe3Cs,115,5,69,2993,0.1336,shrink
6_qHIKRwYe3Cs,115,4,69,1652,0.0000,vanish
6_qHIKRwYe3Cs,116,5,69,3971,0.0000,vanish
6_qHIKRwYe3Cs,116,5,69,1835,0.0005,vanish
6_qHIKRwYe3Cs,116,5,69,5294,0.1434,shrink
6_qHIKRwYe3Cs,116,4,69,3234,0.2127,shrink
6_qHIKRwYe3Cs,116,4,69,2127,0.0000,vanish
6_qHIKRwYe3Cs,116,4,69,1839,0.0375,vanish
6_qHIKRwYe3Cs,117,4,69,3545,0.0000,vanish
6_qHIKRwYe3Cs,117,5,69,1729,0.0000,vanish
6_qHIKRwYe3Cs,117,5,69,5419,0.0203,vanish
6_qHIKRwYe3Cs,117,3,69,2269,0.0009,vanish
6_qHIKRwYe3Cs,117,5,69,1673,0.0000,vanish
6_qHIKRwYe3Cs,118,4,69,4135,0.0000,vanish
6_qHIKRwYe3Cs,118,4,69,1040,0.0000,vanish
6_qHIKRwYe3Cs,118,4,69,4785,0.0788,vanish
6_qHIKRwYe3Cs,118,3,69,2235,0.0000,vanish
6_qHIKRwYe3Cs,118,4,69,1844,0.0000,vanish
6_qHIKRwYe3Cs,119,4,40,752,0.0000,vanish
6_qHIKRwYe3Cs,119,3,69,2464,0.0000,vanish
6_qHIKRwYe3Cs,119,3,69,656,0.0000,vanish
6_qHIKRwYe3Cs,119,5,69,2340,0.1214,shrink
6_qHIKRwYe3Cs,119,5,69,1876,0.0490,vanish
6_qHIKRwYe3Cs,120,5,40,2195,0.0182,vanish
6_qHIKRwYe3Cs,120,2,69,654,0.0000,vanish
6_qHIKRwYe3Cs,120,4,69,2017,0.1889,shrink
6_qHIKRwYe3Cs,120,5,69,1398,0.0093,vanish
6_qHIKRwYe3Cs,121,5,40,3202,0.0000,vanish
6_qHIKRwYe3Cs,121,5,69,1839,0.0462,vanish
6_qHIKRwYe3Cs,122,5,40,4057,0.0000,vanish
6_qHIKRwYe3Cs,122,5,69,1789,0.1140,shrink
6_qHIKRwYe3Cs,123,4,40,4299,0.0000,vanish
6_qHIKRwYe3Cs,123,5,69,1973,0.0912,vanish
6_qHIKRwYe3Cs,124,3,40,5193,0.0000,vanish
6_qHIKRwYe3Cs,127,3,61,1137,0.0000,vanish
6_qHIKRwYe3Cs,128,2,61,348,0.0000,vanish
6_qHIKRwYe3Cs,130,5,69,3419,0.2112,shrink
721_YBlwixQxXiM,45,1,1,959,0.0000,vanish
721_YBlwixQxXiM,61,1,1,883,0.0872,vanish
721_YBlwixQxXiM,61,4,75,2524,0.0000,vanish
721_YBlwixQxXiM,61,2,75,4014,0.0000,vanish
721_YBlwixQxXiM,62,3,75,8051,0.0000,vanish
721_YBlwixQxXiM,63,2,75,8626,0.0000,vanish
721_YBlwixQxXiM,63,2,75,1929,0.0000,vanish
721_YBlwixQxXiM,64,1,75,6332,0.0000,vanish
721_YBlwixQxXiM,120,1,1,1700,0.0000,vanish
811_7I6w1YsiPy4,0,5,29,212385,0.0855,vanish
811_7I6w1YsiPy4,1,5,29,191823,0.0801,vanish
811_7I6w1YsiPy4,1,3,29,223866,0.2408,shrink
811_7I6w1YsiPy4,1,1,69,535,0.0000,vanish
811_7I6w1YsiPy4,2,5,23,41253,0.0000,vanish
811_7I6w1YsiPy4,2,4,29,153123,0.0992,vanish
811_7I6w1YsiPy4,2,2,29,135705,0.2352,shrink
811_7I6w1YsiPy4,3,4,23,37419,0.0000,vanish
811_7I6w1YsiPy4,3,2,29,86747,0.0668,vanish
811_7I6w1YsiPy4,3,2,29,51377,0.2064,shrink
811_7I6w1YsiPy4,4,1,16,33347,0.1919,shrink
811_7I6w1YsiPy4,4,3,23,36924,0.0000,vanish
811_7I6w1YsiPy4,4,1,29,55952,0.0496,vanish
811_7I6w1YsiPy4,4,1,29,23329,0.0039,vanish
811_7I6w1YsiPy4,5,2,23,34750,0.0000,vanish
811_7I6w1YsiPy4,5,1,29,636,0.0000,vanish
811_7I6w1YsiPy4,5,1,29,1102,0.0000,vanish
811_7I6w1YsiPy4,6,1,23,29014,0.0000,vanish
811_7I6w1YsiPy4,6,2,29,19240,0.0000,vanish
811_7I6w1YsiPy4,6,1,29,15358,0.0477,vanish
811_7I6w1YsiPy4,7,5,29,30245,0.0000,vanish
811_7I6w1YsiPy4,8,5,16,41331,0.0877,vanish
811_7I6w1YsiPy4,8,1,29,2114,0.0024,vanish
811_7I6w1YsiPy4,8,4,29,6547,0.0000,vanish
811_7I6w1YsiPy4,8,5,29,1765,0.0000,vanish
811_7I6w1YsiPy4,9,5,16,43206,0.0000,vanish
811_7I6w1YsiPy4,9,1,29,894,0.0000,vanish
811_7I6w1YsiPy4,9,5,29,79897,0.1864,shrink
811_7I6w1YsiPy4,10,4,16,38145,0.0000,vanish
811_7I6w1YsiPy4,10,5,29,86984,0.1079,shrink
811_7I6w1YsiPy4,11,3,16,27482,0.0000,vanish
811_7I6w1YsiPy4,11,5,29,67965,0.0005,vanish
811_7I6w1YsiPy4,11,1,29,5634,0.0000,vanish
811_7I6w1YsiPy4,12,2,16,10659,0.0000,vanish
811_7I6w1YsiPy4,12,5,29,41835,0.0000,vanish
811_7I6w1YsiPy4,12,5,29,87273,0.0029,vanish
811_7I6w1YsiPy4,13,1,16,3636,0.0000,vanish
811_7I6w1YsiPy4,13,4,29,28317,0.0000,vanish
811_7I6w1YsiPy4,13,5,29,91946,0.0000,vanish
811_7I6w1YsiPy4,14,3,29,19280,0.0000,vanish
811_7I6w1YsiPy4,14,5,29,86666,0.0000,vanish
811_7I6w1YsiPy4,14,1,29,5277,0.0000,vanish
811_7I6w1YsiPy4,14,5,29,24886,0.2089,shrink
811_7I6w1YsiPy4,14,5,29,250011,0.2185,shrink
811_7I6w1YsiPy4,15,2,29,9387,0.0000,vanish
811_7I6w1YsiPy4,15,4,29,74719,0.0000,vanish
811_7I6w1YsiPy4,15,5,29,175107,0.1916,shrink
811_7I6w1YsiPy4,16,3,29,52588,0.0000,vanish
811_7I6w1YsiPy4,16,1,29,13561,0.0000,vanish
811_7I6w1YsiPy4,16,4,29,131710,0.2221,shrink
811_7I6w1YsiPy4,17,1,23,37705,0.0762,vanish
811_7I6w1YsiPy4,17,2,29,5556,0.0000,vanish
811_7I6w1YsiPy4,17,3,29,98283,0.1746,shrink
811_7I6w1YsiPy4,18,1,29,4633,0.0000,vanish
811_7I6w1YsiPy4,18,2,29,82954,0.1749,shrink
811_7I6w1YsiPy4,19,2,29,49746,0.1008,shrink
811_7I6w1YsiPy4,19,1,67,1453,0.0000,vanish
811_7I6w1YsiPy4,20,1,29,15802,0.0999,vanish
811_7I6w1YsiPy4,21,1,16,13381,0.0957,vanish
811_7I6w1YsiPy4,21,1,29,2601,0.0000,vanish
811_7I6w1YsiPy4,22,1,0,335,0.0000,vanish
811_7I6w1YsiPy4,23,1,67,7464,0.0000,vanish
811_7I6w1YsiPy4,23,2,67,201387,0.0000,vanish
811_7I6w1YsiPy4,24,5,23,4865,0.0000,vanish
811_7I6w1YsiPy4,24,1,67,984,0.0000,vanish
811_7I6w1YsiPy4,24,1,67,42631,0.0000,vanish
811_7I6w1YsiPy4,25,5,23,8625,0.0398,vanish
811_7I6w1YsiPy4,25,5,29,59525,0.2093,shrink
811_7I6w1YsiPy4,26,5,23,11124,0.0218,vanish
811_7I6w1YsiPy4,26,5,29,63584,0.1417,shrink
811_7I6w1YsiPy4,27,5,23,25069,0.0000,vanish
811_7I6w1YsiPy4,27,5,29,63582,0.0985,vanish
811_7I6w1YsiPy4,28,4,23,32727,0.0000,vanish
811_7I6w1YsiPy4,28,5,29,65702,0.0925,vanish
811_7I6w1YsiPy4,29,5,29,68264,0.0641,vanish
811_7I6w1YsiPy4,30,5,29,73688,0.0566,vanish
811_7I6w1YsiPy4,31,5,29,69224,0.0320,vanish
811_7I6w1YsiPy4,31,1,29,1256,0.0000,vanish
811_7I6w1YsiPy4,31,5,29,556839,0.2161,shrink
811_7I6w1YsiPy4,32,5,29,61860,0.0056,vanish
811_7I6w1YsiPy4,32,5,29,442326,0.1501,shrink
811_7I6w1YsiPy4,32,2,29,1300,0.0177,vanish
811_7I6w1YsiPy4,33,5,29,62982,0.0215,vanish
811_7I6w1YsiPy4,33,5,29,387199,0.1279,shrink
811_7I6w1YsiPy4,33,1,29,1883,0.1158,shrink
811_7I6w1YsiPy4,34,5,29,63171,0.0203,vanish
811_7I6w1YsiPy4,34,5,29,264969,0.0808,vanish
811_7I6w1YsiPy4,35,5,29,63229,0.1720,shrink
811_7I6w1YsiPy4,35,5,29,157575,0.0174,vanish
811_7I6w1YsiPy4,36,4,29,5308,0.0475,vanish
811_7I6w1YsiPy4,36,5,29,120344,0.0124,vanish
811_7I6w1YsiPy4,37,3,29,6310,0.0281,vanish
811_7I6w1YsiPy4,37,5,29,66385,0.0000,vanish
811_7I6w1YsiPy4,38,5,16,75564,0.2419,shrink
811_7I6w1YsiPy4,38,2,29,4091,0.0604,vanish
811_7I6w1YsiPy4,38,4,29,49536,0.0000,vanish
811_7I6w1YsiPy4,39,4,16,66265,0.1920,shrink
811_7I6w1YsiPy4,39,3,29,51135,0.1658,shrink
811_7I6w1YsiPy4,39,1,29,3693,0.2123,shrink
811_7I6w1YsiPy4,39,3,29,21397,0.0000,vanish
811_7I6w1YsiPy4,40,3,16,52944,0.0601,vanish
811_7I6w1YsiPy4,40,3,29,7308,0.0141,vanish
811_7I6w1YsiPy4,40,2,29,2734,0.0000,vanish
811_7I6w1YsiPy4,40,4,29,21819,0.1378,shrink
811_7I6w1YsiPy4,41,4,16,4056,0.1849,shrink
811_7I6w1YsiPy4,41,2,16,47133,0.0000,vanish
811_7I6w1YsiPy4,41,1,29,5128,0.0000,vanish
811_7I6w1YsiPy4,41,3,29,24076,0.2090,shrink
811_7I6w1YsiPy4,41,1,29,992,0.0000,vanish
811_7I6w1YsiPy4,41,3,29,15218,0.0441,vanish
811_7I6w1YsiPy4,41,1,29,498,0.0000,vanish
811_7I6w1YsiPy4,42,3,16,7611,0.1619,shrink
811_7I6w1YsiPy4,42,1,16,18946,0.0000,vanish
811_7I6w1YsiPy4,42,2,29,6565,0.0000,vanish
811_7I6w1YsiPy4,43,2,16,10578,0.1777,shrink
811_7I6w1YsiPy4,43,1,29,7583,0.0000,vanish
811_7I6w1YsiPy4,44,1,16,8864,0.0000,vanish
811_7I6w1YsiPy4,44,5,29,35126,0.1387,shrink
811_7I6w1YsiPy4,45,1,29,26649,0.1529,shrink
811_7I6w1YsiPy4,49,5,29,24616,0.0864,vanish
811_7I6w1YsiPy4,50,4,67,19849,0.0000,vanish
811_7I6w1YsiPy4,51,3,67,35031,0.0000,vanish
811_7I6w1YsiPy4,52,5,29,102286,0.1244,shrink
811_7I6w1YsiPy4,53,2,23,17525,0.0000,vanish
811_7I6w1YsiPy4,53,5,29,92738,0.0278,vanish
811_7I6w1YsiPy4,53,1,67,7025,0.0000,vanish
811_7I6w1YsiPy4,53,3,67,10599,0.0000,vanish
811_7I6w1YsiPy4,54,1,23,4363,0.0000,vanish
811_7I6w1YsiPy4,54,5,29,70006,0.0000,vanish
811_7I6w1YsiPy4,55,4,29,51850,0.0000,vanish
811_7I6w1YsiPy4,56,3,29,34769,0.0000,vanish
811_7I6w1YsiPy4,57,5,16,86857,0.1310,shrink
811_7I6w1YsiPy4,57,5,29,264315,0.1896,shrink
811_7I6w1YsiPy4,57,2,29,12728,0.0000,vanish
811_7I6w1YsiPy4,58,4,16,69682,0.1477,shrink
811_7I6w1YsiPy4,58,5,29,247394,0.1191,shrink
811_7I6w1YsiPy4,58,1,29,993,0.0000,vanish
811_7I6w1YsiPy4,58,1,29,1277,0.0000,vanish
811_7I6w1YsiPy4,59,3,16,45802,0.1438,shrink
811_7I6w1YsiPy4,59,5,29,202189,0.0028,vanish
811_7I6w1YsiPy4,60,2,16,38368,0.0058,vanish
811_7I6w1YsiPy4,60,4,29,135506,0.0000,vanish
811_7I6w1YsiPy4,61,1,16,24919,0.0000,vanish
811_7I6w1YsiPy4,61,3,29,106195,0.0000,vanish
811_7I6w1YsiPy4,62,2,29,49410,0.0000,vanish
811_7I6w1YsiPy4,63,1,29,28548,0.0000,vanish
811_7I6w1YsiPy4,64,2,16,58740,0.2446,shrink
811_7I6w1YsiPy4,64,5,16,23697,0.0000,vanish
811_7I6w1YsiPy4,65,1,16,17897,0.0000,vanish
811_7I6w1YsiPy4,65,4,16,17613,0.0000,vanish
811_7I6w1YsiPy4,66,3,16,21328,0.0000,vanish
811_7I6w1YsiPy4,66,5,29,120000,0.2304,shrink
811_7I6w1YsiPy4,67,2,16,4771,0.0000,vanish
811_7I6w1YsiPy4,68,1,16,7583,0.0000,vanish
811_7I6w1YsiPy4,71,1,67,11725,0.0000,vanish
811_7I6w1YsiPy4,71,1,67,4613,0.0000,vanish
811_7I6w1YsiPy4,72,5,68,338637,0.2246,shrink
811_7I6w1YsiPy4,73,5,68,301889,0.1834,shrink
811_7I6w1YsiPy4,74,2,20,2025,0.0000,vanish
811_7I6w1YsiPy4,74,2,20,906,0.0000,vanish
811_7I6w1YsiPy4,74,3,68,6497,0.0000,vanish
811_7I6w1YsiPy4,74,5,68,181646,0.1874,shrink
811_7I6w1YsiPy4,75,1,67,1772,0.0000,vanish
811_7I6w1YsiPy4,75,5,68,145483,0.0710,vanish
811_7I6w1YsiPy4,76,5,68,120210,0.0186,vanish
811_7I6w1YsiPy4,77,5,68,76055,0.0000,vanish
811_7I6w1YsiPy4,78,4,68,55357,0.0000,vanish
811_7I6w1YsiPy4,79,3,68,34045,0.0000,vanish
811_7I6w1YsiPy4,80,2,20,968,0.0000,vanish
811_7I6w1YsiPy4,80,4,20,521,0.0000,vanish
811_7I6w1YsiPy4,80,4,20,649,0.0000,vanish
811_7I6w1YsiPy4,80,2,68,10336,0.0000,vanish
811_7I6w1YsiPy4,81,5,16,34463,0.2420,shrink
811_7I6w1YsiPy4,81,1,68,2238,0.0000,vanish
811_7I6w1YsiPy4,82,5,16,28740,0.0000,vanish
811_7I6w1YsiPy4,83,4,16,25174,0.0000,vanish
811_7I6w1YsiPy4,83,5,29,17736,0.1965,shrink
811_7I6w1YsiPy4,84,3,16,19096,0.0000,vanish
811_7I6w1YsiPy4,84,5,29,13224,0.1378,shrink
811_7I6w1YsiPy4,85,2,16,11005,0.0000,vanish
811_7I6w1YsiPy4,85,5,29,9359,0.0000,vanish
811_7I6w1YsiPy4,86,1,16,8508,0.0000,vanish
811_7I6w1YsiPy4,86,4,29,8400,0.0000,vanish
811_7I6w1YsiPy4,87,3,29,4998,0.0000,vanish
811_7I6w1YsiPy4,87,3,29,4925,0.0000,vanish
811_7I6w1YsiPy4,87,4,69,97886,0.1811,shrink
811_7I6w1YsiPy4,88,2,29,3485,0.0000,vanish
811_7I6w1YsiPy4,88,2,29,4031,0.0000,vanish
811_7I6w1YsiPy4,88,4,69,84623,0.1005,shrink
811_7I6w1YsiPy4,89,1,29,1822,0.0000,vanish
811_7I6w1YsiPy4,89,1,29,2021,0.0000,vanish
811_7I6w1YsiPy4,89,3,69,62958,0.0000,vanish
811_7I6w1YsiPy4,90,2,69,33128,0.0000,vanish
811_7I6w1YsiPy4,91,1,69,19810,0.0000,vanish
811_7I6w1YsiPy4,96,1,67,552,0.0000,vanish
811_7I6w1YsiPy4,99,2,16,805,0.0000,vanish
811_7I6w1YsiPy4,99,4,29,44672,0.0852,vanish
811_7I6w1YsiPy4,100,3,29,30160,0.0011,vanish
811_7I6w1YsiPy4,101,3,29,19367,0.0002,vanish
811_7I6w1YsiPy4,101,5,67,19155,0.1715,shrink
811_7I6w1YsiPy4,101,5,67,9141,0.0642,vanish
811_7I6w1YsiPy4,102,2,29,5021,0.0000,vanish
811_7I6w1YsiPy4,102,5,67,15541,0.0000,vanish
811_7I6w1YsiPy4,102,5,67,7738,0.0000,vanish
811_7I6w1YsiPy4,103,4,67,13143,0.0000,vanish
811_7I6w1YsiPy4,103,4,67,6262,0.0000,vanish
811_7I6w1YsiPy4,104,3,67,9641,0.0000,vanish
811_7I6w1YsiPy4,104,3,67,3762,0.0000,vanish
811_7I6w1YsiPy4,104,2,67,1959,0.0000,vanish
811_7I6w1YsiPy4,105,1,67,822,0.0000,vanish
811_7I6w1YsiPy4,106,1,67,3286,0.0000,vanish
811_7I6w1YsiPy4,106,1,67,603,0.0000,vanish
811_7I6w1YsiPy4,109,3,20,11127,0.0000,vanish
811_7I6w1YsiPy4,110,2,20,4165,0.0000,vanish
811_7I6w1YsiPy4,111,1,20,4041,0.0000,vanish
811_7I6w1YsiPy4,115,4,20,375,0.0000,vanish
811_7I6w1YsiPy4,117,2,20,9072,0.0000,vanish
811_7I6w1YsiPy4,118,1,20,7234,0.0000,vanish
811_7I6w1YsiPy4,118,1,29,395,0.0000,vanish
869_iQcp5DqFgVw,0,1,36,948,0.0000,vanish
869_iQcp5DqFgVw,0,5,49,34629,0.2241,shrink
869_iQcp5DqFgVw,1,5,49,33921,0.2189,shrink
869_iQcp5DqFgVw,15,2,36,340,0.0000,vanish
869_iQcp5DqFgVw,15,1,36,843,0.0000,vanish
869_iQcp5DqFgVw,21,5,29,1944,0.2438,shrink
869_iQcp5DqFgVw,21,2,49,743,0.0000,vanish
869_iQcp5DqFgVw,22,5,29,2136,0.0000,vanish
869_iQcp5DqFgVw,22,3,49,10503,0.0000,vanish
869_iQcp5DqFgVw,23,4,29,1931,0.0000,vanish
869_iQcp5DqFgVw,23,3,49,9449,0.0025,vanish
869_iQcp5DqFgVw,24,3,29,1637,0.0000,vanish
869_iQcp5DqFgVw,24,5,49,921,0.0000,vanish
869_iQcp5DqFgVw,25,2,29,852,0.0000,vanish
869_iQcp5DqFgVw,25,5,49,5553,0.0000,vanish
869_iQcp5DqFgVw,26,1,29,480,0.0000,vanish
869_iQcp5DqFgVw,30,1,29,464,0.0000,vanish
869_iQcp5DqFgVw,30,1,36,1064,0.0000,vanish
869_iQcp5DqFgVw,45,2,36,419,0.0000,vanish
869_iQcp5DqFgVw,45,1,36,915,0.0000,vanish
869_iQcp5DqFgVw,58,2,19,5538,0.0000,vanish
869_iQcp5DqFgVw,59,1,19,3502,0.0000,vanish
869_iQcp5DqFgVw,59,5,49,49554,0.1954,shrink
869_iQcp5DqFgVw,60,1,36,642,0.0000,vanish
869_iQcp5DqFgVw,60,5,49,49655,0.1078,shrink
869_iQcp5DqFgVw,61,5,49,46695,0.0630,vanish
869_iQcp5DqFgVw,62,5,49,38496,0.0000,vanish
869_iQcp5DqFgVw,63,4,49,27180,0.0000,vanish
869_iQcp5DqFgVw,64,3,49,20722,0.0000,vanish
869_iQcp5DqFgVw,65,2,0,2434,0.0000,vanish
869_iQcp5DqFgVw,65,2,49,6433,0.0000,vanish
869_iQcp5DqFgVw,66,1,49,2891,0.0000,vanish
869_iQcp5DqFgVw,75,1,36,1116,0.0000,vanish
869_iQcp5DqFgVw,90,1,36,994,0.0000,vanish
869_iQcp5DqFgVw,105,1,61,1484,0.0000,vanish
869_iQcp5DqFgVw,120,1,36,531,0.0000,vanish
887_5uI8oVt4BIc,0,4,29,10981,0.0000,vanish
887_5uI8oVt4BIc,0,2,61,10130,0.0000,vanish
887_5uI8oVt4BIc,1,5,29,11466,0.0000,vanish
887_5uI8oVt4BIc,1,3,61,55097,0.2495,shrink
887_5uI8oVt4BIc,1,2,61,9028,0.0000,vanish
887_5uI8oVt4BIc,2,5,29,11474,0.0000,vanish
887_5uI8oVt4BIc,2,3,61,39473,0.1397,shrink
887_5uI8oVt4BIc,2,1,61,5281,0.0000,vanish
887_5uI8oVt4BIc,3,5,29,11354,0.0000,vanish
887_5uI8oVt4BIc,3,2,61,25340,0.1311,shrink
887_5uI8oVt4BIc,4,5,23,45741,0.2203,shrink
887_5uI8oVt4BIc,4,4,29,10602,0.0000,vanish
887_5uI8oVt4BIc,4,5,29,24450,0.2211,shrink
887_5uI8oVt4BIc,5,5,23,41079,0.2404,shrink
887_5uI8oVt4BIc,5,4,29,1003,0.0000,vanish
887_5uI8oVt4BIc,5,4,29,9943,0.0000,vanish
887_5uI8oVt4BIc,5,5,29,22810,0.1179,shrink
887_5uI8oVt4BIc,6,5,23,36231,0.1970,shrink
887_5uI8oVt4BIc,6,4,29,4608,0.0000,vanish
887_5uI8oVt4BIc,6,3,29,9327,0.0000,vanish
887_5uI8oVt4BIc,6,5,29,20349,0.0435,vanish
887_5uI8oVt4BIc,6,1,38,835,0.0000,vanish
887_5uI8oVt4BIc,7,5,8,37336,0.2150,shrink
887_5uI8oVt4BIc,7,5,23,30527,0.1093,shrink
887_5uI8oVt4BIc,7,4,29,8621,0.0000,vanish
887_5uI8oVt4BIc,7,3,29,7779,0.0000,vanish
887_5uI8oVt4BIc,7,5,29,16723,0.0260,vanish
887_5uI8oVt4BIc,7,1,38,863,0.0000,vanish
887_5uI8oVt4BIc,8,5,8,33477,0.1452,shrink
887_5uI8oVt4BIc,8,5,23,20906,0.0000,vanish
887_5uI8oVt4BIc,8,4,29,8863,0.0000,vanish
887_5uI8oVt4BIc,8,3,29,6572,0.0000,vanish
887_5uI8oVt4BIc,8,5,29,8015,0.0710,vanish
887_5uI8oVt4BIc,8,3,29,4376,0.0000,vanish
887_5uI8oVt4BIc,8,1,38,500,0.0000,vanish
887_5uI8oVt4BIc,9,5,23,1884,0.0000,vanish
887_5uI8oVt4BIc,9,4,29,7090,0.0000,vanish
887_5uI8oVt4BIc,9,3,29,4111,0.0000,vanish
887_5uI8oVt4BIc,9,4,29,5590,0.1642,shrink
887_5uI8oVt4BIc,9,2,29,2006,0.0000,vanish
887_5uI8oVt4BIc,9,5,61,32264,0.2362,shrink
887_5uI8oVt4BIc,10,5,23,1945,0.0000,vanish
887_5uI8oVt4BIc,10,3,29,2833,0.0000,vanish
887_5uI8oVt4BIc,10,3,29,2643,0.0000,vanish
887_5uI8oVt4BIc,10,5,29,3479,0.1549,shrink
887_5uI8oVt4BIc,10,4,61,37819,0.2428,shrink
887_5uI8oVt4BIc,11,5,23,3019,0.0195,vanish
887_5uI8oVt4BIc,11,2,29,986,0.0000,vanish
887_5uI8oVt4BIc,11,2,29,1151,0.0000,vanish
887_5uI8oVt4BIc,11,5,29,1776,0.0000,vanish
887_5uI8oVt4BIc,11,3,61,39269,0.2359,shrink
887_5uI8oVt4BIc,12,1,23,3337,0.0000,vanish
887_5uI8oVt4BIc,12,5,23,4475,0.1128,shrink
887_5uI8oVt4BIc,12,1,29,749,0.0000,vanish
887_5uI8oVt4BIc,12,4,29,1039,0.0000,vanish
887_5uI8oVt4BIc,13,5,23,5750,0.1779,shrink
887_5uI8oVt4BIc,13,3,29,1012,0.0000,vanish
887_5uI8oVt4BIc,13,2,38,3107,0.0000,vanish
887_5uI8oVt4BIc,14,3,29,1349,0.0000,vanish
887_5uI8oVt4BIc,14,3,38,7101,0.0000,vanish
887_5uI8oVt4BIc,15,5,23,52765,0.2245,shrink
887_5uI8oVt4BIc,15,2,29,1444,0.0000,vanish
887_5uI8oVt4BIc,15,4,38,10439,0.0000,vanish
887_5uI8oVt4BIc,16,5,23,45449,0.2146,shrink
887_5uI8oVt4BIc,16,1,29,572,0.0000,vanish
887_5uI8oVt4BIc,16,3,38,11733,0.0000,vanish
887_5uI8oVt4BIc,17,5,23,40115,0.1655,shrink
887_5uI8oVt4BIc,17,4,38,10992,0.0000,vanish
887_5uI8oVt4BIc,18,5,23,31292,0.1509,shrink
887_5uI8oVt4BIc,18,4,38,7103,0.0000,vanish
887_5uI8oVt4BIc,19,5,23,23421,0.0853,vanish
887_5uI8oVt4BIc,19,5,38,7385,0.0000,vanish
887_5uI8oVt4BIc,20,5,23,14536,0.0462,vanish
887_5uI8oVt4BIc,21,5,23,10950,0.0000,vanish
887_5uI8oVt4BIc,22,5,38,127626,0.1759,shrink
887_5uI8oVt4BIc,23,5,38,109570,0.1149,shrink
887_5uI8oVt4BIc,23,5,55,33310,0.2164,shrink
887_5uI8oVt4BIc,24,5,38,88244,0.0388,vanish
887_5uI8oVt4BIc,24,5,55,27116,0.1919,shrink
887_5uI8oVt4BIc,25,5,8,15147,0.2314,shrink
887_5uI8oVt4BIc,25,5,38,65710,0.0000,vanish
887_5uI8oVt4BIc,25,5,55,21578,0.0881,vanish
887_5uI8oVt4BIc,26,5,8,12632,0.1669,shrink
887_5uI8oVt4BIc,26,4,38,43833,0.0000,vanish
887_5uI8oVt4BIc,26,5,55,14935,0.0000,vanish
887_5uI8oVt4BIc,27,5,8,10243,0.0455,vanish
887_5uI8oVt4BIc,27,3,38,25216,0.0000,vanish
887_5uI8oVt4BIc,27,4,55,11126,0.0000,vanish
887_5uI8oVt4BIc,27,3,61,1187,0.0000,vanish
887_5uI8oVt4BIc,28,5,8,8819,0.0009,vanish
887_5uI8oVt4BIc,28,2,38,14454,0.0000,vanish
887_5uI8oVt4BIc,28,3,55,8017,0.0000,vanish
887_5uI8oVt4BIc,28,4,61,2031,0.0000,vanish
887_5uI8oVt4BIc,29,5,8,7582,0.0000,vanish
887_5uI8oVt4BIc,29,1,38,776,0.0000,vanish
887_5uI8oVt4BIc,29,1,38,2792,0.0000,vanish
887_5uI8oVt4BIc,29,2,55,5605,0.0000,vanish
887_5uI8oVt4BIc,29,5,55,14928,0.2004,shrink
887_5uI8oVt4BIc,30,4,8,5346,0.0000,vanish
887_5uI8oVt4BIc,30,3,38,7720,0.0000,vanish
887_5uI8oVt4BIc,30,1,55,2193,0.0000,vanish
887_5uI8oVt4BIc,30,5,55,14964,0.0986,vanish
887_5uI8oVt4BIc,31,3,8,3236,0.0000,vanish
887_5uI8oVt4BIc,31,1,38,378,0.0000,vanish
887_5uI8oVt4BIc,31,3,38,5614,0.0000,vanish
887_5uI8oVt4BIc,31,5,55,14214,0.0000,vanish
887_5uI8oVt4BIc,32,2,8,466,0.0000,vanish
887_5uI8oVt4BIc,32,2,38,4063,0.0000,vanish
887_5uI8oVt4BIc,32,4,55,15023,0.0000,vanish
887_5uI8oVt4BIc,33,5,8,3556,0.2393,shrink
887_5uI8oVt4BIc,33,1,38,3145,0.0000,vanish
887_5uI8oVt4BIc,33,3,55,13902,0.0000,vanish
887_5uI8oVt4BIc,34,5,8,4740,0.1310,shrink
887_5uI8oVt4BIc,34,3,55,14363,0.0000,vanish
887_5uI8oVt4BIc,35,5,8,5257,0.1429,shrink
887_5uI8oVt4BIc,35,3,55,15030,0.0000,vanish
887_5uI8oVt4BIc,35,1,55,1476,0.0000,vanish
887_5uI8oVt4BIc,36,3,55,17420,0.0000,vanish
887_5uI8oVt4BIc,37,5,55,16484,0.0000,vanish
887_5uI8oVt4BIc,38,5,55,13630,0.0000,vanish
887_5uI8oVt4BIc,38,3,67,902,0.2173,shrink
887_5uI8oVt4BIc,39,5,55,12552,0.0106,vanish
887_5uI8oVt4BIc,40,5,55,14269,0.1929,shrink
887_5uI8oVt4BIc,70,5,8,8697,0.2446,shrink
894_WgSxz95tg1Q,28,5,70,3191,0.0605,vanish
894_WgSxz95tg1Q,29,5,70,3189,0.0000,vanish
894_WgSxz95tg1Q,30,4,70,3097,0.0000,vanish
894_WgSxz95tg1Q,31,3,70,3758,0.0000,vanish
894_WgSxz95tg1Q,32,2,70,3813,0.0000,vanish
894_WgSxz95tg1Q,47,4,75,1428,0.0000,vanish
894_WgSxz95tg1Q,48,5,75,4489,0.0000,vanish
894_WgSxz95tg1Q,53,3,14,339,0.0000,vanish
894_WgSxz95tg1Q,54,2,14,511,0.0000,vanish
894_WgSxz95tg1Q,55,1,14,313,0.0000,vanish
894_WgSxz95tg1Q,71,1,14,312,0.0000,vanish
894_WgSxz95tg1Q,103,1,0,534,0.0000,vanish
894_WgSxz95tg1Q,105,5,14,704,0.1705,shrink
894_WgSxz95tg1Q,106,5,14,796,0.0490,vanish
894_WgSxz95tg1Q,107,4,14,751,0.0519,vanish
894_WgSxz95tg1Q,108,3,14,663,0.0588,vanish
894_WgSxz95tg1Q,109,2,14,1045,0.0000,vanish
894_WgSxz95tg1Q,109,2,14,505,0.0772,vanish
894_WgSxz95tg1Q,110,1,0,1200,0.0000,vanish
894_WgSxz95tg1Q,110,2,14,352,0.1165,shrink
894_WgSxz95tg1Q,110,2,14,1768,0.0000,vanish
894_WgSxz95tg1Q,111,3,14,2652,0.0000,vanish
894_WgSxz95tg1Q,112,3,14,3119,0.0000,vanish
894_WgSxz95tg1Q,113,2,14,3035,0.0105,vanish
894_WgSxz95tg1Q,114,2,14,2530,0.0000,vanish
894_WgSxz95tg1Q,115,5,14,1148,0.1376,shrink
894_WgSxz95tg1Q,115,2,14,2094,0.0000,vanish
894_WgSxz95tg1Q,115,5,14,648,0.0000,vanish
894_WgSxz95tg1Q,116,3,14,13550,0.0000,vanish
894_WgSxz95tg1Q,116,5,14,1282,0.0585,vanish
894_WgSxz95tg1Q,116,2,14,1952,0.0000,vanish
894_WgSxz95tg1Q,116,4,14,798,0.0000,vanish
894_WgSxz95tg1Q,117,5,14,1014,0.0000,vanish
894_WgSxz95tg1Q,117,1,14,1642,0.0000,vanish
894_WgSxz95tg1Q,117,3,14,801,0.0000,vanish
894_WgSxz95tg1Q,118,4,14,1079,0.0065,vanish
894_WgSxz95tg1Q,118,1,14,994,0.0000,vanish
894_WgSxz95tg1Q,118,2,14,659,0.0000,vanish
894_WgSxz95tg1Q,119,5,14,1464,0.0000,vanish
894_WgSxz95tg1Q,119,1,14,534,0.0000,vanish
894_WgSxz95tg1Q,120,5,14,2237,0.0000,vanish
894_WgSxz95tg1Q,120,5,75,9366,0.1926,shrink
894_WgSxz95tg1Q,121,4,14,7872,0.1333,shrink
894_WgSxz95tg1Q,121,5,14,2137,0.0000,vanish
894_WgSxz95tg1Q,121,5,75,9009,0.0000,vanish
894_WgSxz95tg1Q,122,3,14,8141,0.1636,shrink
894_WgSxz95tg1Q,122,5,14,2291,0.0000,vanish
894_WgSxz95tg1Q,122,4,75,8897,0.0000,vanish
894_WgSxz95tg1Q,123,2,14,6801,0.2331,shrink
894_WgSxz95tg1Q,123,4,14,2321,0.0000,vanish
894_WgSxz95tg1Q,123,3,75,8235,0.0000,vanish
894_WgSxz95tg1Q,123,5,90,37253,0.1583,shrink
894_WgSxz95tg1Q,124,2,14,4377,0.1241,shrink
894_WgSxz95tg1Q,124,3,14,1835,0.0000,vanish
894_WgSxz95tg1Q,124,2,75,4901,0.0000,vanish
894_WgSxz95tg1Q,124,5,90,37342,0.1158,shrink
894_WgSxz95tg1Q,125,1,14,1951,0.0000,vanish
894_WgSxz95tg1Q,125,3,14,1284,0.0000,vanish
894_WgSxz95tg1Q,125,4,14,609,0.0000,vanish
894_WgSxz95tg1Q,125,1,75,1848,0.0000,vanish
894_WgSxz95tg1Q,125,4,90,32821,0.0723,vanish
894_WgSxz95tg1Q,126,4,14,829,0.0000,vanish
894_WgSxz95tg1Q,126,2,14,667,0.0000,vanish
894_WgSxz95tg1Q,126,4,90,23082,0.0002,vanish
894_WgSxz95tg1Q,126,1,90,584,0.0000,vanish
894_WgSxz95tg1Q,127,3,14,805,0.0000,vanish
894_WgSxz95tg1Q,127,3,90,12783,0.0000,vanish
894_WgSxz95tg1Q,127,1,90,1168,0.0000,vanish
894_WgSxz95tg1Q,128,3,14,797,0.0000,vanish
894_WgSxz95tg1Q,128,2,90,1921,0.0000,vanish
894_WgSxz95tg1Q,129,2,14,641,0.0000,vanish
894_WgSxz95tg1Q,129,2,14,735,0.0000,vanish
894_WgSxz95tg1Q,129,1,90,2088,0.0000,vanish
894_WgSxz95tg1Q,130,3,14,4221,0.0000,vanish
894_WgSxz95tg1Q,131,3,14,5075,0.0000,vanish
894_WgSxz95tg1Q,132,3,14,5547,0.0000,vanish
894_WgSxz95tg1Q,133,2,14,5780,0.0000,vanish
895_Zj6bqsnUHLc,0,3,14,2030,0.0000,vanish
895_Zj6bqsnUHLc,0,5,43,12865,0.0779,vanish
895_Zj6bqsnUHLc,0,3,43,11615,0.0118,vanish
895_Zj6bqsnUHLc,0,3,60,10320,0.0000,vanish
895_Zj6bqsnUHLc,0,5,60,8122,0.0000,vanish
895_Zj6bqsnUHLc,1,2,14,614,0.0000,vanish
895_Zj6bqsnUHLc,1,4,43,13460,0.1341,shrink
895_Zj6bqsnUHLc,1,5,43,12207,0.0005,vanish
895_Zj6bqsnUHLc,1,3,60,9456,0.0000,vanish
895_Zj6bqsnUHLc,1,4,60,8901,0.0161,vanish
895_Zj6bqsnUHLc,2,3,43,13729,0.2247,shrink
895_Zj6bqsnUHLc,2,3,43,12228,0.1149,shrink
895_Zj6bqsnUHLc,2,3,60,8954,0.0000,vanish
895_Zj6bqsnUHLc,2,3,60,9202,0.1892,shrink
895_Zj6bqsnUHLc,3,1,60,672,0.0000,vanish
895_Zj6bqsnUHLc,4,5,43,11566,0.0899,vanish
895_Zj6bqsnUHLc,4,5,60,9166,0.2334,shrink
895_Zj6bqsnUHLc,5,5,43,11642,0.0000,vanish
895_Zj6bqsnUHLc,5,5,60,9514,0.1239,shrink
895_Zj6bqsnUHLc,6,4,43,10968,0.0000,vanish
895_Zj6bqsnUHLc,6,5,60,9336,0.1458,shrink
895_Zj6bqsnUHLc,7,4,43,10510,0.0000,vanish
895_Zj6bqsnUHLc,7,3,60,10338,0.0000,vanish
895_Zj6bqsnUHLc,7,5,60,8215,0.0661,vanish
895_Zj6bqsnUHLc,8,4,43,11121,0.0000,vanish
895_Zj6bqsnUHLc,8,2,60,675,0.0000,vanish
895_Zj6bqsnUHLc,8,5,60,9775,0.1243,shrink
895_Zj6bqsnUHLc,9,5,43,28891,0.2373,shrink
895_Zj6bqsnUHLc,9,3,60,2346,0.0000,vanish
895_Zj6bqsnUHLc,9,5,60,10959,0.1113,shrink
895_Zj6bqsnUHLc,10,2,60,2360,0.0000,vanish
895_Zj6bqsnUHLc,10,5,60,11548,0.1999,shrink
895_Zj6bqsnUHLc,11,5,14,442,0.0000,vanish
895_Zj6bqsnUHLc,12,4,14,470,0.0000,vanish
895_Zj6bqsnUHLc,13,5,14,2536,0.2307,shrink
895_Zj6bqsnUHLc,14,5,14,2235,0.0523,vanish
895_Zj6bqsnUHLc,15,5,14,2235,0.0000,vanish
895_Zj6bqsnUHLc,16,4,14,1144,0.0000,vanish
895_Zj6bqsnUHLc,17,3,14,864,0.0000,vanish
895_Zj6bqsnUHLc,18,2,14,585,0.0000,vanish
895_Zj6bqsnUHLc,43,5,14,408,0.0000,vanish
895_Zj6bqsnUHLc,45,3,14,332,0.0000,vanish
895_Zj6bqsnUHLc,60,5,14,310,0.0000,vanish
895_Zj6bqsnUHLc,99,5,14,2153,0.1268,shrink
895_Zj6bqsnUHLc,100,5,14,2765,0.0000,vanish
895_Zj6bqsnUHLc,101,4,14,3298,0.0000,vanish
895_Zj6bqsnUHLc,102,3,14,3311,0.0000,vanish
895_Zj6bqsnUHLc,103,2,14,2637,0.0000,vanish
895_Zj6bqsnUHLc,104,1,14,1590,0.0000,vanish
895_Zj6bqsnUHLc,109,5,14,3599,0.1653,shrink
895_Zj6bqsnUHLc,110,5,14,4019,0.0664,vanish
895_Zj6bqsnUHLc,111,5,14,3612,0.0161,vanish
929_3VxMgfRcgp8,29,5,99,8304,0.0089,vanish
929_3VxMgfRcgp8,30,4,99,8776,0.0084,vanish
929_3VxMgfRcgp8,31,5,99,8462,0.0005,vanish
929_3VxMgfRcgp8,32,4,99,8284,0.0005,vanish
929_3VxMgfRcgp8,33,3,99,7980,0.0005,vanish
929_3VxMgfRcgp8,35,1,99,2226,0.0018,vanish
929_3VxMgfRcgp8,37,5,99,3678,0.0000,vanish
929_3VxMgfRcgp8,39,3,99,4208,0.0000,vanish
929_3VxMgfRcgp8,40,2,99,3194,0.0000,vanish
929_3VxMgfRcgp8,41,1,99,1371,0.0000,vanish
929_3VxMgfRcgp8,45,5,67,23862,0.2414,shrink
929_3VxMgfRcgp8,46,4,8,10344,0.0000,vanish
929_3VxMgfRcgp8,46,5,67,19597,0.2201,shrink
929_3VxMgfRcgp8,47,3,8,8433,0.0000,vanish
929_3VxMgfRcgp8,47,5,67,14420,0.2198,shrink
929_3VxMgfRcgp8,48,2,8,6837,0.0000,vanish
929_3VxMgfRcgp8,48,5,67,11002,0.1713,shrink
929_3VxMgfRcgp8,49,1,8,3167,0.0000,vanish
929_3VxMgfRcgp8,49,5,67,8081,0.1572,shrink
929_3VxMgfRcgp8,50,5,67,5761,0.1304,shrink
929_3VxMgfRcgp8,51,5,67,4313,0.0000,vanish
929_3VxMgfRcgp8,52,4,67,3169,0.0000,vanish
929_3VxMgfRcgp8,53,3,67,1885,0.0000,vanish
929_3VxMgfRcgp8,53,3,99,4525,0.1112,shrink
929_3VxMgfRcgp8,54,2,67,1270,0.0000,vanish
929_3VxMgfRcgp8,54,2,99,2306,0.1756,shrink
929_3VxMgfRcgp8,55,1,67,751,0.0000,vanish
929_3VxMgfRcgp8,55,1,99,1915,0.2366,shrink
929_3VxMgfRcgp8,58,5,99,5926,0.1910,shrink
929_3VxMgfRcgp8,59,4,99,5495,0.2060,shrink
929_3VxMgfRcgp8,60,5,99,5638,0.0000,vanish
929_3VxMgfRcgp8,60,5,99,10109,0.0579,vanish
929_3VxMgfRcgp8,61,4,99,4574,0.0000,vanish
929_3VxMgfRcgp8,61,4,99,7930,0.0738,vanish
929_3VxMgfRcgp8,62,3,99,2489,0.0000,vanish
929_3VxMgfRcgp8,62,3,99,6242,0.0937,vanish
929_3VxMgfRcgp8,63,2,99,1132,0.0000,vanish
929_3VxMgfRcgp8,63,2,99,4842,0.1208,shrink
929_3VxMgfRcgp8,64,1,99,1471,0.0000,vanish
929_3VxMgfRcgp8,64,1,99,3394,0.1724,shrink
929_3VxMgfRcgp8,65,5,99,585,0.0000,vanish
929_3VxMgfRcgp8,66,4,99,2223,0.0000,vanish
929_3VxMgfRcgp8,67,3,99,1898,0.0000,vanish
929_3VxMgfRcgp8,68,2,99,1087,0.0000,vanish
929_3VxMgfRcgp8,69,1,99,851,0.0000,vanish
929_3VxMgfRcgp8,94,5,16,8501,0.0208,vanish
929_3VxMgfRcgp8,95,5,16,11303,0.0000,vanish
929_3VxMgfRcgp8,96,4,16,16337,0.0000,vanish
929_3VxMgfRcgp8,97,3,16,10642,0.0000,vanish
929_3VxMgfRcgp8,98,2,16,4207,0.0000,vanish
929_3VxMgfRcgp8,103,5,37,44834,0.2499,shrink
929_3VxMgfRcgp8,105,3,99,19910,0.0000,vanish
929_3VxMgfRcgp8,106,2,99,1346,0.0000,vanish
929_3VxMgfRcgp8,107,4,16,708,0.0000,vanish
929_3VxMgfRcgp8,108,3,16,881,0.0000,vanish
929_3VxMgfRcgp8,108,5,67,9030,0.0855,vanish
929_3VxMgfRcgp8,109,2,16,448,0.0000,vanish
929_3VxMgfRcgp8,109,4,67,8515,0.0907,vanish
929_3VxMgfRcgp8,110,1,16,421,0.0000,vanish
929_3VxMgfRcgp8,110,3,67,6384,0.1209,shrink
929_3VxMgfRcgp8,111,2,67,4839,0.1595,shrink
929_3VxMgfRcgp8,112,5,16,2989,0.0699,vanish
929_3VxMgfRcgp8,112,5,67,3940,0.0000,vanish
929_3VxMgfRcgp8,113,5,16,2616,0.0401,vanish
929_3VxMgfRcgp8,113,4,67,365,0.0000,vanish
929_3VxMgfRcgp8,114,5,16,2164,0.0000,vanish
929_3VxMgfRcgp8,114,3,67,2722,0.0000,vanish
929_3VxMgfRcgp8,115,4,16,1966,0.0000,vanish
929_3VxMgfRcgp8,115,2,67,2164,0.0000,vanish
929_3VxMgfRcgp8,116,3,16,1156,0.0000,vanish
929_3VxMgfRcgp8,116,1,67,1098,0.0000,vanish
444_NlIgZLfdpQQ,13,5,11,4559,0.0603,vanish
444_NlIgZLfdpQQ,14,4,11,4608,0.0371,vanish
444_NlIgZLfdpQQ,29,1,8,857,0.0000,vanish
444_NlIgZLfdpQQ,31,1,11,571,0.0000,vanish
569_VLJPJlmkFJ8,8,5,61,5298,0.2084,shrink
569_VLJPJlmkFJ8,9,5,61,4872,0.0866,vanish
569_VLJPJlmkFJ8,10,5,61,2598,0.0847,vanish
569_VLJPJlmkFJ8,10,4,61,916,0.0000,vanish
569_VLJPJlmkFJ8,11,5,61,2122,0.0000,vanish
569_VLJPJlmkFJ8,11,3,61,608,0.0000,vanish
569_VLJPJlmkFJ8,12,4,61,1087,0.0000,vanish
569_VLJPJlmkFJ8,12,2,61,527,0.0000,vanish
569_VLJPJlmkFJ8,12,2,61,338,0.0000,vanish
569_VLJPJlmkFJ8,13,3,61,725,0.0000,vanish
569_VLJPJlmkFJ8,13,1,61,303,0.0000,vanish
569_VLJPJlmkFJ8,14,2,61,422,0.0000,vanish
748_vzhAXolf72w,0,4,16,12891,0.0000,vanish
748_vzhAXolf72w,1,5,16,34225,0.0647,vanish
748_vzhAXolf72w,1,5,16,20152,0.2239,shrink
748_vzhAXolf72w,1,4,16,6507,0.0000,vanish
748_vzhAXolf72w,2,5,16,34390,0.0885,vanish
748_vzhAXolf72w,2,5,16,20960,0.2188,shrink
748_vzhAXolf72w,2,3,16,3760,0.0000,vanish
748_vzhAXolf72w,3,5,16,35278,0.1762,shrink
748_vzhAXolf72w,3,5,16,22374,0.2209,shrink
748_vzhAXolf72w,3,2,16,1041,0.0000,vanish
748_vzhAXolf72w,6,5,61,5648,0.1673,shrink
748_vzhAXolf72w,18,5,61,6133,0.0310,vanish
748_vzhAXolf72w,19,5,61,6233,0.0350,vanish
748_vzhAXolf72w,20,5,61,6797,0.0636,vanish
748_vzhAXolf72w,21,5,61,6496,0.0465,vanish
748_vzhAXolf72w,22,4,16,1090,0.1798,shrink
748_vzhAXolf72w,22,5,61,6851,0.0346,vanish
748_vzhAXolf72w,23,3,16,1100,0.1509,shrink
748_vzhAXolf72w,23,5,61,6423,0.0000,vanish
748_vzhAXolf72w,24,5,61,6450,0.0000,vanish
748_vzhAXolf72w,25,5,61,6478,0.0000,vanish
748_vzhAXolf72w,26,5,61,6264,0.0000,vanish
748_vzhAXolf72w,27,5,61,5683,0.0000,vanish
748_vzhAXolf72w,28,5,61,5855,0.0000,vanish
748_vzhAXolf72w,29,5,61,5783,0.0000,vanish
748_vzhAXolf72w,30,5,16,354,0.2175,shrink
748_vzhAXolf72w,30,4,61,5658,0.0000,vanish
748_vzhAXolf72w,31,5,16,919,0.1861,shrink
748_vzhAXolf72w,31,4,61,5486,0.0000,vanish
748_vzhAXolf72w,32,5,61,6196,0.0000,vanish
748_vzhAXolf72w,36,5,61,5135,0.0055,vanish
748_vzhAXolf72w,37,5,61,4751,0.0124,vanish
748_vzhAXolf72w,38,5,61,5017,0.0598,vanish
748_vzhAXolf72w,39,5,61,5295,0.1518,shrink
748_vzhAXolf72w,43,5,16,1721,0.0883,vanish
748_vzhAXolf72w,44,4,16,1468,0.0749,vanish
748_vzhAXolf72w,46,4,16,1196,0.0895,vanish
748_vzhAXolf72w,47,5,16,890,0.0843,vanish
748_vzhAXolf72w,53,5,16,350,0.0000,vanish
748_vzhAXolf72w,53,5,61,5314,0.1855,shrink
748_vzhAXolf72w,54,4,16,463,0.0000,vanish
748_vzhAXolf72w,54,5,61,5383,0.2450,shrink
748_vzhAXolf72w,55,3,16,521,0.0000,vanish
748_vzhAXolf72w,56,5,16,5022,0.1511,shrink
748_vzhAXolf72w,56,2,16,456,0.0000,vanish
748_vzhAXolf72w,56,5,61,5049,0.1054,shrink
748_vzhAXolf72w,57,5,16,4730,0.0704,vanish
748_vzhAXolf72w,57,4,16,844,0.0616,vanish
748_vzhAXolf72w,57,5,61,5369,0.0674,vanish
748_vzhAXolf72w,58,4,8,4615,0.0620,vanish
748_vzhAXolf72w,58,4,16,721,0.0000,vanish
748_vzhAXolf72w,58,5,23,9243,0.1849,shrink
748_vzhAXolf72w,58,4,30,1797,0.0000,vanish
748_vzhAXolf72w,58,5,61,5426,0.0000,vanish
748_vzhAXolf72w,59,3,8,4665,0.0902,vanish
748_vzhAXolf72w,59,5,16,4342,0.1426,shrink
748_vzhAXolf72w,59,4,16,633,0.0000,vanish
748_vzhAXolf72w,59,5,23,7813,0.1162,shrink
748_vzhAXolf72w,59,4,30,2143,0.0000,vanish
748_vzhAXolf72w,59,5,61,5242,0.0000,vanish
748_vzhAXolf72w,60,3,8,4584,0.0764,vanish
748_vzhAXolf72w,60,5,16,4555,0.1519,shrink
748_vzhAXolf72w,60,3,16,587,0.0000,vanish
748_vzhAXolf72w,60,5,23,6666,0.0812,vanish
748_vzhAXolf72w,60,3,30,1998,0.0000,vanish
748_vzhAXolf72w,60,4,61,5195,0.0000,vanish
748_vzhAXolf72w,60,5,65,4635,0.1433,shrink
748_vzhAXolf72w,61,2,8,3762,0.0808,vanish
748_vzhAXolf72w,61,5,16,3728,0.2224,shrink
748_vzhAXolf72w,61,4,16,715,0.0000,vanish
748_vzhAXolf72w,61,5,23,4608,0.0098,vanish
748_vzhAXolf72w,61,3,30,1167,0.0000,vanish
748_vzhAXolf72w,61,5,61,5571,0.0000,vanish
748_vzhAXolf72w,61,5,65,4788,0.1623,shrink
748_vzhAXolf72w,62,3,16,748,0.0000,vanish
748_vzhAXolf72w,62,4,23,3003,0.0150,vanish
748_vzhAXolf72w,62,2,30,488,0.0000,vanish
748_vzhAXolf72w,62,5,61,6454,0.0000,vanish
748_vzhAXolf72w,62,5,65,4289,0.1408,shrink
748_vzhAXolf72w,63,5,16,2659,0.1944,shrink
748_vzhAXolf72w,63,3,16,693,0.0000,vanish
748_vzhAXolf72w,63,5,23,1709,0.0000,vanish
748_vzhAXolf72w,63,5,61,6342,0.0047,vanish
748_vzhAXolf72w,63,5,65,3412,0.0665,vanish
748_vzhAXolf72w,64,5,16,2162,0.0000,vanish
748_vzhAXolf72w,64,2,16,786,0.0000,vanish
748_vzhAXolf72w,64,4,23,908,0.0000,vanish
748_vzhAXolf72w,64,5,61,6161,0.0032,vanish
748_vzhAXolf72w,64,5,65,2650,0.0000,vanish
748_vzhAXolf72w,65,4,16,1557,0.0000,vanish
748_vzhAXolf72w,65,1,16,445,0.0000,vanish
748_vzhAXolf72w,65,3,23,539,0.0000,vanish
748_vzhAXolf72w,65,5,61,5542,0.0484,vanish
748_vzhAXolf72w,65,4,65,1918,0.0000,vanish
748_vzhAXolf72w,66,3,16,1190,0.0000,vanish
748_vzhAXolf72w,66,5,61,5141,0.2042,shrink
748_vzhAXolf72w,66,3,65,1230,0.0000,vanish
748_vzhAXolf72w,67,5,16,1015,0.0000,vanish
748_vzhAXolf72w,67,5,61,3841,0.1750,shrink
748_vzhAXolf72w,67,2,65,657,0.0000,vanish
748_vzhAXolf72w,68,4,16,562,0.0000,vanish
748_vzhAXolf72w,68,5,61,2755,0.0519,vanish
748_vzhAXolf72w,69,5,61,2188,0.0000,vanish
748_vzhAXolf72w,70,4,61,1514,0.0000,vanish
748_vzhAXolf72w,71,3,61,1092,0.0000,vanish
748_vzhAXolf72w,72,2,61,735,0.0000,vanish
748_vzhAXolf72w,85,5,30,11954,0.1627,shrink
748_vzhAXolf72w,86,5,16,7507,0.1768,shrink
748_vzhAXolf72w,86,2,30,728,0.0000,vanish
748_vzhAXolf72w,86,5,30,11828,0.0668,vanish
748_vzhAXolf72w,87,5,16,6144,0.0853,vanish
748_vzhAXolf72w,87,2,30,628,0.0000,vanish
748_vzhAXolf72w,87,5,30,11581,0.0641,vanish
748_vzhAXolf72w,88,5,16,5770,0.0062,vanish
748_vzhAXolf72w,88,5,30,11290,0.1194,shrink
748_vzhAXolf72w,89,5,16,4720,0.0000,vanish
748_vzhAXolf72w,89,5,30,10823,0.2497,shrink
748_vzhAXolf72w,91,3,16,2675,0.0000,vanish
748_vzhAXolf72w,91,5,30,9148,0.1857,shrink
748_vzhAXolf72w,92,2,16,1424,0.0000,vanish
748_vzhAXolf72w,92,5,30,8576,0.2143,shrink
748_vzhAXolf72w,93,1,16,343,0.0000,vanish
748_vzhAXolf72w,93,5,30,8087,0.0713,vanish
748_vzhAXolf72w,94,5,30,7559,0.0390,vanish
748_vzhAXolf72w,95,5,16,4681,0.2478,shrink
748_vzhAXolf72w,95,5,30,7416,0.0390,vanish
748_vzhAXolf72w,96,5,16,4323,0.1337,shrink
748_vzhAXolf72w,96,5,30,7045,0.0908,vanish
748_vzhAXolf72w,97,5,16,3915,0.0590,vanish
748_vzhAXolf72w,97,5,30,6562,0.0642,vanish
748_vzhAXolf72w,98,5,16,3115,0.0000,vanish
748_vzhAXolf72w,98,5,30,6079,0.1638,shrink
748_vzhAXolf72w,99,4,16,2116,0.0000,vanish
748_vzhAXolf72w,99,5,30,5490,0.2016,shrink
748_vzhAXolf72w,100,3,16,1160,0.0000,vanish
748_vzhAXolf72w,100,5,30,5133,0.1823,shrink
748_vzhAXolf72w,100,5,65,405,0.1778,shrink
748_vzhAXolf72w,101,2,16,578,0.0000,vanish
748_vzhAXolf72w,101,5,30,4671,0.1445,shrink
748_vzhAXolf72w,101,5,65,870,0.2103,shrink
748_vzhAXolf72w,102,5,30,4126,0.0914,vanish
748_vzhAXolf72w,103,5,30,3866,0.0797,vanish
748_vzhAXolf72w,104,5,30,3514,0.0965,vanish
748_vzhAXolf72w,104,5,65,358,0.0000,vanish
748_vzhAXolf72w,105,1,16,313,0.0000,vanish
748_vzhAXolf72w,105,5,30,3141,0.1506,shrink
748_vzhAXolf72w,109,2,16,488,0.0000,vanish
748_vzhAXolf72w,128,5,65,1184,0.2382,shrink
748_vzhAXolf72w,129,5,16,519,0.1503,shrink
748_vzhAXolf72w,129,4,65,1061,0.1461,shrink
748_vzhAXolf72w,130,5,65,1000,0.1450,shrink
748_vzhAXolf72w,131,4,65,839,0.1108,shrink
748_vzhAXolf72w,132,3,65,632,0.1361,shrink
932_S5V7ORzrH3g,30,2,14,613,0.1615,shrink
958__CDGCdwmlr0,1,3,15,4725,0.1058,shrink
958__CDGCdwmlr0,2,5,15,30792,0.2116,shrink
958__CDGCdwmlr0,2,2,15,3280,0.1515,shrink
958__CDGCdwmlr0,2,4,67,33411,0.2361,shrink
958__CDGCdwmlr0,3,5,15,28062,0.1709,shrink
958__CDGCdwmlr0,3,1,15,3203,0.2348,shrink
958__CDGCdwmlr0,3,5,61,66430,0.2097,shrink
958__CDGCdwmlr0,3,3,67,35467,0.2290,shrink
958__CDGCdwmlr0,4,5,15,22838,0.0440,vanish
958__CDGCdwmlr0,4,5,61,67469,0.2130,shrink
958__CDGCdwmlr0,5,5,15,19276,0.0090,vanish
958__CDGCdwmlr0,5,5,61,69742,0.2475,shrink
958__CDGCdwmlr0,29,5,15,43634,0.1043,shrink
958__CDGCdwmlr0,30,5,15,35035,0.0869,vanish
958__CDGCdwmlr0,31,5,15,27773,0.1242,shrink
958__CDGCdwmlr0,32,5,15,22972,0.1460,shrink
958__CDGCdwmlr0,33,4,15,16991,0.1837,shrink
958__CDGCdwmlr0,34,2,15,1252,0.0000,vanish
958__CDGCdwmlr0,35,1,15,524,0.0000,vanish
958__CDGCdwmlr0,37,4,67,2752,0.0000,vanish
958__CDGCdwmlr0,38,5,15,4174,0.1406,shrink
958__CDGCdwmlr0,38,4,67,6073,0.0105,vanish
958__CDGCdwmlr0,39,5,15,4959,0.2271,shrink
958__CDGCdwmlr0,39,5,67,13299,0.0703,vanish
958__CDGCdwmlr0,40,5,67,17593,0.0468,vanish
958__CDGCdwmlr0,44,5,67,150062,0.2257,shrink
958__CDGCdwmlr0,44,3,67,332,0.0000,vanish
958__CDGCdwmlr0,45,5,67,142810,0.1859,shrink
958__CDGCdwmlr0,45,2,67,421,0.0000,vanish
958__CDGCdwmlr0,46,5,67,121333,0.1620,shrink
958__CDGCdwmlr0,47,5,15,115438,0.1894,shrink
958__CDGCdwmlr0,47,5,67,84389,0.1843,shrink
958__CDGCdwmlr0,48,5,15,113177,0.0590,vanish
958__CDGCdwmlr0,48,5,67,60934,0.1694,shrink
958__CDGCdwmlr0,49,5,15,93505,0.0000,vanish
958__CDGCdwmlr0,49,5,67,46274,0.0826,vanish
958__CDGCdwmlr0,49,5,67,632,0.0000,vanish
958__CDGCdwmlr0,50,4,15,80101,0.0000,vanish
958__CDGCdwmlr0,50,5,67,36846,0.0576,vanish
958__CDGCdwmlr0,50,4,67,593,0.0000,vanish
958__CDGCdwmlr0,51,3,15,49933,0.0000,vanish
958__CDGCdwmlr0,51,4,29,33447,0.1786,shrink
958__CDGCdwmlr0,51,5,67,25409,0.0473,vanish
958__CDGCdwmlr0,51,3,67,627,0.0000,vanish
958__CDGCdwmlr0,52,2,15,22360,0.0000,vanish
958__CDGCdwmlr0,52,4,29,26611,0.0334,vanish
958__CDGCdwmlr0,52,4,67,15686,0.0114,vanish
958__CDGCdwmlr0,52,2,67,1149,0.0000,vanish
958__CDGCdwmlr0,52,4,67,509,0.0000,vanish
958__CDGCdwmlr0,53,1,15,5857,0.0000,vanish
958__CDGCdwmlr0,53,1,15,1413,0.0000,vanish
958__CDGCdwmlr0,53,3,29,21478,0.0025,vanish
958__CDGCdwmlr0,53,4,67,10729,0.0136,vanish
958__CDGCdwmlr0,53,1,67,654,0.0000,vanish
958__CDGCdwmlr0,54,2,29,10834,0.0000,vanish
958__CDGCdwmlr0,54,3,67,5191,0.0000,vanish
958__CDGCdwmlr0,55,1,29,6061,0.0000,vanish
958__CDGCdwmlr0,55,2,67,3526,0.0000,vanish
958__CDGCdwmlr0,55,1,67,366,0.0000,vanish
958__CDGCdwmlr0,57,5,61,163115,0.1953,shrink
958__CDGCdwmlr0,58,5,61,142235,0.1393,shrink
958__CDGCdwmlr0,59,5,61,102848,0.0380,vanish
958__CDGCdwmlr0,60,5,61,87174,0.0043,vanish
958__CDGCdwmlr0,60,1,67,909,0.0000,vanish
958__CDGCdwmlr0,61,5,61,61328,0.0000,vanish
958__CDGCdwmlr0,62,4,61,31862,0.0000,vanish
958__CDGCdwmlr0,63,3,61,19809,0.0000,vanish
958__CDGCdwmlr0,64,2,61,3907,0.0000,vanish
958__CDGCdwmlr0,65,1,61,374,0.0000,vanish
958__CDGCdwmlr0,74,3,67,2362,0.0000,vanish
958__CDGCdwmlr0,75,2,67,1920,0.0000,vanish
958__CDGCdwmlr0,79,5,15,58985,0.2206,shrink
958__CDGCdwmlr0,80,4,15,54338,0.2298,shrink
958__CDGCdwmlr0,81,2,15,3466,0.0000,vanish
958__CDGCdwmlr0,82,2,15,2374,0.0000,vanish
958__CDGCdwmlr0,83,2,15,1188,0.0000,vanish
958__CDGCdwmlr0,83,5,61,102149,0.2275,shrink
958__CDGCdwmlr0,83,5,67,97004,0.1905,shrink
958__CDGCdwmlr0,84,5,29,218370,0.2115,shrink
958__CDGCdwmlr0,84,5,61,112738,0.1558,shrink
958__CDGCdwmlr0,84,5,67,100997,0.0942,vanish
958__CDGCdwmlr0,85,5,29,201164,0.1962,shrink
958__CDGCdwmlr0,85,5,61,112757,0.2142,shrink
958__CDGCdwmlr0,85,5,67,101628,0.1075,shrink
958__CDGCdwmlr0,86,1,15,4904,0.0000,vanish
958__CDGCdwmlr0,86,5,29,163951,0.2005,shrink
958__CDGCdwmlr0,86,5,67,97240,0.1452,shrink
958__CDGCdwmlr0,87,4,13,6731,0.0000,vanish
958__CDGCdwmlr0,87,4,15,1604,0.0362,vanish
958__CDGCdwmlr0,87,4,29,40806,0.1897,shrink
958__CDGCdwmlr0,88,2,13,6709,0.0000,vanish
958__CDGCdwmlr0,88,4,15,2482,0.0068,vanish
958__CDGCdwmlr0,89,1,13,8416,0.0000,vanish
958__CDGCdwmlr0,90,1,13,5946,0.0000,vanish
958__CDGCdwmlr0,91,1,13,9100,0.0000,vanish
958__CDGCdwmlr0,93,5,15,5320,0.2276,shrink
958__CDGCdwmlr0,94,5,15,5372,0.0957,vanish
958__CDGCdwmlr0,94,5,29,10426,0.2088,shrink
958__CDGCdwmlr0,95,5,15,4866,0.0438,vanish
958__CDGCdwmlr0,95,5,29,9979,0.2000,shrink
958__CDGCdwmlr0,96,1,13,4014,0.0000,vanish
958__CDGCdwmlr0,96,5,15,3549,0.0000,vanish
958__CDGCdwmlr0,96,5,29,8342,0.0050,vanish
958__CDGCdwmlr0,97,4,15,2979,0.0000,vanish
958__CDGCdwmlr0,97,5,29,4850,0.0000,vanish
958__CDGCdwmlr0,97,5,29,9529,0.2429,shrink
958__CDGCdwmlr0,98,3,15,1883,0.0000,vanish
958__CDGCdwmlr0,98,4,29,3585,0.0000,vanish
958__CDGCdwmlr0,98,5,29,6033,0.2198,shrink
958__CDGCdwmlr0,98,5,29,18670,0.1966,shrink
958__CDGCdwmlr0,99,2,15,1037,0.0000,vanish
958__CDGCdwmlr0,99,3,29,2158,0.0000,vanish
958__CDGCdwmlr0,99,5,29,3471,0.0000,vanish
958__CDGCdwmlr0,99,5,29,18659,0.0000,vanish
958__CDGCdwmlr0,100,1,15,726,0.0000,vanish
958__CDGCdwmlr0,100,1,29,1734,0.0000,vanish
958__CDGCdwmlr0,100,4,29,4075,0.0000,vanish
958__CDGCdwmlr0,100,4,29,18626,0.0000,vanish
958__CDGCdwmlr0,101,1,13,2656,0.0000,vanish
958__CDGCdwmlr0,101,1,15,339,0.0000,vanish
958__CDGCdwmlr0,101,3,29,3127,0.0000,vanish
958__CDGCdwmlr0,101,3,29,13417,0.0000,vanish
958__CDGCdwmlr0,102,2,29,3118,0.0000,vanish
958__CDGCdwmlr0,102,2,29,626,0.0000,vanish
958__CDGCdwmlr0,102,2,29,5021,0.0000,vanish
958__CDGCdwmlr0,103,1,29,416,0.0000,vanish
958__CDGCdwmlr0,103,1,29,1764,0.0000,vanish
958__CDGCdwmlr0,103,1,29,3666,0.0000,vanish
958__CDGCdwmlr0,104,1,13,7728,0.0000,vanish
958__CDGCdwmlr0,104,5,15,1483,0.0000,vanish
958__CDGCdwmlr0,105,2,13,5929,0.0000,vanish
958__CDGCdwmlr0,105,1,15,1940,0.0000,vanish
958__CDGCdwmlr0,105,4,15,4111,0.0190,vanish
958__CDGCdwmlr0,105,5,15,14293,0.0966,vanish
958__CDGCdwmlr0,106,1,13,9287,0.0000,vanish
958__CDGCdwmlr0,106,5,15,6924,0.0000,vanish
958__CDGCdwmlr0,107,1,13,8587,0.0000,vanish
958__CDGCdwmlr0,107,4,15,383,0.0000,vanish
958__CDGCdwmlr0,108,1,13,8129,0.0000,vanish
958__CDGCdwmlr0,110,4,15,865,0.0000,vanish
958__CDGCdwmlr0,111,2,15,520,0.0000,vanish
958__CDGCdwmlr0,113,1,13,2534,0.0000,vanish
958__CDGCdwmlr0,113,5,67,9960,0.1971,shrink
958__CDGCdwmlr0,121,4,13,8064,0.0000,vanish
958__CDGCdwmlr0,122,3,13,7530,0.0000,vanish
958__CDGCdwmlr0,123,3,13,8610,0.0000,vanish
958__CDGCdwmlr0,123,4,15,32260,0.2433,shrink
958__CDGCdwmlr0,124,3,13,7409,0.0000,vanish
958__CDGCdwmlr0,124,4,15,25349,0.0832,vanish
958__CDGCdwmlr0,125,2,13,7284,0.0000,vanish
958__CDGCdwmlr0,125,3,15,19918,0.0000,vanish
958__CDGCdwmlr0,125,5,67,31456,0.1831,shrink
958__CDGCdwmlr0,126,2,13,6748,0.0000,vanish
958__CDGCdwmlr0,126,2,15,10223,0.0000,vanish
958__CDGCdwmlr0,126,5,67,22487,0.0506,vanish
958__CDGCdwmlr0,127,2,13,7102,0.0000,vanish
958__CDGCdwmlr0,127,1,15,6629,0.0000,vanish
958__CDGCdwmlr0,127,5,67,18478,0.0450,vanish
958__CDGCdwmlr0,128,1,67,398,0.0000,vanish
958__CDGCdwmlr0,131,4,67,1763,0.2422,shrink
963_yLXjMlx6AYw,0,1,16,834,0.0000,vanish
963_yLXjMlx6AYw,89,1,67,407,0.0000,vanish
995_lxoktTiVUDM,46,4,54,368,0.0000,vanish
995_lxoktTiVUDM,47,3,54,516,0.0000,vanish
1029_OPfjoAQxvcQ,67,5,37,2228,0.2006,shrink
1029_OPfjoAQxvcQ,68,5,37,3778,0.2189,shrink
1029_OPfjoAQxvcQ,69,5,37,4897,0.2250,shrink
1029_OPfjoAQxvcQ,70,5,37,5729,0.2082,shrink
1029_OPfjoAQxvcQ,71,5,37,6376,0.2343,shrink
1029_OPfjoAQxvcQ,89,5,37,8630,0.2300,shrink
1029_OPfjoAQxvcQ,90,5,37,10123,0.1237,shrink
1029_OPfjoAQxvcQ,91,5,37,10678,0.0959,vanish
1029_OPfjoAQxvcQ,92,5,37,9624,0.0996,vanish
1029_OPfjoAQxvcQ,93,5,37,10560,0.0795,vanish
1029_OPfjoAQxvcQ,93,3,37,4034,0.0000,vanish
1029_OPfjoAQxvcQ,94,2,37,2364,0.0000,vanish
1029_OPfjoAQxvcQ,103,5,37,7306,0.2213,shrink
1029_OPfjoAQxvcQ,104,5,37,6282,0.1754,shrink
1029_OPfjoAQxvcQ,104,5,37,5408,0.2023,shrink
1029_OPfjoAQxvcQ,105,5,37,4948,0.0778,vanish
1029_OPfjoAQxvcQ,105,5,37,5125,0.1009,shrink
1029_OPfjoAQxvcQ,106,5,37,3601,0.0292,vanish
1029_OPfjoAQxvcQ,106,5,37,4619,0.0000,vanish
1029_OPfjoAQxvcQ,107,5,37,2629,0.0000,vanish
1029_OPfjoAQxvcQ,107,4,37,4099,0.0000,vanish
1029_OPfjoAQxvcQ,108,4,37,1884,0.0000,vanish
1029_OPfjoAQxvcQ,108,3,37,3520,0.0000,vanish
1029_OPfjoAQxvcQ,109,3,37,1359,0.0125,vanish
1029_OPfjoAQxvcQ,109,2,37,2626,0.0000,vanish
1029_OPfjoAQxvcQ,110,2,37,575,0.0226,vanish
1029_OPfjoAQxvcQ,110,1,37,1289,0.0000,vanish
1029_OPfjoAQxvcQ,111,5,15,429702,0.0002,vanish
1029_OPfjoAQxvcQ,111,5,67,275950,0.0000,vanish
1029_OPfjoAQxvcQ,112,5,15,430233,0.0000,vanish
1029_OPfjoAQxvcQ,112,4,67,275970,0.0000,vanish
1029_OPfjoAQxvcQ,112,1,99,1492,0.0000,vanish
1029_OPfjoAQxvcQ,113,4,15,427478,0.0000,vanish
1029_OPfjoAQxvcQ,113,3,67,270916,0.0000,vanish
1029_OPfjoAQxvcQ,114,3,15,422776,0.0000,vanish
1029_OPfjoAQxvcQ,114,2,67,224813,0.0000,vanish
1029_OPfjoAQxvcQ,115,2,15,393241,0.0000,vanish
1029_OPfjoAQxvcQ,115,1,67,208135,0.0000,vanish
1085_Qymcg7WA6RM,0,3,29,2913,0.0680,vanish
1085_Qymcg7WA6RM,1,5,29,2697,0.0000,vanish
1085_Qymcg7WA6RM,2,4,29,2181,0.0000,vanish
1085_Qymcg7WA6RM,4,2,29,475,0.0000,vanish
1085_Qymcg7WA6RM,5,1,29,357,0.0000,vanish
1085_Qymcg7WA6RM,7,5,29,2050,0.1434,shrink
1085_Qymcg7WA6RM,8,5,29,1747,0.0544,vanish
1085_Qymcg7WA6RM,9,5,29,1329,0.0436,vanish
1085_Qymcg7WA6RM,10,5,29,935,0.0000,vanish
1085_Qymcg7WA6RM,11,4,29,479,0.0000,vanish
1085_Qymcg7WA6RM,35,5,29,1834,0.2083,shrink
1085_Qymcg7WA6RM,36,5,29,1500,0.1833,shrink
1085_Qymcg7WA6RM,37,5,29,1176,0.1973,shrink
1085_Qymcg7WA6RM,38,5,29,860,0.1977,shrink
1085_Qymcg7WA6RM,90,5,29,352,0.0398,vanish
1200_B6ROh3Y2hIA,0,2,1,1643,0.2228,shrink
1200_B6ROh3Y2hIA,18,1,61,463,0.0000,vanish
1200_B6ROh3Y2hIA,53,5,1,46860,0.2352,shrink
1200_B6ROh3Y2hIA,54,5,1,37269,0.1953,shrink
1200_B6ROh3Y2hIA,55,5,1,30131,0.1529,shrink
1200_B6ROh3Y2hIA,56,4,1,24813,0.1857,shrink
1200_B6ROh3Y2hIA,57,3,1,19164,0.2405,shrink
1304_cdOOn-olj6Q,0,3,14,8698,0.0000,vanish
1304_cdOOn-olj6Q,1,4,14,10973,0.0000,vanish
1304_cdOOn-olj6Q,2,5,14,11515,0.0000,vanish
1304_cdOOn-olj6Q,3,4,14,11939,0.0000,vanish
1304_cdOOn-olj6Q,3,5,90,95065,0.2239,shrink
1304_cdOOn-olj6Q,4,4,14,12626,0.0000,vanish
1304_cdOOn-olj6Q,4,5,90,78485,0.2104,shrink
1304_cdOOn-olj6Q,5,4,14,12607,0.0000,vanish
1304_cdOOn-olj6Q,5,5,90,46371,0.1786,shrink
1304_cdOOn-olj6Q,6,4,14,12490,0.0000,vanish
1304_cdOOn-olj6Q,6,2,76,11965,0.0000,vanish
1304_cdOOn-olj6Q,6,4,90,41295,0.1873,shrink
1304_cdOOn-olj6Q,7,4,14,11471,0.0000,vanish
1304_cdOOn-olj6Q,7,3,76,8692,0.0000,vanish
1304_cdOOn-olj6Q,7,3,90,28265,0.1635,shrink
1304_cdOOn-olj6Q,8,5,14,9299,0.0000,vanish
1304_cdOOn-olj6Q,8,3,76,7892,0.0000,vanish
1304_cdOOn-olj6Q,8,5,90,13438,0.0000,vanish
1304_cdOOn-olj6Q,9,5,14,7907,0.0000,vanish
1304_cdOOn-olj6Q,9,2,76,7021,0.0000,vanish
1304_cdOOn-olj6Q,9,1,90,7100,0.0000,vanish
1304_cdOOn-olj6Q,10,4,14,5373,0.0000,vanish
1304_cdOOn-olj6Q,10,1,76,2412,0.0000,vanish
1304_cdOOn-olj6Q,11,3,14,3242,0.0000,vanish
1304_cdOOn-olj6Q,12,2,14,2497,0.0000,vanish
1304_cdOOn-olj6Q,13,1,14,1136,0.0000,vanish
1304_cdOOn-olj6Q,15,1,76,3245,0.0000,vanish
1304_cdOOn-olj6Q,16,5,90,413,0.0266,vanish
1304_cdOOn-olj6Q,31,2,98,7077,0.0000,vanish
1304_cdOOn-olj6Q,32,1,98,963,0.0000,vanish
1102_c00Q1d_Sp6U,0,5,15,11876,0.0043,vanish
1102_c00Q1d_Sp6U,1,4,15,10647,0.0000,vanish
1102_c00Q1d_Sp6U,1,5,15,9380,0.2110,shrink
1102_c00Q1d_Sp6U,1,5,19,22211,0.1244,shrink
1102_c00Q1d_Sp6U,2,3,15,10312,0.0000,vanish
1102_c00Q1d_Sp6U,2,5,19,22512,0.0042,vanish
1102_c00Q1d_Sp6U,3,2,15,10182,0.0000,vanish
1102_c00Q1d_Sp6U,3,5,19,22408,0.0000,vanish
1102_c00Q1d_Sp6U,4,2,15,9030,0.0000,vanish
1102_c00Q1d_Sp6U,4,5,19,23503,0.0187,vanish
1102_c00Q1d_Sp6U,5,2,15,9588,0.0000,vanish
1102_c00Q1d_Sp6U,5,5,19,23782,0.2115,shrink
1102_c00Q1d_Sp6U,6,2,15,7931,0.0000,vanish
1102_c00Q1d_Sp6U,6,5,49,9114,0.2045,shrink
1102_c00Q1d_Sp6U,7,5,15,8687,0.0431,vanish
1102_c00Q1d_Sp6U,7,5,49,9183,0.2386,shrink
1102_c00Q1d_Sp6U,8,5,49,8356,0.2075,shrink
1102_c00Q1d_Sp6U,9,5,49,7874,0.1706,shrink
1102_c00Q1d_Sp6U,10,5,49,7289,0.1487,shrink
1102_c00Q1d_Sp6U,11,5,49,6673,0.0577,vanish
1102_c00Q1d_Sp6U,12,4,49,4996,0.0000,vanish
1102_c00Q1d_Sp6U,13,3,49,3523,0.0000,vanish
1102_c00Q1d_Sp6U,14,2,49,2062,0.0000,vanish
1102_c00Q1d_Sp6U,15,5,15,7805,0.0742,vanish
1102_c00Q1d_Sp6U,15,1,49,962,0.0000,vanish
1102_c00Q1d_Sp6U,16,5,15,7033,0.0141,vanish
1102_c00Q1d_Sp6U,16,1,15,1308,0.0000,vanish
1102_c00Q1d_Sp6U,16,5,49,35155,0.2454,shrink
1102_c00Q1d_Sp6U,17,5,15,6944,0.0321,vanish
1102_c00Q1d_Sp6U,17,5,49,34087,0.2326,shrink
1102_c00Q1d_Sp6U,18,5,15,6920,0.0812,vanish
1102_c00Q1d_Sp6U,18,4,49,28901,0.2190,shrink
1102_c00Q1d_Sp6U,19,5,15,6759,0.1894,shrink
1102_c00Q1d_Sp6U,19,4,49,23948,0.1845,shrink
1102_c00Q1d_Sp6U,20,3,49,18329,0.1258,shrink
1102_c00Q1d_Sp6U,21,5,49,10773,0.0412,vanish
1102_c00Q1d_Sp6U,22,5,15,6082,0.0722,vanish
1102_c00Q1d_Sp6U,22,3,49,5394,0.0000,vanish
1102_c00Q1d_Sp6U,23,5,15,5477,0.0000,vanish
1102_c00Q1d_Sp6U,23,5,15,20311,0.0984,vanish
1102_c00Q1d_Sp6U,23,2,49,1342,0.0000,vanish
1102_c00Q1d_Sp6U,24,5,15,20087,0.1202,shrink
1102_c00Q1d_Sp6U,24,5,19,20579,0.1296,shrink
1102_c00Q1d_Sp6U,24,5,19,28452,0.1629,shrink
1102_c00Q1d_Sp6U,24,4,49,14989,0.0000,vanish
1102_c00Q1d_Sp6U,25,4,15,20377,0.1160,shrink
1102_c00Q1d_Sp6U,25,5,19,20013,0.0116,vanish
1102_c00Q1d_Sp6U,25,5,19,28161,0.0596,vanish
1102_c00Q1d_Sp6U,25,3,49,10036,0.0000,vanish
1102_c00Q1d_Sp6U,26,3,15,19962,0.1031,shrink
1102_c00Q1d_Sp6U,26,4,19,19501,0.0215,vanish
1102_c00Q1d_Sp6U,26,4,19,28183,0.0753,vanish
1102_c00Q1d_Sp6U,26,2,49,3919,0.0000,vanish
1102_c00Q1d_Sp6U,27,4,13,564,0.0000,vanish
1102_c00Q1d_Sp6U,27,4,19,2932,0.0000,vanish
1102_c00Q1d_Sp6U,27,1,49,723,0.0000,vanish
1102_c00Q1d_Sp6U,28,3,13,1162,0.0000,vanish
1102_c00Q1d_Sp6U,29,2,13,1319,0.0000,vanish
1102_c00Q1d_Sp6U,29,3,15,2479,0.0000,vanish
1102_c00Q1d_Sp6U,30,2,13,5504,0.0000,vanish
1102_c00Q1d_Sp6U,30,3,15,3057,0.0000,vanish
1102_c00Q1d_Sp6U,31,2,13,1760,0.0000,vanish
1102_c00Q1d_Sp6U,31,2,15,1214,0.0000,vanish
1102_c00Q1d_Sp6U,31,5,15,21395,0.1812,shrink
1102_c00Q1d_Sp6U,31,5,19,9710,0.2416,shrink
1102_c00Q1d_Sp6U,32,1,13,793,0.0000,vanish
1102_c00Q1d_Sp6U,32,5,15,21170,0.1833,shrink
1102_c00Q1d_Sp6U,32,5,19,66571,0.2125,shrink
1102_c00Q1d_Sp6U,33,4,15,21446,0.1782,shrink
1102_c00Q1d_Sp6U,33,5,19,76044,0.2227,shrink
1102_c00Q1d_Sp6U,33,5,19,29745,0.2227,shrink
1102_c00Q1d_Sp6U,34,4,15,21189,0.1718,shrink
1102_c00Q1d_Sp6U,34,5,19,77101,0.2373,shrink
1102_c00Q1d_Sp6U,35,5,15,21104,0.2424,shrink
1102_c00Q1d_Sp6U,35,5,19,81360,0.1689,shrink
1102_c00Q1d_Sp6U,35,4,49,19010,0.0000,vanish
1102_c00Q1d_Sp6U,36,5,19,82760,0.1044,shrink
1102_c00Q1d_Sp6U,36,3,49,16626,0.0000,vanish
1102_c00Q1d_Sp6U,37,5,19,84416,0.0618,vanish
1102_c00Q1d_Sp6U,37,2,49,9146,0.0000,vanish
1102_c00Q1d_Sp6U,38,5,19,84905,0.0553,vanish
1102_c00Q1d_Sp6U,38,1,49,4112,0.0000,vanish
1102_c00Q1d_Sp6U,39,5,19,79445,0.0084,vanish
1102_c00Q1d_Sp6U,39,1,58,2037,0.0000,vanish
1102_c00Q1d_Sp6U,40,5,19,80912,0.0356,vanish
1102_c00Q1d_Sp6U,41,5,19,75404,0.0472,vanish
1102_c00Q1d_Sp6U,42,3,13,1211,0.0000,vanish
1102_c00Q1d_Sp6U,42,5,19,74019,0.0407,vanish
1102_c00Q1d_Sp6U,43,3,13,3447,0.0000,vanish
1102_c00Q1d_Sp6U,43,5,19,39886,0.2113,shrink
1102_c00Q1d_Sp6U,43,5,19,72822,0.0573,vanish
1102_c00Q1d_Sp6U,44,2,15,408,0.0000,vanish
1102_c00Q1d_Sp6U,44,5,19,40732,0.1507,shrink
1102_c00Q1d_Sp6U,44,5,19,68031,0.0563,vanish
1102_c00Q1d_Sp6U,45,2,15,1351,0.0000,vanish
1102_c00Q1d_Sp6U,45,4,19,2806,0.0000,vanish
1102_c00Q1d_Sp6U,45,5,19,67555,0.0354,vanish
1102_c00Q1d_Sp6U,46,5,13,33082,0.0018,vanish
1102_c00Q1d_Sp6U,46,3,15,23757,0.1525,shrink
1102_c00Q1d_Sp6U,46,5,19,42227,0.0805,vanish
1102_c00Q1d_Sp6U,46,5,19,75606,0.0900,vanish
1102_c00Q1d_Sp6U,46,1,58,3570,0.0000,vanish
1102_c00Q1d_Sp6U,47,5,13,33326,0.0000,vanish
1102_c00Q1d_Sp6U,47,3,15,19646,0.1275,shrink
1102_c00Q1d_Sp6U,47,5,19,43445,0.0414,vanish
1102_c00Q1d_Sp6U,47,5,19,77756,0.2417,shrink
1102_c00Q1d_Sp6U,48,4,13,31695,0.0000,vanish
1102_c00Q1d_Sp6U,48,5,19,43996,0.0035,vanish
1102_c00Q1d_Sp6U,49,4,13,29407,0.0000,vanish
1102_c00Q1d_Sp6U,49,5,19,44115,0.0000,vanish
1102_c00Q1d_Sp6U,49,5,30,86784,0.2221,shrink
1102_c00Q1d_Sp6U,50,4,13,29246,0.0000,vanish
1102_c00Q1d_Sp6U,50,5,19,44504,0.0029,vanish
1102_c00Q1d_Sp6U,50,5,30,88242,0.2466,shrink
1102_c00Q1d_Sp6U,51,4,13,24371,0.0000,vanish
1102_c00Q1d_Sp6U,51,5,19,45192,0.0302,vanish
1102_c00Q1d_Sp6U,52,4,13,24864,0.0000,vanish
1102_c00Q1d_Sp6U,52,5,19,74999,0.1840,shrink
1102_c00Q1d_Sp6U,53,3,13,32405,0.0000,vanish
1102_c00Q1d_Sp6U,54,3,13,21499,0.0000,vanish
1102_c00Q1d_Sp6U,54,5,19,80490,0.2387,shrink
1102_c00Q1d_Sp6U,55,3,13,27424,0.0000,vanish
1102_c00Q1d_Sp6U,55,2,35,13941,0.0000,vanish
1102_c00Q1d_Sp6U,56,1,13,9540,0.0000,vanish
1102_c00Q1d_Sp6U,56,3,13,32351,0.0000,vanish
1102_c00Q1d_Sp6U,56,3,35,17785,0.0000,vanish
1102_c00Q1d_Sp6U,57,1,13,9904,0.0000,vanish
1102_c00Q1d_Sp6U,57,3,13,33335,0.0000,vanish
1102_c00Q1d_Sp6U,57,2,35,12880,0.0000,vanish
1102_c00Q1d_Sp6U,58,1,13,3840,0.0000,vanish
1102_c00Q1d_Sp6U,58,2,13,20620,0.0000,vanish
1102_c00Q1d_Sp6U,58,1,35,5070,0.0000,vanish
1102_c00Q1d_Sp6U,59,1,13,8731,0.0000,vanish
1102_c00Q1d_Sp6U,59,5,15,113664,0.2393,shrink
1102_c00Q1d_Sp6U,60,3,19,9858,0.0000,vanish
1102_c00Q1d_Sp6U,67,1,13,551,0.0000,vanish
1102_c00Q1d_Sp6U,67,4,35,413,0.0073,vanish
1102_c00Q1d_Sp6U,68,4,35,1481,0.0000,vanish
1102_c00Q1d_Sp6U,69,5,19,19432,0.1747,shrink
1102_c00Q1d_Sp6U,69,5,35,3400,0.0000,vanish
1102_c00Q1d_Sp6U,70,5,19,15940,0.0000,vanish
1102_c00Q1d_Sp6U,70,4,35,4358,0.0000,vanish
1102_c00Q1d_Sp6U,71,2,19,1478,0.0000,vanish
1102_c00Q1d_Sp6U,71,3,35,3866,0.0000,vanish
1102_c00Q1d_Sp6U,72,2,19,1016,0.0000,vanish
1102_c00Q1d_Sp6U,73,2,19,1317,0.0000,vanish
1102_c00Q1d_Sp6U,74,2,19,1581,0.0000,vanish
1102_c00Q1d_Sp6U,75,2,19,1799,0.0000,vanish
1102_c00Q1d_Sp6U,75,3,58,28589,0.0000,vanish
1102_c00Q1d_Sp6U,76,2,19,1414,0.0000,vanish
1102_c00Q1d_Sp6U,76,2,58,20617,0.0000,vanish
1102_c00Q1d_Sp6U,77,1,58,5171,0.0000,vanish
1102_c00Q1d_Sp6U,78,5,35,4825,0.0473,vanish
1102_c00Q1d_Sp6U,79,5,35,8070,0.0000,vanish
1102_c00Q1d_Sp6U,80,5,35,11517,0.0000,vanish
1102_c00Q1d_Sp6U,81,4,35,15268,0.0000,vanish
1102_c00Q1d_Sp6U,82,4,35,15212,0.0000,vanish
1102_c00Q1d_Sp6U,83,4,35,15745,0.0000,vanish
1102_c00Q1d_Sp6U,84,5,35,17827,0.0000,vanish
1102_c00Q1d_Sp6U,85,5,35,19068,0.0339,vanish
1102_c00Q1d_Sp6U,86,5,35,20340,0.1781,shrink
1102_c00Q1d_Sp6U,99,1,13,1556,0.0000,vanish
1102_c00Q1d_Sp6U,100,3,13,1207,0.0000,vanish
1102_c00Q1d_Sp6U,101,2,13,493,0.0000,vanish
1102_c00Q1d_Sp6U,102,1,13,463,0.0000,vanish
1102_c00Q1d_Sp6U,103,4,13,4389,0.0000,vanish
1102_c00Q1d_Sp6U,103,5,35,36327,0.2342,shrink
1102_c00Q1d_Sp6U,104,3,13,3593,0.0000,vanish
1102_c00Q1d_Sp6U,104,5,35,31457,0.2091,shrink
1102_c00Q1d_Sp6U,105,5,35,20383,0.1633,shrink
1102_c00Q1d_Sp6U,106,1,13,1367,0.0000,vanish
1102_c00Q1d_Sp6U,106,5,35,29019,0.2389,shrink
1102_c00Q1d_Sp6U,107,2,58,19169,0.0000,vanish
1102_c00Q1d_Sp6U,108,1,58,9525,0.0000,vanish
1102_c00Q1d_Sp6U,127,2,58,46491,0.0000,vanish
1102_c00Q1d_Sp6U,128,1,58,21134,0.0000,vanish
1102_c00Q1d_Sp6U,130,2,13,952,0.0000,vanish
1102_c00Q1d_Sp6U,131,2,13,1389,0.0302,vanish
1167_DLLNjnCJbTQ,4,5,12,17400,0.1880,shrink
1167_DLLNjnCJbTQ,5,5,12,17065,0.0194,vanish
1167_DLLNjnCJbTQ,6,5,12,5928,0.0000,vanish
1167_DLLNjnCJbTQ,6,5,12,16081,0.0000,vanish
1167_DLLNjnCJbTQ,7,5,12,7194,0.0000,vanish
1167_DLLNjnCJbTQ,7,4,12,16016,0.0000,vanish
1167_DLLNjnCJbTQ,8,5,12,11881,0.0000,vanish
1167_DLLNjnCJbTQ,8,4,12,15615,0.0000,vanish
1167_DLLNjnCJbTQ,9,5,12,14345,0.0000,vanish
1167_DLLNjnCJbTQ,9,4,12,14240,0.0000,vanish
1167_DLLNjnCJbTQ,10,5,1,49897,0.2351,shrink
1167_DLLNjnCJbTQ,10,4,12,14901,0.0000,vanish
1167_DLLNjnCJbTQ,10,4,12,13840,0.0000,vanish
1167_DLLNjnCJbTQ,11,5,1,5011,0.1114,shrink
1167_DLLNjnCJbTQ,11,5,1,43452,0.1370,shrink
1167_DLLNjnCJbTQ,11,5,12,12305,0.0000,vanish
1167_DLLNjnCJbTQ,11,4,12,12988,0.0000,vanish
1167_DLLNjnCJbTQ,11,2,12,7241,0.0000,vanish
1167_DLLNjnCJbTQ,12,5,1,7123,0.0376,vanish
1167_DLLNjnCJbTQ,12,5,1,40775,0.1208,shrink
1167_DLLNjnCJbTQ,12,5,12,11551,0.0000,vanish
1167_DLLNjnCJbTQ,12,4,12,12152,0.0000,vanish
1167_DLLNjnCJbTQ,12,1,12,3541,0.0000,vanish
1167_DLLNjnCJbTQ,13,5,1,7561,0.0000,vanish
1167_DLLNjnCJbTQ,13,5,1,32162,0.1256,shrink
1167_DLLNjnCJbTQ,13,5,12,8361,0.0004,vanish
1167_DLLNjnCJbTQ,13,5,12,10491,0.0000,vanish
1167_DLLNjnCJbTQ,13,4,12,11464,0.0000,vanish
1167_DLLNjnCJbTQ,14,4,1,7241,0.0000,vanish
1167_DLLNjnCJbTQ,14,5,1,24118,0.1251,shrink
1167_DLLNjnCJbTQ,14,5,12,6546,0.0000,vanish
1167_DLLNjnCJbTQ,14,5,12,8837,0.0118,vanish
1167_DLLNjnCJbTQ,14,5,12,10010,0.0000,vanish
1167_DLLNjnCJbTQ,15,3,1,7181,0.0000,vanish
1167_DLLNjnCJbTQ,15,4,1,5132,0.0004,vanish
1167_DLLNjnCJbTQ,15,5,1,16801,0.2021,shrink
1167_DLLNjnCJbTQ,15,4,12,5681,0.0000,vanish
1167_DLLNjnCJbTQ,15,5,12,7652,0.0354,vanish
1167_DLLNjnCJbTQ,15,5,12,9165,0.0000,vanish
1167_DLLNjnCJbTQ,15,5,12,12007,0.0484,vanish
1167_DLLNjnCJbTQ,15,4,107,13660,0.0214,vanish
1167_DLLNjnCJbTQ,16,2,1,3240,0.0000,vanish
1167_DLLNjnCJbTQ,16,5,1,3328,0.0009,vanish
1167_DLLNjnCJbTQ,16,3,12,3171,0.0000,vanish
1167_DLLNjnCJbTQ,16,5,12,6314,0.0000,vanish
1167_DLLNjnCJbTQ,16,5,12,8007,0.0000,vanish
1167_DLLNjnCJbTQ,16,5,107,11881,0.1873,shrink
1167_DLLNjnCJbTQ,17,1,1,1533,0.0000,vanish
1167_DLLNjnCJbTQ,17,5,1,2146,0.0000,vanish
1167_DLLNjnCJbTQ,17,2,12,2065,0.0000,vanish
1167_DLLNjnCJbTQ,17,5,12,5633,0.0000,vanish
1167_DLLNjnCJbTQ,17,4,12,7374,0.0000,vanish
1167_DLLNjnCJbTQ,17,5,12,12182,0.0612,vanish
1167_DLLNjnCJbTQ,17,5,107,9395,0.2090,shrink
1167_DLLNjnCJbTQ,18,5,1,1192,0.0000,vanish
1167_DLLNjnCJbTQ,18,5,1,7517,0.1764,shrink
1167_DLLNjnCJbTQ,18,5,1,29836,0.1654,shrink
1167_DLLNjnCJbTQ,18,1,12,613,0.0000,vanish
1167_DLLNjnCJbTQ,18,5,12,4761,0.0000,vanish
1167_DLLNjnCJbTQ,18,5,12,6954,0.0000,vanish
1167_DLLNjnCJbTQ,18,5,12,11235,0.0000,vanish
1167_DLLNjnCJbTQ,18,5,107,6714,0.1193,shrink
1167_DLLNjnCJbTQ,19,5,1,6051,0.0322,vanish
1167_DLLNjnCJbTQ,19,2,1,3117,0.0000,vanish
1167_DLLNjnCJbTQ,19,4,1,2300,0.0383,vanish
1167_DLLNjnCJbTQ,19,4,1,16706,0.1584,shrink
1167_DLLNjnCJbTQ,19,4,12,3928,0.0000,vanish
1167_DLLNjnCJbTQ,19,4,12,6264,0.0000,vanish
1167_DLLNjnCJbTQ,19,4,12,9583,0.0246,vanish
1167_DLLNjnCJbTQ,19,5,12,5805,0.0000,vanish
1167_DLLNjnCJbTQ,19,5,12,5946,0.0018,vanish
1167_DLLNjnCJbTQ,19,5,107,3835,0.0000,vanish
1167_DLLNjnCJbTQ,20,3,1,346,0.0000,vanish
1167_DLLNjnCJbTQ,20,5,1,5916,0.0019,vanish
1167_DLLNjnCJbTQ,20,2,1,3120,0.0000,vanish
1167_DLLNjnCJbTQ,20,2,1,1708,0.1417,shrink
1167_DLLNjnCJbTQ,20,3,1,14490,0.1826,shrink
1167_DLLNjnCJbTQ,20,4,12,3935,0.0000,vanish
1167_DLLNjnCJbTQ,20,3,12,5835,0.0000,vanish
1167_DLLNjnCJbTQ,20,4,12,9005,0.0023,vanish
1167_DLLNjnCJbTQ,20,4,12,6407,0.0000,vanish
1167_DLLNjnCJbTQ,20,4,12,5841,0.0002,vanish
1167_DLLNjnCJbTQ,20,4,107,4528,0.0000,vanish
1167_DLLNjnCJbTQ,21,2,1,519,0.0000,vanish
1167_DLLNjnCJbTQ,21,5,1,6060,0.0000,vanish
1167_DLLNjnCJbTQ,21,2,1,2892,0.0014,vanish
1167_DLLNjnCJbTQ,21,2,1,432,0.0394,vanish
1167_DLLNjnCJbTQ,21,1,1,1037,0.0000,vanish
1167_DLLNjnCJbTQ,21,3,12,3928,0.0000,vanish
1167_DLLNjnCJbTQ,21,3,12,6023,0.0000,vanish
1167_DLLNjnCJbTQ,21,3,12,9122,0.0000,vanish
1167_DLLNjnCJbTQ,21,3,12,12968,0.0008,vanish
1167_DLLNjnCJbTQ,21,3,107,4090,0.0000,vanish
1167_DLLNjnCJbTQ,22,1,1,515,0.0000,vanish
1167_DLLNjnCJbTQ,22,5,1,5649,0.0000,vanish
1167_DLLNjnCJbTQ,22,1,1,3289,0.0000,vanish
1167_DLLNjnCJbTQ,22,1,1,1081,0.0000,vanish
1167_DLLNjnCJbTQ,22,3,12,3875,0.0000,vanish
1167_DLLNjnCJbTQ,22,2,12,5835,0.0000,vanish
1167_DLLNjnCJbTQ,22,2,12,9384,0.0000,vanish
1167_DLLNjnCJbTQ,22,4,12,7534,0.0000,vanish
1167_DLLNjnCJbTQ,22,2,12,5793,0.0000,vanish
1167_DLLNjnCJbTQ,22,3,107,3993,0.0000,vanish
1167_DLLNjnCJbTQ,23,5,1,3580,0.0123,vanish
1167_DLLNjnCJbTQ,23,3,12,3086,0.0000,vanish
1167_DLLNjnCJbTQ,23,3,12,5208,0.0000,vanish
1167_DLLNjnCJbTQ,23,1,12,9229,0.0000,vanish
1167_DLLNjnCJbTQ,23,1,12,13475,0.0000,vanish
1167_DLLNjnCJbTQ,23,5,107,1585,0.0000,vanish
1167_DLLNjnCJbTQ,24,4,1,2213,0.0348,vanish
1167_DLLNjnCJbTQ,24,3,12,1987,0.0000,vanish
1167_DLLNjnCJbTQ,24,2,12,4344,0.0000,vanish
1167_DLLNjnCJbTQ,24,5,107,343,0.0000,vanish
1167_DLLNjnCJbTQ,25,4,1,2048,0.2144,shrink
1167_DLLNjnCJbTQ,25,3,12,1927,0.0000,vanish
1167_DLLNjnCJbTQ,25,2,12,4175,0.0000,vanish
1167_DLLNjnCJbTQ,25,5,107,347,0.0000,vanish
1167_DLLNjnCJbTQ,26,3,12,2961,0.0000,vanish
1167_DLLNjnCJbTQ,26,2,12,4720,0.0000,vanish
1167_DLLNjnCJbTQ,26,5,107,2487,0.0000,vanish
1167_DLLNjnCJbTQ,27,1,1,765,0.0222,vanish
1167_DLLNjnCJbTQ,27,2,12,3913,0.0000,vanish
1167_DLLNjnCJbTQ,27,2,12,5919,0.0000,vanish
1167_DLLNjnCJbTQ,27,5,107,5564,0.0000,vanish
1167_DLLNjnCJbTQ,28,2,1,3187,0.0000,vanish
1167_DLLNjnCJbTQ,28,3,12,3387,0.0000,vanish
1167_DLLNjnCJbTQ,28,2,12,5809,0.0000,vanish
1167_DLLNjnCJbTQ,28,2,12,7202,0.0000,vanish
1167_DLLNjnCJbTQ,28,5,107,9508,0.0000,vanish
1167_DLLNjnCJbTQ,29,2,1,4506,0.0000,vanish
1167_DLLNjnCJbTQ,29,3,12,4902,0.0000,vanish
1167_DLLNjnCJbTQ,29,3,12,7905,0.0000,vanish
1167_DLLNjnCJbTQ,29,2,12,9247,0.0000,vanish
1167_DLLNjnCJbTQ,29,5,107,12434,0.0000,vanish
1167_DLLNjnCJbTQ,30,3,12,5950,0.0000,vanish
1167_DLLNjnCJbTQ,30,3,12,8299,0.0000,vanish
1167_DLLNjnCJbTQ,30,2,12,9827,0.0000,vanish
1167_DLLNjnCJbTQ,31,3,12,1275,0.0000,vanish
1167_DLLNjnCJbTQ,31,3,12,6075,0.0000,vanish
1167_DLLNjnCJbTQ,31,3,12,8952,0.0000,vanish
1167_DLLNjnCJbTQ,31,2,12,10611,0.0000,vanish
1167_DLLNjnCJbTQ,32,1,1,3339,0.0000,vanish
1167_DLLNjnCJbTQ,32,2,12,2444,0.0000,vanish
1167_DLLNjnCJbTQ,32,2,12,6195,0.0000,vanish
1167_DLLNjnCJbTQ,32,2,12,8975,0.0000,vanish
1167_DLLNjnCJbTQ,32,2,12,10607,0.0000,vanish
1167_DLLNjnCJbTQ,33,3,12,4219,0.0000,vanish
1167_DLLNjnCJbTQ,33,3,12,6567,0.0000,vanish
1167_DLLNjnCJbTQ,33,3,12,9445,0.0000,vanish
1167_DLLNjnCJbTQ,33,1,12,4177,0.0000,vanish
1167_DLLNjnCJbTQ,34,3,12,4798,0.0000,vanish
1167_DLLNjnCJbTQ,34,3,12,7078,0.0000,vanish
1167_DLLNjnCJbTQ,34,2,12,10059,0.0000,vanish
1167_DLLNjnCJbTQ,35,5,1,5885,0.2160,shrink
1167_DLLNjnCJbTQ,35,3,12,5220,0.0000,vanish
1167_DLLNjnCJbTQ,35,3,12,7369,0.0000,vanish
1167_DLLNjnCJbTQ,35,2,12,10302,0.0000,vanish
1167_DLLNjnCJbTQ,36,5,1,11558,0.0795,vanish
1167_DLLNjnCJbTQ,36,5,1,43704,0.2422,shrink
1167_DLLNjnCJbTQ,36,3,1,30591,0.2178,shrink
1167_DLLNjnCJbTQ,36,3,12,6351,0.0000,vanish
1167_DLLNjnCJbTQ,36,3,12,8072,0.0000,vanish
1167_DLLNjnCJbTQ,36,2,12,10507,0.0000,vanish
1167_DLLNjnCJbTQ,37,5,1,13562,0.0962,vanish
1167_DLLNjnCJbTQ,37,5,1,43318,0.2230,shrink
1167_DLLNjnCJbTQ,37,3,1,30737,0.1888,shrink
1167_DLLNjnCJbTQ,37,5,1,16282,0.1528,shrink
1167_DLLNjnCJbTQ,37,2,12,6386,0.0000,vanish
1167_DLLNjnCJbTQ,37,2,12,8237,0.0000,vanish
1167_DLLNjnCJbTQ,37,2,12,10507,0.0000,vanish
1167_DLLNjnCJbTQ,38,5,1,14282,0.1021,shrink
1167_DLLNjnCJbTQ,38,5,1,38391,0.2284,shrink
1167_DLLNjnCJbTQ,38,3,1,27160,0.1391,shrink
1167_DLLNjnCJbTQ,38,5,1,5772,0.0502,vanish
1167_DLLNjnCJbTQ,38,2,12,5550,0.0000,vanish
1167_DLLNjnCJbTQ,38,3,12,7532,0.0000,vanish
1167_DLLNjnCJbTQ,38,1,12,10534,0.0000,vanish
1167_DLLNjnCJbTQ,39,5,1,12402,0.1636,shrink
1167_DLLNjnCJbTQ,39,2,1,5355,0.0000,vanish
1167_DLLNjnCJbTQ,39,5,1,18465,0.0082,vanish
1167_DLLNjnCJbTQ,39,2,12,3974,0.0000,vanish
1167_DLLNjnCJbTQ,39,3,12,6233,0.0000,vanish
1167_DLLNjnCJbTQ,39,1,12,1869,0.0000,vanish
1167_DLLNjnCJbTQ,39,5,107,16739,0.0000,vanish
1167_DLLNjnCJbTQ,40,2,1,4228,0.0000,vanish
1167_DLLNjnCJbTQ,40,4,1,14132,0.0000,vanish
1167_DLLNjnCJbTQ,40,3,12,2817,0.0000,vanish
1167_DLLNjnCJbTQ,40,3,12,4926,0.0000,vanish
1167_DLLNjnCJbTQ,40,5,107,456,0.0000,vanish
1167_DLLNjnCJbTQ,40,5,107,13513,0.0138,vanish
1167_DLLNjnCJbTQ,41,2,1,2768,0.1362,shrink
1167_DLLNjnCJbTQ,41,3,1,5854,0.0000,vanish
1167_DLLNjnCJbTQ,41,3,12,1923,0.0000,vanish
1167_DLLNjnCJbTQ,41,4,12,3266,0.0000,vanish
1167_DLLNjnCJbTQ,41,5,107,1294,0.0734,vanish
1167_DLLNjnCJbTQ,41,5,107,10128,0.0000,vanish
1167_DLLNjnCJbTQ,42,3,1,2042,0.1107,shrink
1167_DLLNjnCJbTQ,42,2,1,2488,0.0000,vanish
1167_DLLNjnCJbTQ,42,3,12,1617,0.0000,vanish
1167_DLLNjnCJbTQ,42,3,12,2534,0.0000,vanish
1167_DLLNjnCJbTQ,42,5,107,919,0.0000,vanish
1167_DLLNjnCJbTQ,42,5,107,7139,0.0000,vanish
1167_DLLNjnCJbTQ,43,2,1,1557,0.2357,shrink
1167_DLLNjnCJbTQ,43,1,1,425,0.0000,vanish
1167_DLLNjnCJbTQ,43,3,12,1491,0.0000,vanish
1167_DLLNjnCJbTQ,43,3,12,935,0.0000,vanish
1167_DLLNjnCJbTQ,43,5,107,3243,0.0000,vanish
1167_DLLNjnCJbTQ,43,5,107,3368,0.0000,vanish
1167_DLLNjnCJbTQ,44,5,1,5507,0.2480,shrink
1167_DLLNjnCJbTQ,44,4,12,538,0.0000,vanish
1167_DLLNjnCJbTQ,44,3,12,1473,0.0000,vanish
1167_DLLNjnCJbTQ,44,5,107,4206,0.0000,vanish
1167_DLLNjnCJbTQ,44,4,107,2740,0.0000,vanish
1167_DLLNjnCJbTQ,45,3,12,1294,0.0000,vanish
1167_DLLNjnCJbTQ,45,3,12,1587,0.0000,vanish
1167_DLLNjnCJbTQ,45,2,12,1108,0.0000,vanish
1167_DLLNjnCJbTQ,45,4,107,5048,0.0000,vanish
1167_DLLNjnCJbTQ,45,3,107,2273,0.0000,vanish
1167_DLLNjnCJbTQ,46,5,1,5644,0.0581,vanish
1167_DLLNjnCJbTQ,46,3,12,3081,0.0000,vanish
1167_DLLNjnCJbTQ,46,3,12,1334,0.0000,vanish
1167_DLLNjnCJbTQ,46,1,12,495,0.0000,vanish
1167_DLLNjnCJbTQ,46,4,107,5347,0.0000,vanish
1167_DLLNjnCJbTQ,46,2,107,654,0.0000,vanish
1167_DLLNjnCJbTQ,47,4,1,6433,0.1212,shrink
1167_DLLNjnCJbTQ,47,3,12,4300,0.0000,vanish
1167_DLLNjnCJbTQ,47,2,12,1873,0.0000,vanish
1167_DLLNjnCJbTQ,47,4,107,5692,0.0000,vanish
1167_DLLNjnCJbTQ,47,1,107,648,0.0000,vanish
1167_DLLNjnCJbTQ,48,4,12,4742,0.0000,vanish
1167_DLLNjnCJbTQ,48,2,12,1936,0.0000,vanish
1167_DLLNjnCJbTQ,48,3,107,5651,0.0000,vanish
1167_DLLNjnCJbTQ,49,5,1,6061,0.0564,vanish
1167_DLLNjnCJbTQ,49,3,12,4492,0.0000,vanish
1167_DLLNjnCJbTQ,49,2,12,1656,0.0000,vanish
1167_DLLNjnCJbTQ,49,3,107,5342,0.0000,vanish
1167_DLLNjnCJbTQ,50,5,1,5586,0.0238,vanish
1167_DLLNjnCJbTQ,50,2,12,4387,0.0000,vanish
1167_DLLNjnCJbTQ,50,2,12,1642,0.0000,vanish
1167_DLLNjnCJbTQ,50,2,107,5039,0.0000,vanish
1167_DLLNjnCJbTQ,51,5,1,4849,0.0171,vanish
1167_DLLNjnCJbTQ,51,1,12,4076,0.0000,vanish
1167_DLLNjnCJbTQ,51,2,12,1358,0.0000,vanish
1167_DLLNjnCJbTQ,51,1,67,2545,0.0000,vanish
1167_DLLNjnCJbTQ,51,1,107,4342,0.0000,vanish
1167_DLLNjnCJbTQ,53,3,12,2558,0.0000,vanish
1167_DLLNjnCJbTQ,54,1,1,2243,0.0192,vanish
1167_DLLNjnCJbTQ,54,4,1,4871,0.2423,shrink
1167_DLLNjnCJbTQ,54,2,12,4460,0.0000,vanish
1167_DLLNjnCJbTQ,54,3,12,4085,0.0000,vanish
1167_DLLNjnCJbTQ,54,2,12,870,0.0000,vanish
1167_DLLNjnCJbTQ,54,2,67,2292,0.0000,vanish
1167_DLLNjnCJbTQ,54,4,107,5283,0.0000,vanish
1167_DLLNjnCJbTQ,55,1,1,2096,0.0000,vanish
1167_DLLNjnCJbTQ,55,2,12,5182,0.0000,vanish
1167_DLLNjnCJbTQ,55,3,12,4731,0.0000,vanish
1167_DLLNjnCJbTQ,55,2,12,1484,0.0000,vanish
1167_DLLNjnCJbTQ,55,1,67,2841,0.0000,vanish
1167_DLLNjnCJbTQ,55,4,107,5456,0.0000,vanish
1167_DLLNjnCJbTQ,56,2,12,6205,0.0000,vanish
1167_DLLNjnCJbTQ,56,3,12,5527,0.0000,vanish
1167_DLLNjnCJbTQ,56,2,12,2767,0.0000,vanish
1167_DLLNjnCJbTQ,56,3,107,8349,0.0000,vanish
1167_DLLNjnCJbTQ,57,2,12,6122,0.0000,vanish
1167_DLLNjnCJbTQ,57,2,12,6005,0.0000,vanish
1167_DLLNjnCJbTQ,57,2,12,3458,0.0000,vanish
1167_DLLNjnCJbTQ,57,3,107,8468,0.0000,vanish
1167_DLLNjnCJbTQ,58,2,12,6505,0.0000,vanish
1167_DLLNjnCJbTQ,58,2,12,6540,0.0000,vanish
1167_DLLNjnCJbTQ,58,2,12,4370,0.0000,vanish
1167_DLLNjnCJbTQ,58,3,107,10453,0.0000,vanish
1167_DLLNjnCJbTQ,59,2,1,6723,0.2038,shrink
1167_DLLNjnCJbTQ,59,2,12,7638,0.0000,vanish
1167_DLLNjnCJbTQ,59,2,12,7058,0.0000,vanish
1167_DLLNjnCJbTQ,59,2,12,4796,0.0000,vanish
1167_DLLNjnCJbTQ,60,1,1,4794,0.0000,vanish
1167_DLLNjnCJbTQ,60,2,12,7945,0.0000,vanish
1167_DLLNjnCJbTQ,60,2,12,7362,0.0000,vanish
1167_DLLNjnCJbTQ,60,2,12,5353,0.0000,vanish
1167_DLLNjnCJbTQ,61,2,12,9775,0.0000,vanish
1167_DLLNjnCJbTQ,61,2,12,8465,0.0000,vanish
1167_DLLNjnCJbTQ,61,3,12,8230,0.0000,vanish
1167_DLLNjnCJbTQ,61,2,12,5934,0.0000,vanish
1167_DLLNjnCJbTQ,62,2,12,10042,0.0000,vanish
1167_DLLNjnCJbTQ,62,2,12,8987,0.0000,vanish
1167_DLLNjnCJbTQ,62,2,12,8597,0.0000,vanish
1167_DLLNjnCJbTQ,62,1,12,3746,0.0000,vanish
1167_DLLNjnCJbTQ,63,3,12,10671,0.0000,vanish
1167_DLLNjnCJbTQ,63,3,12,9871,0.0000,vanish
1167_DLLNjnCJbTQ,63,4,12,9768,0.0000,vanish
1167_DLLNjnCJbTQ,64,5,12,11756,0.0000,vanish
1167_DLLNjnCJbTQ,64,4,12,10441,0.0000,vanish
1167_DLLNjnCJbTQ,64,5,12,11074,0.0000,vanish
1167_DLLNjnCJbTQ,65,5,12,13417,0.0000,vanish
1167_DLLNjnCJbTQ,65,4,12,11080,0.0000,vanish
1167_DLLNjnCJbTQ,65,5,12,11084,0.0000,vanish
1167_DLLNjnCJbTQ,66,5,12,14564,0.0000,vanish
1167_DLLNjnCJbTQ,66,4,12,12471,0.0000,vanish
1167_DLLNjnCJbTQ,66,5,12,12602,0.0000,vanish
1167_DLLNjnCJbTQ,67,4,12,15517,0.0000,vanish
1167_DLLNjnCJbTQ,67,4,12,12927,0.0000,vanish
1167_DLLNjnCJbTQ,67,4,12,13047,0.0000,vanish
1167_DLLNjnCJbTQ,68,5,12,15088,0.0000,vanish
1167_DLLNjnCJbTQ,68,4,12,14054,0.0000,vanish
1167_DLLNjnCJbTQ,68,5,12,14422,0.0000,vanish
1167_DLLNjnCJbTQ,69,4,12,15198,0.0000,vanish
1167_DLLNjnCJbTQ,69,4,12,14174,0.0000,vanish
1167_DLLNjnCJbTQ,69,5,12,14714,0.0000,vanish
1167_DLLNjnCJbTQ,70,5,12,15387,0.0000,vanish
1167_DLLNjnCJbTQ,70,5,12,14148,0.0000,vanish
1167_DLLNjnCJbTQ,70,5,12,14773,0.0000,vanish
1167_DLLNjnCJbTQ,71,5,12,15255,0.0000,vanish
1167_DLLNjnCJbTQ,71,5,12,14341,0.0000,vanish
1167_DLLNjnCJbTQ,71,5,12,14830,0.0000,vanish
1167_DLLNjnCJbTQ,72,4,12,15373,0.0000,vanish
1167_DLLNjnCJbTQ,72,4,12,14009,0.0000,vanish
1167_DLLNjnCJbTQ,72,4,12,14696,0.0000,vanish
1167_DLLNjnCJbTQ,73,4,12,15633,0.0000,vanish
1167_DLLNjnCJbTQ,73,4,12,14607,0.0000,vanish
1167_DLLNjnCJbTQ,73,4,12,15025,0.0000,vanish
1167_DLLNjnCJbTQ,74,4,12,15684,0.0000,vanish
1167_DLLNjnCJbTQ,74,3,12,14794,0.0000,vanish
1167_DLLNjnCJbTQ,74,4,12,15095,0.0000,vanish
1167_DLLNjnCJbTQ,75,3,12,15421,0.0000,vanish
1167_DLLNjnCJbTQ,75,3,12,15216,0.0000,vanish
1167_DLLNjnCJbTQ,75,3,12,15565,0.0000,vanish
1167_DLLNjnCJbTQ,75,5,107,7134,0.0000,vanish
1167_DLLNjnCJbTQ,76,4,12,16068,0.0000,vanish
1167_DLLNjnCJbTQ,76,3,12,15775,0.0000,vanish
1167_DLLNjnCJbTQ,76,4,12,16413,0.0000,vanish
1167_DLLNjnCJbTQ,76,4,107,5238,0.0000,vanish
1167_DLLNjnCJbTQ,77,3,12,15967,0.0000,vanish
1167_DLLNjnCJbTQ,77,3,12,15705,0.0000,vanish
1167_DLLNjnCJbTQ,77,3,12,16092,0.0000,vanish
1167_DLLNjnCJbTQ,77,3,107,3184,0.0000,vanish
1167_DLLNjnCJbTQ,78,5,1,73438,0.2361,shrink
1167_DLLNjnCJbTQ,78,2,1,5796,0.1950,shrink
1167_DLLNjnCJbTQ,78,3,12,15585,0.0000,vanish
1167_DLLNjnCJbTQ,78,2,12,15000,0.0069,vanish
1167_DLLNjnCJbTQ,78,3,12,14091,0.0000,vanish
1167_DLLNjnCJbTQ,78,2,107,7395,0.0000,vanish
1167_DLLNjnCJbTQ,79,5,1,71396,0.2119,shrink
1167_DLLNjnCJbTQ,79,1,1,4481,0.2497,shrink
1167_DLLNjnCJbTQ,79,2,12,15682,0.0000,vanish
1167_DLLNjnCJbTQ,79,2,12,14706,0.0000,vanish
1167_DLLNjnCJbTQ,79,2,12,13405,0.0000,vanish
1167_DLLNjnCJbTQ,79,1,107,5659,0.0000,vanish
1167_DLLNjnCJbTQ,80,5,1,68337,0.1997,shrink
1167_DLLNjnCJbTQ,80,2,12,15244,0.0000,vanish
1167_DLLNjnCJbTQ,80,2,12,15209,0.0000,vanish
1167_DLLNjnCJbTQ,80,2,12,8572,0.0000,vanish
1167_DLLNjnCJbTQ,81,5,1,67586,0.1928,shrink
1167_DLLNjnCJbTQ,81,2,12,15956,0.0000,vanish
1167_DLLNjnCJbTQ,81,2,12,15968,0.0000,vanish
1167_DLLNjnCJbTQ,81,1,12,5345,0.0000,vanish
1167_DLLNjnCJbTQ,82,5,1,66054,0.2295,shrink
1167_DLLNjnCJbTQ,82,2,12,16400,0.0000,vanish
1167_DLLNjnCJbTQ,82,2,12,16407,0.0000,vanish
1167_DLLNjnCJbTQ,83,5,1,65519,0.1872,shrink
1167_DLLNjnCJbTQ,83,2,12,16989,0.0000,vanish
1167_DLLNjnCJbTQ,83,2,12,16915,0.0000,vanish
1167_DLLNjnCJbTQ,84,5,1,65359,0.2483,shrink
1167_DLLNjnCJbTQ,84,2,12,16846,0.0000,vanish
1167_DLLNjnCJbTQ,84,2,12,17368,0.0000,vanish
1167_DLLNjnCJbTQ,85,3,12,17495,0.0000,vanish
1167_DLLNjnCJbTQ,85,2,12,18488,0.0000,vanish
1167_DLLNjnCJbTQ,86,2,1,17159,0.0721,vanish
1167_DLLNjnCJbTQ,86,2,12,16958,0.0000,vanish
1167_DLLNjnCJbTQ,86,2,12,19311,0.0000,vanish
1167_DLLNjnCJbTQ,87,5,1,63869,0.2439,shrink
1167_DLLNjnCJbTQ,87,1,1,8264,0.0000,vanish
1167_DLLNjnCJbTQ,87,3,12,17242,0.0000,vanish
1167_DLLNjnCJbTQ,87,2,12,18959,0.0000,vanish
1167_DLLNjnCJbTQ,87,1,107,1011,0.0000,vanish
1167_DLLNjnCJbTQ,88,3,12,15484,0.0000,vanish
1167_DLLNjnCJbTQ,88,2,12,13377,0.0000,vanish
1167_DLLNjnCJbTQ,88,3,115,2534,0.0000,vanish
1167_DLLNjnCJbTQ,89,2,12,14078,0.0000,vanish
1167_DLLNjnCJbTQ,89,1,12,7578,0.0000,vanish
1167_DLLNjnCJbTQ,89,3,115,4436,0.0000,vanish
1167_DLLNjnCJbTQ,90,3,115,7629,0.0000,vanish
1167_DLLNjnCJbTQ,91,2,1,9808,0.0503,vanish
1167_DLLNjnCJbTQ,91,3,12,14096,0.0000,vanish
1167_DLLNjnCJbTQ,91,4,115,7812,0.0000,vanish
1167_DLLNjnCJbTQ,92,5,1,50592,0.2490,shrink
1167_DLLNjnCJbTQ,92,1,1,5750,0.0000,vanish
1167_DLLNjnCJbTQ,92,2,12,13255,0.0000,vanish
1167_DLLNjnCJbTQ,92,3,115,7729,0.0000,vanish
1167_DLLNjnCJbTQ,93,5,1,53459,0.2425,shrink
1167_DLLNjnCJbTQ,93,2,12,9677,0.0000,vanish
1167_DLLNjnCJbTQ,93,3,115,8045,0.0000,vanish
1167_DLLNjnCJbTQ,94,5,1,53957,0.2480,shrink
1167_DLLNjnCJbTQ,94,1,12,4766,0.0000,vanish
1167_DLLNjnCJbTQ,94,2,115,8666,0.0000,vanish
1167_DLLNjnCJbTQ,95,5,1,53213,0.1715,shrink
1167_DLLNjnCJbTQ,95,3,115,9984,0.0000,vanish
1167_DLLNjnCJbTQ,96,5,1,42926,0.0000,vanish
1167_DLLNjnCJbTQ,96,4,115,10428,0.0000,vanish
1167_DLLNjnCJbTQ,97,4,1,37477,0.0000,vanish
1167_DLLNjnCJbTQ,97,3,115,10489,0.0000,vanish
1167_DLLNjnCJbTQ,98,3,1,25637,0.0000,vanish
1167_DLLNjnCJbTQ,98,3,115,11388,0.0000,vanish
1167_DLLNjnCJbTQ,99,2,1,20484,0.0000,vanish
1167_DLLNjnCJbTQ,99,3,115,11948,0.0000,vanish
1167_DLLNjnCJbTQ,100,1,1,9909,0.0000,vanish
1167_DLLNjnCJbTQ,100,3,115,12279,0.0000,vanish
1167_DLLNjnCJbTQ,101,3,115,13022,0.0000,vanish
1167_DLLNjnCJbTQ,102,3,115,13336,0.0000,vanish
1167_DLLNjnCJbTQ,103,3,115,14054,0.0000,vanish
1167_DLLNjnCJbTQ,104,2,115,14021,0.0000,vanish
1167_DLLNjnCJbTQ,106,3,115,14753,0.0000,vanish
1167_DLLNjnCJbTQ,108,3,115,16867,0.0000,vanish
1167_DLLNjnCJbTQ,109,3,115,17632,0.0000,vanish
1167_DLLNjnCJbTQ,110,3,115,18872,0.0000,vanish
1167_DLLNjnCJbTQ,111,4,115,21585,0.0000,vanish
1167_DLLNjnCJbTQ,112,3,115,18310,0.0000,vanish
1167_DLLNjnCJbTQ,113,2,12,11429,0.0000,vanish
1167_DLLNjnCJbTQ,113,3,115,23577,0.0000,vanish
1167_DLLNjnCJbTQ,113,5,115,32888,0.2256,shrink
1167_DLLNjnCJbTQ,114,1,12,11116,0.0000,vanish
1167_DLLNjnCJbTQ,114,3,115,26465,0.0000,vanish
1167_DLLNjnCJbTQ,114,5,115,24463,0.0000,vanish
1167_DLLNjnCJbTQ,115,1,12,11723,0.0000,vanish
1167_DLLNjnCJbTQ,115,3,115,28272,0.0000,vanish
1167_DLLNjnCJbTQ,115,4,115,10084,0.0000,vanish
1167_DLLNjnCJbTQ,116,2,12,12884,0.0000,vanish
1167_DLLNjnCJbTQ,116,3,115,30704,0.0000,vanish
1167_DLLNjnCJbTQ,117,1,12,13216,0.0000,vanish
1167_DLLNjnCJbTQ,117,2,115,24396,0.0000,vanish
1167_DLLNjnCJbTQ,118,1,1,1371,0.0503,vanish
1167_DLLNjnCJbTQ,118,2,12,13181,0.0000,vanish
1167_DLLNjnCJbTQ,118,1,115,7421,0.0000,vanish
1167_DLLNjnCJbTQ,119,1,12,9168,0.0000,vanish
1177_DOHip1C_jMU,0,3,91,1261,0.0000,vanish
1177_DOHip1C_jMU,1,2,91,639,0.0000,vanish
1177_DOHip1C_jMU,2,5,14,607,0.1763,shrink
1177_DOHip1C_jMU,2,1,91,440,0.0000,vanish
1177_DOHip1C_jMU,3,5,14,608,0.1480,shrink
1177_DOHip1C_jMU,4,3,9,438,0.0000,vanish
1177_DOHip1C_jMU,4,5,9,8994,0.1355,shrink
1177_DOHip1C_jMU,4,5,14,521,0.0000,vanish
1177_DOHip1C_jMU,4,5,61,873,0.1340,shrink
1177_DOHip1C_jMU,5,5,9,7781,0.0080,vanish
1177_DOHip1C_jMU,5,4,14,474,0.2342,shrink
1177_DOHip1C_jMU,5,4,14,459,0.0000,vanish
1177_DOHip1C_jMU,5,5,61,938,0.1727,shrink
1177_DOHip1C_jMU,6,3,14,480,0.0000,vanish
1177_DOHip1C_jMU,6,5,61,895,0.2458,shrink
1177_DOHip1C_jMU,6,4,91,706,0.0000,vanish
1177_DOHip1C_jMU,7,5,9,390,0.0385,vanish
1177_DOHip1C_jMU,7,4,91,460,0.0000,vanish
1177_DOHip1C_jMU,8,3,91,682,0.0000,vanish
1177_DOHip1C_jMU,9,5,14,878,0.1310,shrink
1177_DOHip1C_jMU,9,2,91,455,0.0000,vanish
1177_DOHip1C_jMU,10,5,14,973,0.0000,vanish
1177_DOHip1C_jMU,11,4,14,909,0.0000,vanish
1177_DOHip1C_jMU,12,3,14,869,0.0000,vanish
1177_DOHip1C_jMU,13,2,14,915,0.0000,vanish
1177_DOHip1C_jMU,14,5,91,998,0.1303,shrink
1177_DOHip1C_jMU,15,5,91,1204,0.0000,vanish
1177_DOHip1C_jMU,16,4,91,922,0.0000,vanish
1177_DOHip1C_jMU,17,3,91,813,0.0000,vanish
1177_DOHip1C_jMU,18,2,91,737,0.0000,vanish
1177_DOHip1C_jMU,24,2,14,829,0.2485,shrink
1177_DOHip1C_jMU,24,3,91,478,0.0000,vanish
1177_DOHip1C_jMU,25,2,91,332,0.0000,vanish
1177_DOHip1C_jMU,29,5,91,802,0.0000,vanish
1177_DOHip1C_jMU,30,1,14,359,0.0000,vanish
1177_DOHip1C_jMU,30,4,91,1510,0.0000,vanish
1177_DOHip1C_jMU,31,3,91,1198,0.0000,vanish
1177_DOHip1C_jMU,32,2,91,955,0.0000,vanish
1177_DOHip1C_jMU,42,3,9,368,0.0000,vanish
1177_DOHip1C_jMU,43,2,9,506,0.0000,vanish
1177_DOHip1C_jMU,44,1,9,625,0.0000,vanish
1177_DOHip1C_jMU,54,5,104,497,0.0000,vanish
1177_DOHip1C_jMU,55,4,104,440,0.0000,vanish
1177_DOHip1C_jMU,57,2,104,392,0.0000,vanish
1177_DOHip1C_jMU,58,5,104,3055,0.2481,shrink
1177_DOHip1C_jMU,59,5,104,3174,0.1708,shrink
1177_DOHip1C_jMU,63,3,104,1021,0.1802,shrink
1177_DOHip1C_jMU,65,5,104,467,0.2291,shrink
1177_DOHip1C_jMU,74,1,9,8255,0.0000,vanish
1177_DOHip1C_jMU,75,1,14,378,0.0000,vanish
1177_DOHip1C_jMU,75,5,14,965,0.1803,shrink
1177_DOHip1C_jMU,76,5,14,1550,0.0039,vanish
1177_DOHip1C_jMU,77,5,14,1536,0.0000,vanish
1177_DOHip1C_jMU,77,5,91,3644,0.0617,vanish
1177_DOHip1C_jMU,78,4,14,1834,0.0000,vanish
1177_DOHip1C_jMU,78,5,91,3628,0.0000,vanish
1177_DOHip1C_jMU,78,4,104,2650,0.0592,vanish
1177_DOHip1C_jMU,79,4,91,3452,0.0000,vanish
1177_DOHip1C_jMU,79,5,104,2642,0.0326,vanish
1177_DOHip1C_jMU,80,2,14,1061,0.0000,vanish
1177_DOHip1C_jMU,80,4,91,2615,0.0000,vanish
1177_DOHip1C_jMU,81,1,14,665,0.0000,vanish
1177_DOHip1C_jMU,81,3,91,2038,0.0000,vanish
1177_DOHip1C_jMU,81,5,104,678,0.0000,vanish
1177_DOHip1C_jMU,82,3,61,643,0.0000,vanish
1177_DOHip1C_jMU,82,2,91,1022,0.0000,vanish
1177_DOHip1C_jMU,82,4,104,714,0.0112,vanish
1177_DOHip1C_jMU,83,1,91,606,0.0000,vanish
1177_DOHip1C_jMU,84,5,91,1581,0.0835,vanish
1177_DOHip1C_jMU,85,5,9,15064,0.1234,shrink
1177_DOHip1C_jMU,85,5,9,3857,0.0000,vanish
1177_DOHip1C_jMU,85,5,91,1441,0.0257,vanish
1177_DOHip1C_jMU,86,4,9,19208,0.0634,vanish
1177_DOHip1C_jMU,86,5,14,2635,0.1867,shrink
1177_DOHip1C_jMU,86,5,91,1352,0.0118,vanish
1177_DOHip1C_jMU,87,3,9,16388,0.1805,shrink
1177_DOHip1C_jMU,87,3,9,4817,0.0000,vanish
1177_DOHip1C_jMU,87,5,14,1891,0.0264,vanish
1177_DOHip1C_jMU,87,4,91,1320,0.0864,vanish
1177_DOHip1C_jMU,88,5,14,1763,0.0000,vanish
1177_DOHip1C_jMU,89,1,9,7166,0.0000,vanish
1177_DOHip1C_jMU,89,4,14,1215,0.0000,vanish
1177_DOHip1C_jMU,89,4,14,447,0.0000,vanish
1177_DOHip1C_jMU,89,3,104,834,0.0000,vanish
1177_DOHip1C_jMU,90,2,14,654,0.0000,vanish
1177_DOHip1C_jMU,90,3,14,670,0.0000,vanish
1177_DOHip1C_jMU,91,1,104,970,0.0000,vanish
1177_DOHip1C_jMU,92,5,9,15625,0.2033,shrink
1177_DOHip1C_jMU,92,5,9,5925,0.0705,vanish
1177_DOHip1C_jMU,92,5,91,686,0.0875,vanish
1177_DOHip1C_jMU,93,5,9,16135,0.1723,shrink
1177_DOHip1C_jMU,93,5,9,4350,0.0000,vanish
1177_DOHip1C_jMU,93,5,91,692,0.0650,vanish
1177_DOHip1C_jMU,94,5,9,14984,0.1630,shrink
1177_DOHip1C_jMU,94,5,9,8924,0.0000,vanish
1177_DOHip1C_jMU,94,5,91,652,0.0782,vanish
1177_DOHip1C_jMU,95,5,9,27311,0.0918,vanish
1177_DOHip1C_jMU,95,5,91,434,0.0161,vanish
1177_DOHip1C_jMU,96,5,9,27116,0.0812,vanish
1177_DOHip1C_jMU,96,5,91,494,0.0000,vanish
1177_DOHip1C_jMU,97,4,91,540,0.0093,vanish
1177_DOHip1C_jMU,98,4,91,601,0.0965,vanish
1177_DOHip1C_jMU,104,5,91,509,0.1513,shrink
1177_DOHip1C_jMU,105,5,91,537,0.0335,vanish
1177_DOHip1C_jMU,106,5,14,741,0.1619,shrink
1177_DOHip1C_jMU,106,5,91,522,0.1130,shrink
1177_DOHip1C_jMU,107,5,14,720,0.0167,vanish
1177_DOHip1C_jMU,107,5,91,491,0.1446,shrink
1177_DOHip1C_jMU,108,3,1,1111,0.0000,vanish
1177_DOHip1C_jMU,108,5,14,494,0.0000,vanish
1177_DOHip1C_jMU,108,5,91,456,0.2237,shrink
1177_DOHip1C_jMU,109,5,14,1771,0.1824,shrink
1177_DOHip1C_jMU,109,4,14,305,0.0000,vanish
1177_DOHip1C_jMU,110,5,14,1811,0.0000,vanish
1177_DOHip1C_jMU,111,4,14,1682,0.0000,vanish
1177_DOHip1C_jMU,112,3,14,1187,0.0000,vanish
1177_DOHip1C_jMU,113,2,14,1163,0.0000,vanish
1177_DOHip1C_jMU,114,1,14,718,0.0000,vanish
1177_DOHip1C_jMU,118,5,14,1317,0.1382,shrink
1177_DOHip1C_jMU,119,5,14,1225,0.1257,shrink
1177_DOHip1C_jMU,120,5,1,338,0.0000,vanish
1177_DOHip1C_jMU,120,4,14,1002,0.1487,shrink
1177_DOHip1C_jMU,120,1,14,330,0.0000,vanish
1177_DOHip1C_jMU,121,3,14,738,0.2046,shrink
1177_DOHip1C_jMU,127,1,14,576,0.0000,vanish
1177_DOHip1C_jMU,130,5,91,545,0.0000,vanish
1177_DOHip1C_jMU,131,4,91,524,0.0000,vanish
1177_DOHip1C_jMU,132,3,91,529,0.0000,vanish
1177_DOHip1C_jMU,133,2,91,544,0.0000,vanish
1177_DOHip1C_jMU,134,1,91,367,0.0000,vanish
1246_EUEjDJqzdOo,57,5,14,2598,0.2013,shrink
1246_EUEjDJqzdOo,58,4,14,2568,0.2095,shrink
1246_EUEjDJqzdOo,59,3,14,2651,0.2003,shrink
1246_EUEjDJqzdOo,60,2,14,2453,0.1993,shrink
1246_EUEjDJqzdOo,66,4,97,588,0.0000,vanish
1246_EUEjDJqzdOo,67,3,97,357,0.0000,vanish
1246_EUEjDJqzdOo,68,2,97,310,0.0000,vanish
1250_9iF3KyCKf3Y,12,1,101,1994,0.0000,vanish
1250_9iF3KyCKf3Y,16,5,61,8234,0.1913,shrink
1250_9iF3KyCKf3Y,17,4,61,9413,0.1674,shrink
1250_9iF3KyCKf3Y,18,5,61,6611,0.0000,vanish
1250_9iF3KyCKf3Y,19,4,61,4055,0.0000,vanish
1250_9iF3KyCKf3Y,20,3,61,2242,0.0000,vanish
1250_9iF3KyCKf3Y,20,3,101,4035,0.0000,vanish
1250_9iF3KyCKf3Y,21,2,61,1577,0.0000,vanish
1250_9iF3KyCKf3Y,21,2,101,2474,0.0000,vanish
1250_9iF3KyCKf3Y,22,1,61,3791,0.0000,vanish
516_5bqIhLCjTzE,0,5,16,4305,0.1828,shrink
516_5bqIhLCjTzE,3,5,16,4963,0.2079,shrink
516_5bqIhLCjTzE,4,5,16,4716,0.0006,vanish
516_5bqIhLCjTzE,5,4,16,4330,0.0002,vanish
516_5bqIhLCjTzE,6,3,16,3373,0.0000,vanish
516_5bqIhLCjTzE,7,2,16,2287,0.0000,vanish
516_5bqIhLCjTzE,8,5,16,1307,0.1852,shrink
516_5bqIhLCjTzE,8,1,16,522,0.0000,vanish
516_5bqIhLCjTzE,9,5,16,1309,0.0000,vanish
516_5bqIhLCjTzE,10,4,16,686,0.0000,vanish
516_5bqIhLCjTzE,11,3,16,612,0.0000,vanish
516_5bqIhLCjTzE,12,2,16,524,0.0000,vanish
516_5bqIhLCjTzE,19,5,16,1093,0.1217,shrink
516_5bqIhLCjTzE,20,5,16,1195,0.0000,vanish
516_5bqIhLCjTzE,21,5,16,3221,0.0373,vanish
516_5bqIhLCjTzE,21,4,16,1197,0.0000,vanish
516_5bqIhLCjTzE,22,3,16,1033,0.0000,vanish
516_5bqIhLCjTzE,23,2,16,421,0.0000,vanish
516_5bqIhLCjTzE,24,5,16,5204,0.2354,shrink
516_5bqIhLCjTzE,25,5,16,4352,0.1992,shrink
516_5bqIhLCjTzE,26,5,16,3045,0.0000,vanish
516_5bqIhLCjTzE,26,5,16,496,0.0000,vanish
516_5bqIhLCjTzE,27,4,16,2669,0.0000,vanish
516_5bqIhLCjTzE,27,4,16,368,0.0000,vanish
516_5bqIhLCjTzE,28,3,16,2139,0.0000,vanish
516_5bqIhLCjTzE,29,2,16,1443,0.0000,vanish
516_5bqIhLCjTzE,30,1,16,974,0.0000,vanish
516_5bqIhLCjTzE,30,5,16,394,0.0000,vanish
516_5bqIhLCjTzE,30,1,18,711,0.0000,vanish
516_5bqIhLCjTzE,31,5,16,1141,0.0911,vanish
516_5bqIhLCjTzE,32,5,16,1021,0.0744,vanish
516_5bqIhLCjTzE,33,4,16,885,0.0859,vanish
516_5bqIhLCjTzE,34,5,16,5841,0.2392,shrink
516_5bqIhLCjTzE,34,5,16,667,0.0615,vanish
516_5bqIhLCjTzE,35,5,16,4175,0.1257,shrink
516_5bqIhLCjTzE,35,5,16,2122,0.0900,vanish
516_5bqIhLCjTzE,35,5,16,392,0.0000,vanish
516_5bqIhLCjTzE,36,5,8,1326,0.0166,vanish
516_5bqIhLCjTzE,36,5,16,2916,0.2239,shrink
516_5bqIhLCjTzE,36,5,16,3323,0.0030,vanish
516_5bqIhLCjTzE,36,5,16,2787,0.2479,shrink
516_5bqIhLCjTzE,36,4,16,1707,0.1101,shrink
516_5bqIhLCjTzE,37,5,8,1167,0.0017,vanish
516_5bqIhLCjTzE,37,5,16,2655,0.0561,vanish
516_5bqIhLCjTzE,37,5,16,2811,0.1469,shrink
516_5bqIhLCjTzE,37,5,16,2918,0.1696,shrink
516_5bqIhLCjTzE,37,5,16,2504,0.0000,vanish
516_5bqIhLCjTzE,37,5,16,4034,0.2318,shrink
516_5bqIhLCjTzE,37,5,16,2105,0.1249,shrink
516_5bqIhLCjTzE,37,5,16,1239,0.0000,vanish
516_5bqIhLCjTzE,37,5,16,6244,0.1959,shrink
516_5bqIhLCjTzE,38,4,8,838,0.0024,vanish
516_5bqIhLCjTzE,38,5,16,2485,0.0000,vanish
516_5bqIhLCjTzE,38,5,16,2762,0.1445,shrink
516_5bqIhLCjTzE,38,5,16,2956,0.0890,vanish
516_5bqIhLCjTzE,38,4,16,2029,0.0000,vanish
516_5bqIhLCjTzE,38,5,16,4172,0.1685,shrink
516_5bqIhLCjTzE,38,4,16,2605,0.1025,shrink
516_5bqIhLCjTzE,38,4,16,1310,0.0000,vanish
516_5bqIhLCjTzE,38,5,16,1239,0.0589,vanish
516_5bqIhLCjTzE,38,5,16,6022,0.0608,vanish
516_5bqIhLCjTzE,39,3,8,692,0.0029,vanish
516_5bqIhLCjTzE,39,5,16,19645,0.2047,shrink
516_5bqIhLCjTzE,39,4,16,2155,0.0000,vanish
516_5bqIhLCjTzE,39,4,16,2544,0.1513,shrink
516_5bqIhLCjTzE,39,4,16,2518,0.1048,shrink
516_5bqIhLCjTzE,39,3,16,1397,0.0000,vanish
516_5bqIhLCjTzE,39,4,16,3884,0.1954,shrink
516_5bqIhLCjTzE,39,5,16,2477,0.0210,vanish
516_5bqIhLCjTzE,39,3,16,982,0.0000,vanish
516_5bqIhLCjTzE,39,5,16,1105,0.0471,vanish
516_5bqIhLCjTzE,39,5,16,5554,0.0038,vanish
516_5bqIhLCjTzE,40,2,8,405,0.0049,vanish
516_5bqIhLCjTzE,40,4,16,17869,0.2250,shrink
516_5bqIhLCjTzE,40,3,16,1329,0.0000,vanish
516_5bqIhLCjTzE,40,3,16,1748,0.2346,shrink
516_5bqIhLCjTzE,40,3,16,1951,0.1430,shrink
516_5bqIhLCjTzE,40,2,16,525,0.0000,vanish
516_5bqIhLCjTzE,40,3,16,3323,0.2392,shrink
516_5bqIhLCjTzE,40,4,16,1913,0.0308,vanish
516_5bqIhLCjTzE,40,4,16,590,0.0831,vanish
516_5bqIhLCjTzE,40,5,16,5425,0.0000,vanish
516_5bqIhLCjTzE,41,2,16,653,0.0000,vanish
516_5bqIhLCjTzE,41,2,16,1281,0.2201,shrink
516_5bqIhLCjTzE,41,3,16,830,0.0819,vanish
516_5bqIhLCjTzE,41,4,16,4843,0.0545,vanish
516_5bqIhLCjTzE,42,2,16,639,0.0548,vanish
516_5bqIhLCjTzE,42,3,16,4536,0.2019,shrink
516_5bqIhLCjTzE,43,1,16,414,0.1932,shrink
1288_096pDTWOkyU,32,5,23,2090,0.0565,vanish
1288_096pDTWOkyU,33,5,23,2090,0.0105,vanish
1288_096pDTWOkyU,34,4,23,1533,0.0000,vanish
1288_096pDTWOkyU,35,3,23,1313,0.0046,vanish
1288_096pDTWOkyU,36,2,23,661,0.0000,vanish
290_Z_kqp5Yt6HI,0,1,29,2082,0.0000,vanish
290_Z_kqp5Yt6HI,4,3,67,36034,0.0000,vanish
290_Z_kqp5Yt6HI,5,1,29,42177,0.0664,vanish
290_Z_kqp5Yt6HI,9,5,16,92743,0.0548,vanish
290_Z_kqp5Yt6HI,9,4,29,461,0.0000,vanish
290_Z_kqp5Yt6HI,10,5,16,78464,0.0461,vanish
290_Z_kqp5Yt6HI,10,4,16,792,0.0000,vanish
290_Z_kqp5Yt6HI,10,5,29,4788,0.0175,vanish
290_Z_kqp5Yt6HI,10,5,67,2280,0.1434,shrink
290_Z_kqp5Yt6HI,11,3,16,978,0.0000,vanish
290_Z_kqp5Yt6HI,11,1,22,419,0.0000,vanish
290_Z_kqp5Yt6HI,11,4,22,349,0.0000,vanish
290_Z_kqp5Yt6HI,11,5,67,31643,0.1058,shrink
290_Z_kqp5Yt6HI,12,5,16,29134,0.0523,vanish
290_Z_kqp5Yt6HI,12,5,67,73468,0.2111,shrink
290_Z_kqp5Yt6HI,13,5,16,20870,0.0000,vanish
290_Z_kqp5Yt6HI,13,5,80,24627,0.0000,vanish
290_Z_kqp5Yt6HI,14,4,16,19002,0.0000,vanish
290_Z_kqp5Yt6HI,14,3,16,5071,0.0000,vanish
290_Z_kqp5Yt6HI,14,5,22,13751,0.1498,shrink
290_Z_kqp5Yt6HI,14,4,61,11205,0.1390,shrink
290_Z_kqp5Yt6HI,14,5,67,68124,0.1922,shrink
290_Z_kqp5Yt6HI,14,4,80,15153,0.0000,vanish
290_Z_kqp5Yt6HI,15,3,16,18871,0.0000,vanish
290_Z_kqp5Yt6HI,15,5,22,14131,0.0277,vanish
290_Z_kqp5Yt6HI,15,5,67,66802,0.0908,vanish
290_Z_kqp5Yt6HI,15,5,67,42303,0.1088,shrink
290_Z_kqp5Yt6HI,15,3,80,10570,0.0000,vanish
290_Z_kqp5Yt6HI,16,2,16,13387,0.0000,vanish
290_Z_kqp5Yt6HI,16,5,22,14992,0.0000,vanish
290_Z_kqp5Yt6HI,16,5,61,1682,0.0000,vanish
290_Z_kqp5Yt6HI,16,5,67,65580,0.0686,vanish
290_Z_kqp5Yt6HI,16,5,67,55783,0.0041,vanish
290_Z_kqp5Yt6HI,16,2,80,7683,0.0000,vanish
290_Z_kqp5Yt6HI,17,1,16,3576,0.0000,vanish
290_Z_kqp5Yt6HI,17,4,22,15165,0.0000,vanish
290_Z_kqp5Yt6HI,17,4,61,2174,0.0000,vanish
290_Z_kqp5Yt6HI,17,5,67,65537,0.0767,vanish
290_Z_kqp5Yt6HI,17,5,67,82522,0.0805,vanish
290_Z_kqp5Yt6HI,17,1,80,1564,0.0000,vanish
290_Z_kqp5Yt6HI,18,4,22,14355,0.0023,vanish
290_Z_kqp5Yt6HI,18,4,29,1622,0.0000,vanish
290_Z_kqp5Yt6HI,18,3,61,1435,0.0000,vanish
290_Z_kqp5Yt6HI,18,3,61,2767,0.1265,shrink
290_Z_kqp5Yt6HI,18,3,67,64834,0.0818,vanish
290_Z_kqp5Yt6HI,18,4,67,92518,0.0810,vanish
290_Z_kqp5Yt6HI,19,1,16,4928,0.0000,vanish
290_Z_kqp5Yt6HI,19,4,16,40309,0.0000,vanish
290_Z_kqp5Yt6HI,19,2,67,59802,0.2116,shrink
290_Z_kqp5Yt6HI,19,3,67,56992,0.1315,shrink
290_Z_kqp5Yt6HI,20,5,16,33454,0.0000,vanish
290_Z_kqp5Yt6HI,21,4,16,8922,0.0000,vanish
290_Z_kqp5Yt6HI,22,3,16,5877,0.0000,vanish
290_Z_kqp5Yt6HI,23,2,16,6848,0.0000,vanish
290_Z_kqp5Yt6HI,24,2,16,9535,0.0000,vanish
290_Z_kqp5Yt6HI,27,2,0,2002,0.0000,vanish
290_Z_kqp5Yt6HI,28,1,0,353,0.0000,vanish
290_Z_kqp5Yt6HI,31,5,16,13163,0.0000,vanish
290_Z_kqp5Yt6HI,31,3,67,10956,0.0000,vanish
290_Z_kqp5Yt6HI,32,3,16,6254,0.0000,vanish
290_Z_kqp5Yt6HI,32,4,16,552,0.0000,vanish
290_Z_kqp5Yt6HI,32,5,16,20481,0.0412,vanish
290_Z_kqp5Yt6HI,32,2,29,7794,0.0000,vanish
290_Z_kqp5Yt6HI,32,2,67,8479,0.0000,vanish
290_Z_kqp5Yt6HI,33,2,16,9627,0.0000,vanish
290_Z_kqp5Yt6HI,33,1,16,1256,0.0000,vanish
290_Z_kqp5Yt6HI,33,2,16,1768,0.0000,vanish
290_Z_kqp5Yt6HI,33,3,16,410,0.0000,vanish
290_Z_kqp5Yt6HI,33,5,16,19866,0.0000,vanish
290_Z_kqp5Yt6HI,33,1,29,728,0.0000,vanish
290_Z_kqp5Yt6HI,33,2,67,3675,0.0000,vanish
290_Z_kqp5Yt6HI,34,2,16,6066,0.0000,vanish
290_Z_kqp5Yt6HI,34,4,16,15694,0.0000,vanish
290_Z_kqp5Yt6HI,34,2,67,2393,0.0000,vanish
290_Z_kqp5Yt6HI,35,1,16,2721,0.0000,vanish
290_Z_kqp5Yt6HI,35,3,16,15265,0.0000,vanish
290_Z_kqp5Yt6HI,35,5,61,175159,0.1994,shrink
290_Z_kqp5Yt6HI,35,2,67,1066,0.0000,vanish
290_Z_kqp5Yt6HI,36,2,16,8520,0.0000,vanish
290_Z_kqp5Yt6HI,36,5,29,69261,0.2444,shrink
290_Z_kqp5Yt6HI,36,5,61,145022,0.1862,shrink
290_Z_kqp5Yt6HI,36,1,67,431,0.0000,vanish
290_Z_kqp5Yt6HI,37,5,29,60786,0.1972,shrink
290_Z_kqp5Yt6HI,37,5,61,103686,0.1912,shrink
290_Z_kqp5Yt6HI,37,1,61,9709,0.0000,vanish
290_Z_kqp5Yt6HI,38,5,16,160846,0.0815,vanish
290_Z_kqp5Yt6HI,38,5,29,41095,0.1681,shrink
290_Z_kqp5Yt6HI,38,5,61,72073,0.0749,vanish
290_Z_kqp5Yt6HI,38,1,67,1021,0.0000,vanish
290_Z_kqp5Yt6HI,39,1,16,2713,0.0000,vanish
290_Z_kqp5Yt6HI,39,1,16,7152,0.0000,vanish
290_Z_kqp5Yt6HI,39,5,16,114084,0.0000,vanish
290_Z_kqp5Yt6HI,39,4,29,32636,0.2217,shrink
290_Z_kqp5Yt6HI,39,5,61,52940,0.0000,vanish
290_Z_kqp5Yt6HI,39,2,67,1078,0.0000,vanish
290_Z_kqp5Yt6HI,40,4,16,107593,0.0000,vanish
290_Z_kqp5Yt6HI,40,2,16,77212,0.0008,vanish
290_Z_kqp5Yt6HI,40,3,29,30751,0.2322,shrink
290_Z_kqp5Yt6HI,40,4,61,38518,0.0000,vanish
290_Z_kqp5Yt6HI,40,1,67,676,0.0000,vanish
290_Z_kqp5Yt6HI,41,3,16,24603,0.0000,vanish
290_Z_kqp5Yt6HI,41,3,16,74514,0.0000,vanish
290_Z_kqp5Yt6HI,41,1,16,347,0.0000,vanish
290_Z_kqp5Yt6HI,41,1,16,555,0.0000,vanish
290_Z_kqp5Yt6HI,41,3,61,29061,0.0000,vanish
290_Z_kqp5Yt6HI,42,2,16,25441,0.0000,vanish
290_Z_kqp5Yt6HI,42,2,16,51134,0.0000,vanish
290_Z_kqp5Yt6HI,42,2,61,20665,0.0000,vanish
290_Z_kqp5Yt6HI,43,1,16,47438,0.0000,vanish
290_Z_kqp5Yt6HI,43,1,16,13131,0.0000,vanish
290_Z_kqp5Yt6HI,43,1,61,5426,0.0000,vanish
1124_8CEZJAvNQdM,4,3,23,6941,0.0000,vanish
1124_8CEZJAvNQdM,5,5,20,363,0.0193,vanish
1124_8CEZJAvNQdM,5,2,23,5476,0.0000,vanish
1124_8CEZJAvNQdM,6,5,20,646,0.0000,vanish
1124_8CEZJAvNQdM,6,1,23,4014,0.0000,vanish
1124_8CEZJAvNQdM,6,4,29,1198,0.0000,vanish
1124_8CEZJAvNQdM,7,5,20,1739,0.2018,shrink
1124_8CEZJAvNQdM,8,5,20,2745,0.1709,shrink
1124_8CEZJAvNQdM,9,5,20,3289,0.2268,shrink
1124_8CEZJAvNQdM,10,3,41,3118,0.0000,vanish
1124_8CEZJAvNQdM,11,2,41,7881,0.0000,vanish
1124_8CEZJAvNQdM,17,2,67,1202,0.0000,vanish
1124_8CEZJAvNQdM,18,1,67,745,0.0000,vanish
1124_8CEZJAvNQdM,19,3,61,2054,0.0000,vanish
1124_8CEZJAvNQdM,19,2,67,5953,0.0000,vanish
1124_8CEZJAvNQdM,20,2,61,4695,0.0000,vanish
1124_8CEZJAvNQdM,20,1,67,2060,0.0000,vanish
1124_8CEZJAvNQdM,23,2,29,821,0.0000,vanish
1124_8CEZJAvNQdM,24,1,29,309,0.0000,vanish
1124_8CEZJAvNQdM,28,2,29,2947,0.0112,vanish
1124_8CEZJAvNQdM,29,1,29,712,0.0000,vanish
1124_8CEZJAvNQdM,30,1,19,1278,0.0000,vanish
1124_8CEZJAvNQdM,36,5,69,35483,0.1685,shrink
1124_8CEZJAvNQdM,37,4,13,13024,0.0000,vanish
1124_8CEZJAvNQdM,37,4,67,13269,0.0000,vanish
1124_8CEZJAvNQdM,37,5,69,27655,0.1616,shrink
1124_8CEZJAvNQdM,38,3,13,11524,0.0000,vanish
1124_8CEZJAvNQdM,38,3,67,9489,0.0000,vanish
1124_8CEZJAvNQdM,38,5,69,22382,0.0469,vanish
1124_8CEZJAvNQdM,39,1,13,12130,0.0000,vanish
1124_8CEZJAvNQdM,39,2,67,8002,0.0000,vanish
1124_8CEZJAvNQdM,39,5,69,20075,0.0000,vanish
1124_8CEZJAvNQdM,40,2,13,5043,0.0000,vanish
1124_8CEZJAvNQdM,40,2,49,1844,0.0000,vanish
1124_8CEZJAvNQdM,40,1,67,2820,0.0000,vanish
1124_8CEZJAvNQdM,40,4,69,10882,0.0000,vanish
1124_8CEZJAvNQdM,41,1,0,335,0.0000,vanish
1124_8CEZJAvNQdM,41,3,69,6167,0.0000,vanish
1124_8CEZJAvNQdM,42,1,49,1381,0.0000,vanish
1124_8CEZJAvNQdM,42,2,69,4829,0.0000,vanish
1124_8CEZJAvNQdM,43,1,69,1090,0.0000,vanish
1984_Km3UEW34R_Q,0,5,23,49149,0.1016,shrink
1984_Km3UEW34R_Q,0,5,31,24374,0.0035,vanish
1984_Km3UEW34R_Q,1,5,23,49103,0.0707,vanish
1984_Km3UEW34R_Q,1,4,31,22781,0.0037,vanish
1984_Km3UEW34R_Q,1,4,61,2520,0.0000,vanish
1984_Km3UEW34R_Q,2,5,23,50349,0.0488,vanish
1984_Km3UEW34R_Q,2,3,31,19168,0.0044,vanish
1984_Km3UEW34R_Q,3,5,23,53221,0.0970,vanish
1984_Km3UEW34R_Q,3,2,31,12580,0.0068,vanish
1984_Km3UEW34R_Q,4,1,0,494,0.0000,vanish
1984_Km3UEW34R_Q,4,3,23,54070,0.2112,shrink
1984_Km3UEW34R_Q,4,1,31,7211,0.0000,vanish
1984_Km3UEW34R_Q,4,1,99,363,0.0000,vanish
1984_Km3UEW34R_Q,5,1,0,349,0.0000,vanish
1984_Km3UEW34R_Q,7,1,0,343,0.0000,vanish
1984_Km3UEW34R_Q,8,1,0,317,0.0000,vanish
1984_Km3UEW34R_Q,8,5,0,37831,0.1750,shrink
1984_Km3UEW34R_Q,8,5,31,1226,0.0000,vanish
1984_Km3UEW34R_Q,8,5,61,146346,0.1738,shrink
1984_Km3UEW34R_Q,9,2,0,689,0.0000,vanish
1984_Km3UEW34R_Q,9,5,0,33778,0.0000,vanish
1984_Km3UEW34R_Q,9,5,15,19757,0.2315,shrink
1984_Km3UEW34R_Q,9,4,31,1246,0.0000,vanish
1984_Km3UEW34R_Q,9,5,61,148685,0.1360,shrink
1984_Km3UEW34R_Q,10,3,0,7198,0.0000,vanish
1984_Km3UEW34R_Q,10,4,0,32561,0.0000,vanish
1984_Km3UEW34R_Q,10,5,13,20315,0.2295,shrink
1984_Km3UEW34R_Q,10,5,15,18457,0.0694,vanish
1984_Km3UEW34R_Q,10,3,31,1281,0.0000,vanish
1984_Km3UEW34R_Q,10,5,61,149373,0.0517,vanish
1984_Km3UEW34R_Q,11,4,0,38956,0.0000,vanish
1984_Km3UEW34R_Q,11,3,0,22074,0.0000,vanish
1984_Km3UEW34R_Q,11,4,13,21013,0.2406,shrink
1984_Km3UEW34R_Q,11,5,15,17952,0.0289,vanish
1984_Km3UEW34R_Q,11,5,61,102162,0.0371,vanish
1984_Km3UEW34R_Q,12,3,0,49712,0.0000,vanish
1984_Km3UEW34R_Q,12,2,0,12852,0.0000,vanish
1984_Km3UEW34R_Q,12,5,15,18567,0.0000,vanish
1984_Km3UEW34R_Q,12,5,61,69416,0.0000,vanish
1984_Km3UEW34R_Q,12,2,61,3603,0.0000,vanish
1984_Km3UEW34R_Q,12,1,99,1837,0.0000,vanish
1984_Km3UEW34R_Q,13,2,0,12590,0.0000,vanish
1984_Km3UEW34R_Q,13,1,0,6053,0.0000,vanish
1984_Km3UEW34R_Q,13,3,15,20728,0.0408,vanish
1984_Km3UEW34R_Q,13,4,15,16701,0.0000,vanish
1984_Km3UEW34R_Q,13,4,61,77390,0.0000,vanish
1984_Km3UEW34R_Q,14,1,0,2305,0.0000,vanish
1984_Km3UEW34R_Q,14,1,0,542,0.0000,vanish
1984_Km3UEW34R_Q,14,3,15,12390,0.0000,vanish
1984_Km3UEW34R_Q,14,3,15,1647,0.0364,vanish
1984_Km3UEW34R_Q,14,3,61,47934,0.0000,vanish
1984_Km3UEW34R_Q,15,3,15,10993,0.0016,vanish
1984_Km3UEW34R_Q,15,2,15,7428,0.0000,vanish
1984_Km3UEW34R_Q,15,2,61,22780,0.0000,vanish
1984_Km3UEW34R_Q,16,3,15,5438,0.0006,vanish
1984_Km3UEW34R_Q,16,1,15,1271,0.0000,vanish
1984_Km3UEW34R_Q,16,1,61,6466,0.0000,vanish
1984_Km3UEW34R_Q,17,5,13,26578,0.0000,vanish
1984_Km3UEW34R_Q,17,5,15,7333,0.0000,vanish
1984_Km3UEW34R_Q,18,4,13,27288,0.0000,vanish
1984_Km3UEW34R_Q,18,5,15,123583,0.1960,shrink
1984_Km3UEW34R_Q,18,5,15,12122,0.0787,vanish
1984_Km3UEW34R_Q,19,3,13,27357,0.0000,vanish
1984_Km3UEW34R_Q,19,5,15,123945,0.0641,vanish
1984_Km3UEW34R_Q,20,2,13,27784,0.0000,vanish
1984_Km3UEW34R_Q,20,5,15,124170,0.0375,vanish
1984_Km3UEW34R_Q,21,1,13,28441,0.0000,vanish
1984_Km3UEW34R_Q,21,4,15,126076,0.0438,vanish
1984_Km3UEW34R_Q,21,1,15,1235,0.0000,vanish
1984_Km3UEW34R_Q,22,1,13,31501,0.0000,vanish
1984_Km3UEW34R_Q,22,3,15,127698,0.2456,shrink
1984_Km3UEW34R_Q,22,4,15,31495,0.0000,vanish
1984_Km3UEW34R_Q,23,4,13,31359,0.0024,vanish
1984_Km3UEW34R_Q,23,3,15,26028,0.0000,vanish
1984_Km3UEW34R_Q,24,2,13,31943,0.0000,vanish
1984_Km3UEW34R_Q,24,2,15,19841,0.0000,vanish
1984_Km3UEW34R_Q,25,1,13,30042,0.0000,vanish
1984_Km3UEW34R_Q,25,2,15,15046,0.0000,vanish
1984_Km3UEW34R_Q,25,1,31,666,0.0000,vanish
1984_Km3UEW34R_Q,26,5,13,27920,0.1822,shrink
1984_Km3UEW34R_Q,26,5,23,252172,0.1987,shrink
1984_Km3UEW34R_Q,27,5,13,26124,0.1821,shrink
1984_Km3UEW34R_Q,27,4,23,225467,0.1938,shrink
1984_Km3UEW34R_Q,28,5,13,24528,0.0000,vanish
1984_Km3UEW34R_Q,28,2,13,2486,0.0000,vanish
1984_Km3UEW34R_Q,28,5,15,62429,0.0456,vanish
1984_Km3UEW34R_Q,28,5,15,130615,0.2300,shrink
1984_Km3UEW34R_Q,28,4,23,210735,0.1661,shrink
1984_Km3UEW34R_Q,28,5,61,430479,0.2420,shrink
1984_Km3UEW34R_Q,29,4,13,21501,0.0000,vanish
1984_Km3UEW34R_Q,29,2,13,2567,0.0000,vanish
1984_Km3UEW34R_Q,29,4,15,49594,0.0064,vanish
1984_Km3UEW34R_Q,29,4,15,108672,0.1623,shrink
1984_Km3UEW34R_Q,29,3,23,166547,0.0852,vanish
1984_Km3UEW34R_Q,30,3,13,15513,0.0000,vanish
1984_Km3UEW34R_Q,30,2,13,2072,0.0000,vanish
1984_Km3UEW34R_Q,30,3,15,27404,0.0000,vanish
1984_Km3UEW34R_Q,30,3,15,88099,0.0000,vanish
1984_Km3UEW34R_Q,30,2,23,102424,0.0555,vanish
1984_Km3UEW34R_Q,31,2,13,12456,0.0000,vanish
1984_Km3UEW34R_Q,31,3,13,2255,0.0000,vanish
1984_Km3UEW34R_Q,31,2,15,13774,0.0000,vanish
1984_Km3UEW34R_Q,31,2,15,61188,0.0000,vanish
1984_Km3UEW34R_Q,31,1,23,31802,0.0038,vanish
1984_Km3UEW34R_Q,32,1,13,7080,0.0000,vanish
1984_Km3UEW34R_Q,32,2,13,2222,0.0000,vanish
1984_Km3UEW34R_Q,32,1,15,15866,0.0000,vanish
1984_Km3UEW34R_Q,32,1,15,2380,0.0000,vanish
1984_Km3UEW34R_Q,32,1,15,29208,0.0000,vanish
1984_Km3UEW34R_Q,32,1,23,5777,0.0000,vanish
1984_Km3UEW34R_Q,32,5,61,502882,0.2360,shrink
1984_Km3UEW34R_Q,32,1,69,14799,0.0000,vanish
1984_Km3UEW34R_Q,32,1,112,10340,0.0000,vanish
1984_Km3UEW34R_Q,33,1,13,2014,0.0000,vanish
1984_Km3UEW34R_Q,33,5,61,465772,0.1902,shrink
1984_Km3UEW34R_Q,34,4,61,248450,0.0000,vanish
1984_Km3UEW34R_Q,35,3,61,158830,0.0000,vanish
1984_Km3UEW34R_Q,36,2,61,74792,0.0000,vanish
1984_Km3UEW34R_Q,37,1,61,3206,0.0000,vanish
1984_Km3UEW34R_Q,43,1,93,3513,0.1904,shrink
57_KNL0XbET_tY,2,5,91,485,0.1423,shrink
57_KNL0XbET_tY,3,5,91,421,0.0285,vanish
57_KNL0XbET_tY,4,4,91,516,0.0233,vanish
57_KNL0XbET_tY,5,5,91,507,0.0138,vanish
57_KNL0XbET_tY,15,1,91,347,0.0000,vanish
57_KNL0XbET_tY,17,5,91,624,0.2292,shrink
57_KNL0XbET_tY,18,5,91,546,0.1374,shrink
57_KNL0XbET_tY,18,5,91,610,0.0459,vanish
57_KNL0XbET_tY,19,5,91,1028,0.0856,vanish
57_KNL0XbET_tY,19,5,91,578,0.0000,vanish
57_KNL0XbET_tY,19,5,91,566,0.0000,vanish
57_KNL0XbET_tY,20,4,91,926,0.0950,vanish
57_KNL0XbET_tY,20,4,91,522,0.0000,vanish
57_KNL0XbET_tY,20,4,91,510,0.0000,vanish
57_KNL0XbET_tY,21,5,91,911,0.0000,vanish
57_KNL0XbET_tY,21,3,91,494,0.0000,vanish
57_KNL0XbET_tY,21,3,91,462,0.0000,vanish
57_KNL0XbET_tY,22,4,91,790,0.0000,vanish
57_KNL0XbET_tY,23,3,91,787,0.0000,vanish
57_KNL0XbET_tY,30,2,91,706,0.0000,vanish
57_KNL0XbET_tY,30,1,91,476,0.0000,vanish
57_KNL0XbET_tY,30,1,91,479,0.0000,vanish
260_3lutQbIrdO8,0,5,19,2030,0.0000,vanish
260_3lutQbIrdO8,1,4,19,1436,0.0021,vanish
260_3lutQbIrdO8,1,5,49,5996,0.0801,vanish
260_3lutQbIrdO8,2,4,19,1235,0.1077,shrink
260_3lutQbIrdO8,2,5,49,5305,0.0613,vanish
260_3lutQbIrdO8,2,3,67,710,0.1944,shrink
260_3lutQbIrdO8,3,4,19,795,0.0289,vanish
260_3lutQbIrdO8,3,5,49,4614,0.0000,vanish
260_3lutQbIrdO8,4,4,19,377,0.0000,vanish
260_3lutQbIrdO8,4,4,49,3332,0.0000,vanish
260_3lutQbIrdO8,4,2,67,715,0.2350,shrink
260_3lutQbIrdO8,4,3,67,919,0.0805,vanish
260_3lutQbIrdO8,5,3,49,2626,0.0000,vanish
260_3lutQbIrdO8,5,2,67,686,0.1676,shrink
260_3lutQbIrdO8,5,3,67,852,0.0833,vanish
260_3lutQbIrdO8,6,5,16,15440,0.2436,shrink
260_3lutQbIrdO8,6,2,49,1022,0.0000,vanish
260_3lutQbIrdO8,6,5,67,622,0.0000,vanish
260_3lutQbIrdO8,6,4,67,787,0.0140,vanish
260_3lutQbIrdO8,7,5,16,14730,0.0000,vanish
260_3lutQbIrdO8,7,1,49,529,0.0000,vanish
260_3lutQbIrdO8,7,4,67,545,0.0000,vanish
260_3lutQbIrdO8,7,4,67,680,0.0000,vanish
260_3lutQbIrdO8,8,4,16,13629,0.0000,vanish
260_3lutQbIrdO8,8,2,67,448,0.0000,vanish
260_3lutQbIrdO8,8,3,67,625,0.0000,vanish
260_3lutQbIrdO8,9,3,16,13267,0.0000,vanish
260_3lutQbIrdO8,9,5,20,88724,0.2227,shrink
260_3lutQbIrdO8,9,2,67,417,0.0000,vanish
260_3lutQbIrdO8,10,5,16,57275,0.1762,shrink
260_3lutQbIrdO8,10,2,16,12507,0.0000,vanish
260_3lutQbIrdO8,10,5,20,87509,0.0712,vanish
260_3lutQbIrdO8,10,2,67,408,0.0000,vanish
260_3lutQbIrdO8,11,5,16,57546,0.1217,shrink
260_3lutQbIrdO8,11,5,20,87933,0.0265,vanish
260_3lutQbIrdO8,12,5,16,1201,0.2331,shrink
260_3lutQbIrdO8,12,4,16,52585,0.1477,shrink
260_3lutQbIrdO8,12,5,19,905,0.0144,vanish
260_3lutQbIrdO8,13,4,16,42738,0.1809,shrink
260_3lutQbIrdO8,14,5,19,802,0.0461,vanish
260_3lutQbIrdO8,14,5,23,994,0.0050,vanish
260_3lutQbIrdO8,15,5,16,908,0.2026,shrink
260_3lutQbIrdO8,15,5,19,586,0.0478,vanish
260_3lutQbIrdO8,15,1,29,490,0.1408,shrink
260_3lutQbIrdO8,16,4,16,838,0.1862,shrink
260_3lutQbIrdO8,16,3,19,483,0.0621,vanish
260_3lutQbIrdO8,16,3,23,870,0.0000,vanish
260_3lutQbIrdO8,17,3,16,738,0.1572,shrink
260_3lutQbIrdO8,17,2,19,369,0.1192,shrink
260_3lutQbIrdO8,17,2,23,667,0.0000,vanish
260_3lutQbIrdO8,18,2,16,536,0.0187,vanish
260_3lutQbIrdO8,18,5,16,1890,0.0344,vanish
260_3lutQbIrdO8,18,2,19,330,0.0000,vanish
260_3lutQbIrdO8,18,1,23,335,0.0000,vanish
260_3lutQbIrdO8,19,5,16,1290,0.0829,vanish
260_3lutQbIrdO8,20,5,16,1178,0.0110,vanish
260_3lutQbIrdO8,20,5,29,1789,0.2409,shrink
260_3lutQbIrdO8,21,5,16,764,0.0275,vanish
260_3lutQbIrdO8,21,5,19,1959,0.1373,shrink
260_3lutQbIrdO8,21,5,19,195965,0.1700,shrink
260_3lutQbIrdO8,21,5,29,1185,0.2304,shrink
260_3lutQbIrdO8,22,5,16,58952,0.2063,shrink
260_3lutQbIrdO8,22,5,16,866,0.0000,vanish
260_3lutQbIrdO8,22,5,19,1165,0.2197,shrink
260_3lutQbIrdO8,22,5,19,169648,0.0814,vanish
260_3lutQbIrdO8,22,2,19,1980,0.0348,vanish
260_3lutQbIrdO8,22,1,19,341,0.0147,vanish
260_3lutQbIrdO8,22,1,19,639,0.2488,shrink
260_3lutQbIrdO8,22,5,23,10515,0.2420,shrink
260_3lutQbIrdO8,22,5,29,1131,0.1141,shrink
260_3lutQbIrdO8,23,5,16,57151,0.1043,shrink
260_3lutQbIrdO8,23,4,16,448,0.0000,vanish
260_3lutQbIrdO8,23,3,19,1002,0.2355,shrink
260_3lutQbIrdO8,23,5,19,142325,0.0231,vanish
260_3lutQbIrdO8,23,2,19,3550,0.0008,vanish
260_3lutQbIrdO8,24,4,16,52650,0.1300,shrink
260_3lutQbIrdO8,24,3,16,672,0.0030,vanish
260_3lutQbIrdO8,24,2,19,718,0.2061,shrink
260_3lutQbIrdO8,24,4,19,118563,0.0604,vanish
260_3lutQbIrdO8,24,2,23,1700,0.1947,shrink
260_3lutQbIrdO8,24,5,61,3957,0.0445,vanish
260_3lutQbIrdO8,25,2,16,766,0.0522,vanish
260_3lutQbIrdO8,25,5,16,504,0.0000,vanish
260_3lutQbIrdO8,25,2,19,511,0.2485,shrink
260_3lutQbIrdO8,25,4,19,77934,0.0937,vanish
260_3lutQbIrdO8,25,2,23,1090,0.0275,vanish
260_3lutQbIrdO8,25,5,61,35503,0.0000,vanish
260_3lutQbIrdO8,26,1,16,357,0.0000,vanish
260_3lutQbIrdO8,26,4,19,23809,0.0105,vanish
260_3lutQbIrdO8,26,1,23,331,0.0000,vanish
260_3lutQbIrdO8,26,5,49,298997,0.2104,shrink
260_3lutQbIrdO8,26,4,61,68242,0.1308,shrink
260_3lutQbIrdO8,28,3,16,1921,0.0000,vanish
260_3lutQbIrdO8,29,3,16,7507,0.0000,vanish
260_3lutQbIrdO8,29,3,19,13394,0.0000,vanish
260_3lutQbIrdO8,29,5,29,6240,0.1489,shrink
260_3lutQbIrdO8,30,2,16,11529,0.0000,vanish
260_3lutQbIrdO8,30,5,19,2703,0.0000,vanish
260_3lutQbIrdO8,30,1,19,4836,0.0000,vanish
260_3lutQbIrdO8,30,3,19,10250,0.0000,vanish
260_3lutQbIrdO8,30,4,23,19200,0.1763,shrink
260_3lutQbIrdO8,30,5,29,6574,0.0000,vanish
260_3lutQbIrdO8,30,5,29,1293,0.0000,vanish
260_3lutQbIrdO8,30,5,29,20609,0.2342,shrink
260_3lutQbIrdO8,30,5,29,1864,0.0000,vanish
260_3lutQbIrdO8,30,3,49,29742,0.0016,vanish
260_3lutQbIrdO8,31,5,19,11069,0.0000,vanish
260_3lutQbIrdO8,31,2,19,15526,0.0000,vanish
260_3lutQbIrdO8,31,5,23,6663,0.2380,shrink
260_3lutQbIrdO8,31,4,29,5614,0.0000,vanish
260_3lutQbIrdO8,31,5,29,20622,0.0338,vanish
260_3lutQbIrdO8,31,3,49,48619,0.0816,vanish
260_3lutQbIrdO8,31,1,49,1598,0.0000,vanish
260_3lutQbIrdO8,31,4,61,17497,0.0000,vanish
260_3lutQbIrdO8,31,3,61,1512,0.0000,vanish
260_3lutQbIrdO8,32,4,16,36047,0.2260,shrink
260_3lutQbIrdO8,32,2,19,10000,0.0000,vanish
260_3lutQbIrdO8,32,5,23,5471,0.1186,shrink
260_3lutQbIrdO8,32,3,29,4293,0.0000,vanish
260_3lutQbIrdO8,32,5,29,17183,0.0000,vanish
260_3lutQbIrdO8,32,5,61,61314,0.0000,vanish
260_3lutQbIrdO8,33,3,16,19943,0.2214,shrink
260_3lutQbIrdO8,33,5,16,47960,0.2090,shrink
260_3lutQbIrdO8,33,4,19,10933,0.0000,vanish
260_3lutQbIrdO8,33,2,19,7967,0.0000,vanish
260_3lutQbIrdO8,33,5,23,5045,0.0000,vanish
260_3lutQbIrdO8,33,2,29,1833,0.0000,vanish
260_3lutQbIrdO8,33,2,29,939,0.0000,vanish
260_3lutQbIrdO8,33,2,29,518,0.0000,vanish
260_3lutQbIrdO8,33,4,29,14001,0.0000,vanish
260_3lutQbIrdO8,33,5,61,109720,0.0000,vanish
260_3lutQbIrdO8,34,2,0,593,0.0000,vanish
260_3lutQbIrdO8,34,3,16,19241,0.2459,shrink
260_3lutQbIrdO8,34,5,16,48699,0.0404,vanish
260_3lutQbIrdO8,34,3,19,2042,0.0000,vanish
260_3lutQbIrdO8,34,2,19,7328,0.0000,vanish
260_3lutQbIrdO8,34,5,20,68567,0.2228,shrink
260_3lutQbIrdO8,34,5,23,4329,0.0000,vanish
260_3lutQbIrdO8,34,1,29,917,0.0000,vanish
260_3lutQbIrdO8,34,3,29,8416,0.0000,vanish
260_3lutQbIrdO8,34,3,29,1802,0.0000,vanish
260_3lutQbIrdO8,35,1,0,964,0.0000,vanish
260_3lutQbIrdO8,35,3,0,812,0.0000,vanish
260_3lutQbIrdO8,35,5,16,49619,0.0000,vanish
260_3lutQbIrdO8,35,3,19,10527,0.0000,vanish
260_3lutQbIrdO8,35,2,19,6348,0.0000,vanish
260_3lutQbIrdO8,35,5,20,65858,0.1469,shrink
260_3lutQbIrdO8,35,5,23,42059,0.0600,vanish
260_3lutQbIrdO8,35,4,23,4019,0.0000,vanish
260_3lutQbIrdO8,35,2,29,4826,0.0000,vanish
260_3lutQbIrdO8,35,2,29,1246,0.0000,vanish
260_3lutQbIrdO8,35,5,61,118878,0.0001,vanish
260_3lutQbIrdO8,36,3,0,1087,0.0000,vanish
260_3lutQbIrdO8,36,5,16,50804,0.0000,vanish
260_3lutQbIrdO8,36,2,19,1578,0.0000,vanish
260_3lutQbIrdO8,36,1,19,6209,0.0000,vanish
260_3lutQbIrdO8,36,5,20,62915,0.0680,vanish
260_3lutQbIrdO8,36,5,23,43856,0.0028,vanish
260_3lutQbIrdO8,36,4,23,3299,0.0000,vanish
260_3lutQbIrdO8,36,1,29,424,0.0000,vanish
260_3lutQbIrdO8,36,1,29,316,0.0000,vanish
260_3lutQbIrdO8,37,3,0,1854,0.0000,vanish
260_3lutQbIrdO8,37,4,16,50622,0.0000,vanish
260_3lutQbIrdO8,37,2,19,1378,0.0000,vanish
260_3lutQbIrdO8,37,1,19,6377,0.0000,vanish
260_3lutQbIrdO8,37,5,20,60611,0.0345,vanish
260_3lutQbIrdO8,37,5,23,46807,0.0000,vanish
260_3lutQbIrdO8,37,3,23,2555,0.0000,vanish
260_3lutQbIrdO8,37,5,49,76855,0.2088,shrink
260_3lutQbIrdO8,38,3,0,1166,0.0000,vanish
260_3lutQbIrdO8,38,5,16,18961,0.1982,shrink
260_3lutQbIrdO8,38,4,16,51560,0.0000,vanish
260_3lutQbIrdO8,38,1,19,1567,0.0000,vanish
260_3lutQbIrdO8,38,5,20,59237,0.0290,vanish
260_3lutQbIrdO8,38,5,23,50596,0.0000,vanish
260_3lutQbIrdO8,38,3,23,2461,0.0000,vanish
260_3lutQbIrdO8,38,5,49,88438,0.0577,vanish
260_3lutQbIrdO8,39,1,0,1296,0.0000,vanish
260_3lutQbIrdO8,39,5,16,18401,0.1635,shrink
260_3lutQbIrdO8,39,3,16,53827,0.0021,vanish
260_3lutQbIrdO8,39,2,19,16236,0.0000,vanish
260_3lutQbIrdO8,39,5,20,58553,0.0474,vanish
260_3lutQbIrdO8,39,4,23,52644,0.0000,vanish
260_3lutQbIrdO8,39,3,23,2571,0.0000,vanish
260_3lutQbIrdO8,39,5,49,79338,0.0000,vanish
260_3lutQbIrdO8,40,1,16,18496,0.2383,shrink
260_3lutQbIrdO8,40,3,16,55930,0.0412,vanish
260_3lutQbIrdO8,40,1,19,1741,0.0000,vanish
260_3lutQbIrdO8,40,4,20,58706,0.1602,shrink
260_3lutQbIrdO8,40,4,23,52827,0.0000,vanish
260_3lutQbIrdO8,40,2,23,3277,0.0000,vanish
260_3lutQbIrdO8,40,4,49,63435,0.0000,vanish
260_3lutQbIrdO8,41,3,16,57667,0.1588,shrink
260_3lutQbIrdO8,41,2,19,11087,0.0000,vanish
260_3lutQbIrdO8,41,3,23,52600,0.0903,vanish
260_3lutQbIrdO8,41,3,23,4307,0.0000,vanish
260_3lutQbIrdO8,41,3,49,45836,0.0000,vanish
260_3lutQbIrdO8,42,1,19,2376,0.0000,vanish
260_3lutQbIrdO8,42,2,19,4756,0.0364,vanish
260_3lutQbIrdO8,42,2,23,7185,0.0053,vanish
260_3lutQbIrdO8,42,2,23,5695,0.1491,shrink
260_3lutQbIrdO8,42,2,49,26168,0.0000,vanish
260_3lutQbIrdO8,43,1,23,3660,0.2432,shrink
260_3lutQbIrdO8,43,1,49,6888,0.0000,vanish
1375_XFTNhsglBIc,0,5,3,27550,0.0000,vanish
1375_XFTNhsglBIc,1,5,1,69509,0.2478,shrink
1375_XFTNhsglBIc,1,5,3,21976,0.0000,vanish
1375_XFTNhsglBIc,1,5,14,17485,0.1294,shrink
1375_XFTNhsglBIc,1,5,94,64199,0.2067,shrink
1375_XFTNhsglBIc,2,5,1,53516,0.2073,shrink
1375_XFTNhsglBIc,2,5,3,15850,0.0015,vanish
1375_XFTNhsglBIc,2,5,14,19776,0.0000,vanish
1375_XFTNhsglBIc,3,5,1,40990,0.1199,shrink
1375_XFTNhsglBIc,3,5,3,11113,0.0000,vanish
1375_XFTNhsglBIc,3,4,14,21166,0.0000,vanish
1375_XFTNhsglBIc,4,5,1,31128,0.0000,vanish
1375_XFTNhsglBIc,4,4,3,7431,0.0000,vanish
1375_XFTNhsglBIc,4,3,14,22467,0.0000,vanish
1375_XFTNhsglBIc,4,3,61,13846,0.0000,vanish
1375_XFTNhsglBIc,5,4,1,23947,0.0000,vanish
1375_XFTNhsglBIc,5,3,3,3667,0.0000,vanish
1375_XFTNhsglBIc,5,1,9,13180,0.0000,vanish
1375_XFTNhsglBIc,5,2,14,23426,0.0000,vanish
1375_XFTNhsglBIc,5,2,61,38494,0.0000,vanish
1375_XFTNhsglBIc,5,5,91,9792,0.0814,vanish
1375_XFTNhsglBIc,6,3,1,17221,0.0000,vanish
1375_XFTNhsglBIc,6,2,3,1630,0.0000,vanish
1375_XFTNhsglBIc,6,5,61,78603,0.1658,shrink
1375_XFTNhsglBIc,6,5,91,9361,0.0844,vanish
1375_XFTNhsglBIc,7,2,1,11096,0.0000,vanish
1375_XFTNhsglBIc,7,4,46,1157,0.0000,vanish
1375_XFTNhsglBIc,7,5,91,8759,0.0159,vanish
1375_XFTNhsglBIc,8,1,1,4916,0.0000,vanish
1375_XFTNhsglBIc,8,3,46,11261,0.0000,vanish
1375_XFTNhsglBIc,8,5,91,6568,0.0000,vanish
1375_XFTNhsglBIc,9,2,46,10001,0.0000,vanish
1375_XFTNhsglBIc,9,4,91,3972,0.0000,vanish
1375_XFTNhsglBIc,10,1,46,5562,0.0000,vanish
1375_XFTNhsglBIc,10,3,91,3009,0.0000,vanish
1375_XFTNhsglBIc,11,2,91,1479,0.0000,vanish
1375_XFTNhsglBIc,22,5,14,28972,0.1645,shrink
1375_XFTNhsglBIc,23,5,14,26563,0.0278,vanish
1375_XFTNhsglBIc,23,2,46,6799,0.0000,vanish
1375_XFTNhsglBIc,24,5,14,22445,0.0000,vanish
1375_XFTNhsglBIc,24,1,46,396,0.0000,vanish
1375_XFTNhsglBIc,25,4,14,14849,0.0000,vanish
1375_XFTNhsglBIc,26,3,14,10532,0.0000,vanish
1375_XFTNhsglBIc,27,2,14,4765,0.0000,vanish
1375_XFTNhsglBIc,27,1,46,3211,0.0000,vanish
1375_XFTNhsglBIc,33,5,46,32008,0.1951,shrink
1375_XFTNhsglBIc,34,4,46,26477,0.2343,shrink
1779_G2-wspfe0ZE,0,5,29,23099,0.1389,shrink
1779_G2-wspfe0ZE,0,5,66,5359,0.0498,vanish
1779_G2-wspfe0ZE,1,5,29,20303,0.0892,vanish
1779_G2-wspfe0ZE,2,5,29,13973,0.0423,vanish
1779_G2-wspfe0ZE,3,5,29,11114,0.0112,vanish
1779_G2-wspfe0ZE,4,4,16,848,0.1002,shrink
1779_G2-wspfe0ZE,4,5,29,6360,0.0000,vanish
1779_G2-wspfe0ZE,5,4,29,3208,0.0000,vanish
1779_G2-wspfe0ZE,6,3,29,1609,0.0000,vanish
1779_G2-wspfe0ZE,7,1,16,1060,0.2113,shrink
1779_G2-wspfe0ZE,7,2,29,541,0.0000,vanish
1779_G2-wspfe0ZE,8,5,66,5015,0.1946,shrink
1779_G2-wspfe0ZE,40,4,29,1638,0.0476,vanish
1779_G2-wspfe0ZE,41,3,29,1523,0.1090,shrink
1779_G2-wspfe0ZE,43,1,29,682,0.2434,shrink
1715_L8nqlt2mrNg,0,2,61,51881,0.0972,vanish
1715_L8nqlt2mrNg,0,4,76,14474,0.0000,vanish
1715_L8nqlt2mrNg,0,5,106,62356,0.0292,vanish
1715_L8nqlt2mrNg,0,5,120,70506,0.0354,vanish
1715_L8nqlt2mrNg,1,3,61,12683,0.0000,vanish
1715_L8nqlt2mrNg,1,2,61,8045,0.0251,vanish
1715_L8nqlt2mrNg,1,2,76,9421,0.0000,vanish
1715_L8nqlt2mrNg,1,5,106,48124,0.0571,vanish
1715_L8nqlt2mrNg,1,5,120,63439,0.0208,vanish
1715_L8nqlt2mrNg,2,2,61,7880,0.0000,vanish
1715_L8nqlt2mrNg,2,1,76,3063,0.0000,vanish
1715_L8nqlt2mrNg,2,1,76,530,0.0000,vanish
1715_L8nqlt2mrNg,2,5,106,46288,0.0849,vanish
1715_L8nqlt2mrNg,2,5,120,46700,0.0656,vanish
1715_L8nqlt2mrNg,3,1,61,1079,0.0000,vanish
1715_L8nqlt2mrNg,3,1,76,378,0.0000,vanish
1715_L8nqlt2mrNg,3,5,106,43346,0.1073,shrink
1715_L8nqlt2mrNg,3,5,120,28428,0.0030,vanish
1715_L8nqlt2mrNg,3,1,120,593,0.0000,vanish
1715_L8nqlt2mrNg,4,5,0,25017,0.0000,vanish
1715_L8nqlt2mrNg,4,3,14,2713,0.0000,vanish
1715_L8nqlt2mrNg,4,2,61,1882,0.1116,shrink
1715_L8nqlt2mrNg,4,5,106,40106,0.1604,shrink
1715_L8nqlt2mrNg,4,5,120,17615,0.0000,vanish
1715_L8nqlt2mrNg,5,4,0,37625,0.0000,vanish
1715_L8nqlt2mrNg,5,5,14,2224,0.0000,vanish
1715_L8nqlt2mrNg,5,1,61,1032,0.0000,vanish
1715_L8nqlt2mrNg,5,3,76,9720,0.0000,vanish
1715_L8nqlt2mrNg,5,5,106,40215,0.2000,shrink
1715_L8nqlt2mrNg,5,1,106,2302,0.0043,vanish
1715_L8nqlt2mrNg,5,2,106,15083,0.1997,shrink
1715_L8nqlt2mrNg,5,4,120,10308,0.0000,vanish
1715_L8nqlt2mrNg,6,3,0,31144,0.0000,vanish
1715_L8nqlt2mrNg,6,5,14,2185,0.0471,vanish
1715_L8nqlt2mrNg,6,3,76,5865,0.0000,vanish
1715_L8nqlt2mrNg,6,5,106,21984,0.0079,vanish
1715_L8nqlt2mrNg,6,2,106,2317,0.0000,vanish
1715_L8nqlt2mrNg,6,3,120,3559,0.0000,vanish
1715_L8nqlt2mrNg,7,2,0,19122,0.0000,vanish
1715_L8nqlt2mrNg,7,5,14,1331,0.1014,shrink
1715_L8nqlt2mrNg,7,4,76,2982,0.0000,vanish
1715_L8nqlt2mrNg,7,5,106,23270,0.1165,shrink
1715_L8nqlt2mrNg,7,3,106,3274,0.0000,vanish
1715_L8nqlt2mrNg,7,5,106,2249,0.2201,shrink
1715_L8nqlt2mrNg,7,2,120,3351,0.0000,vanish
1715_L8nqlt2mrNg,8,5,14,3941,0.1791,shrink
1715_L8nqlt2mrNg,8,3,76,1206,0.0000,vanish
1715_L8nqlt2mrNg,8,5,106,7406,0.0000,vanish
1715_L8nqlt2mrNg,9,3,14,359,0.0000,vanish
1715_L8nqlt2mrNg,9,5,14,5622,0.0000,vanish
1715_L8nqlt2mrNg,9,4,76,1166,0.0000,vanish
1715_L8nqlt2mrNg,9,4,106,6874,0.0000,vanish
1715_L8nqlt2mrNg,10,2,14,328,0.0000,vanish
1715_L8nqlt2mrNg,10,4,14,7407,0.0000,vanish
1715_L8nqlt2mrNg,10,1,14,2695,0.0000,vanish
1715_L8nqlt2mrNg,10,3,76,2546,0.0000,vanish
1715_L8nqlt2mrNg,10,2,80,584,0.0000,vanish
1715_L8nqlt2mrNg,10,5,106,14703,0.0000,vanish
1715_L8nqlt2mrNg,10,3,106,5201,0.0000,vanish
1715_L8nqlt2mrNg,11,3,14,7805,0.0000,vanish
1715_L8nqlt2mrNg,11,2,76,2438,0.0000,vanish
1715_L8nqlt2mrNg,11,4,106,15880,0.0000,vanish
1715_L8nqlt2mrNg,11,2,106,1599,0.0000,vanish
1715_L8nqlt2mrNg,11,3,120,13284,0.0000,vanish
1715_L8nqlt2mrNg,12,2,14,7346,0.0000,vanish
1715_L8nqlt2mrNg,12,1,76,1607,0.0000,vanish
1715_L8nqlt2mrNg,12,5,106,5357,0.0034,vanish
1715_L8nqlt2mrNg,12,3,106,10923,0.0000,vanish
1715_L8nqlt2mrNg,12,1,106,832,0.0000,vanish
1715_L8nqlt2mrNg,12,3,120,26469,0.0000,vanish
1715_L8nqlt2mrNg,13,1,14,4196,0.0000,vanish
1715_L8nqlt2mrNg,13,5,106,5167,0.0234,vanish
1715_L8nqlt2mrNg,13,2,106,6721,0.0000,vanish
1715_L8nqlt2mrNg,13,3,120,42096,0.0000,vanish
1715_L8nqlt2mrNg,13,5,120,3705,0.0081,vanish
1715_L8nqlt2mrNg,14,5,61,89809,0.2050,shrink
1715_L8nqlt2mrNg,14,4,76,319,0.0000,vanish
1715_L8nqlt2mrNg,14,4,106,5422,0.0057,vanish
1715_L8nqlt2mrNg,14,5,106,8806,0.1891,shrink
1715_L8nqlt2mrNg,14,1,106,3615,0.0000,vanish
1715_L8nqlt2mrNg,14,3,120,61403,0.0000,vanish
1715_L8nqlt2mrNg,14,4,120,5335,0.0930,vanish
1715_L8nqlt2mrNg,15,5,61,97090,0.1571,shrink
1715_L8nqlt2mrNg,15,5,61,13477,0.0000,vanish
1715_L8nqlt2mrNg,15,5,106,4998,0.0000,vanish
1715_L8nqlt2mrNg,15,4,106,8436,0.2416,shrink
1715_L8nqlt2mrNg,15,3,120,75248,0.0000,vanish
1715_L8nqlt2mrNg,15,3,120,7175,0.1456,shrink
1715_L8nqlt2mrNg,16,4,61,14489,0.0000,vanish
1715_L8nqlt2mrNg,16,4,106,4892,0.0000,vanish
1715_L8nqlt2mrNg,16,5,120,78656,0.0915,vanish
1715_L8nqlt2mrNg,17,3,61,15844,0.0000,vanish
1715_L8nqlt2mrNg,17,5,76,2403,0.0000,vanish
1715_L8nqlt2mrNg,17,3,106,4559,0.0000,vanish
1715_L8nqlt2mrNg,17,5,120,83486,0.1708,shrink
1715_L8nqlt2mrNg,17,5,120,5404,0.1802,shrink
1715_L8nqlt2mrNg,18,2,61,16703,0.0000,vanish
1715_L8nqlt2mrNg,18,4,76,3574,0.0000,vanish
1715_L8nqlt2mrNg,18,3,106,4085,0.0000,vanish
1715_L8nqlt2mrNg,18,5,120,81663,0.0390,vanish
1715_L8nqlt2mrNg,18,5,120,2174,0.2341,shrink
1715_L8nqlt2mrNg,19,2,14,3658,0.0000,vanish
1715_L8nqlt2mrNg,19,1,61,15513,0.0000,vanish
1715_L8nqlt2mrNg,19,3,76,3350,0.0000,vanish
1715_L8nqlt2mrNg,19,3,106,4125,0.0000,vanish
1715_L8nqlt2mrNg,19,5,106,3904,0.2082,shrink
1715_L8nqlt2mrNg,19,3,106,5278,0.0818,vanish
1715_L8nqlt2mrNg,19,5,120,78959,0.0000,vanish
1715_L8nqlt2mrNg,19,5,120,3361,0.0048,vanish
1715_L8nqlt2mrNg,20,4,76,2975,0.0000,vanish
1715_L8nqlt2mrNg,20,2,106,3182,0.0000,vanish
1715_L8nqlt2mrNg,20,3,106,7475,0.1829,shrink
1715_L8nqlt2mrNg,20,2,106,618,0.0000,vanish
1715_L8nqlt2mrNg,20,4,120,72477,0.0000,vanish
1715_L8nqlt2mrNg,20,5,120,3906,0.0000,vanish
1715_L8nqlt2mrNg,21,1,14,1100,0.0000,vanish
1715_L8nqlt2mrNg,21,3,76,4272,0.0000,vanish
1715_L8nqlt2mrNg,21,2,106,2633,0.0000,vanish
1715_L8nqlt2mrNg,21,3,106,8078,0.1797,shrink
1715_L8nqlt2mrNg,21,2,106,779,0.0000,vanish
1715_L8nqlt2mrNg,21,2,106,936,0.2308,shrink
1715_L8nqlt2mrNg,21,1,120,9174,0.0000,vanish
1715_L8nqlt2mrNg,21,4,120,4344,0.0000,vanish
1715_L8nqlt2mrNg,22,2,14,1524,0.0000,vanish
1715_L8nqlt2mrNg,22,3,14,1445,0.0000,vanish
1715_L8nqlt2mrNg,22,2,106,1743,0.0000,vanish
1715_L8nqlt2mrNg,22,5,106,39499,0.1760,shrink
1715_L8nqlt2mrNg,22,3,120,2405,0.0000,vanish
1715_L8nqlt2mrNg,22,3,120,2287,0.0000,vanish
1715_L8nqlt2mrNg,23,2,14,3053,0.0000,vanish
1715_L8nqlt2mrNg,23,1,106,952,0.0000,vanish
1715_L8nqlt2mrNg,23,5,106,28040,0.1565,shrink
1715_L8nqlt2mrNg,23,5,106,12164,0.0000,vanish
1715_L8nqlt2mrNg,23,2,120,6329,0.0002,vanish
1715_L8nqlt2mrNg,24,1,14,894,0.0000,vanish
1715_L8nqlt2mrNg,24,5,106,21758,0.0997,vanish
1715_L8nqlt2mrNg,24,5,106,6852,0.0000,vanish
1715_L8nqlt2mrNg,25,4,106,16211,0.0648,vanish
1715_L8nqlt2mrNg,25,4,106,13071,0.0000,vanish
1715_L8nqlt2mrNg,26,2,61,3490,0.0000,vanish
1715_L8nqlt2mrNg,26,3,80,8080,0.0000,vanish
1715_L8nqlt2mrNg,26,3,106,11572,0.0162,vanish
1715_L8nqlt2mrNg,26,2,106,10419,0.0000,vanish
1715_L8nqlt2mrNg,26,2,107,3432,0.0000,vanish
1715_L8nqlt2mrNg,26,5,120,29158,0.0000,vanish
1715_L8nqlt2mrNg,26,4,120,769,0.0000,vanish
1715_L8nqlt2mrNg,27,1,80,827,0.0000,vanish
1715_L8nqlt2mrNg,27,2,80,476,0.0000,vanish
1715_L8nqlt2mrNg,27,2,106,7394,0.0104,vanish
1715_L8nqlt2mrNg,27,1,107,361,0.0000,vanish
1715_L8nqlt2mrNg,27,5,120,37887,0.0607,vanish
1715_L8nqlt2mrNg,27,3,120,12405,0.0000,vanish
1715_L8nqlt2mrNg,28,2,106,3371,0.0000,vanish
1715_L8nqlt2mrNg,28,2,120,8915,0.0000,vanish
1715_L8nqlt2mrNg,29,1,61,2520,0.0000,vanish
1715_L8nqlt2mrNg,29,2,80,805,0.0000,vanish
1715_L8nqlt2mrNg,29,1,120,3327,0.0000,vanish
1715_L8nqlt2mrNg,30,1,80,475,0.0000,vanish
1715_L8nqlt2mrNg,30,4,106,18869,0.0000,vanish
1715_L8nqlt2mrNg,31,3,106,11373,0.0000,vanish
1715_L8nqlt2mrNg,32,2,106,4884,0.0000,vanish
1715_L8nqlt2mrNg,33,1,106,1299,0.0000,vanish
246_TRITURnylYA,0,3,9,42998,0.0066,vanish
246_TRITURnylYA,1,2,9,14192,0.0000,vanish
246_TRITURnylYA,3,5,91,1122,0.2362,shrink
246_TRITURnylYA,4,5,91,1111,0.1989,shrink
246_TRITURnylYA,5,5,91,1058,0.1597,shrink
246_TRITURnylYA,6,5,9,3379,0.1018,shrink
246_TRITURnylYA,6,5,91,1008,0.1528,shrink
246_TRITURnylYA,14,5,9,53510,0.0805,vanish
246_TRITURnylYA,15,4,9,45912,0.0326,vanish
246_TRITURnylYA,16,3,9,35478,0.0126,vanish
246_TRITURnylYA,17,3,9,24883,0.0088,vanish
246_TRITURnylYA,18,2,9,14104,0.0072,vanish
246_TRITURnylYA,19,5,1,48887,0.2224,shrink
246_TRITURnylYA,20,5,1,38191,0.2197,shrink
246_TRITURnylYA,21,5,1,29709,0.2025,shrink
246_TRITURnylYA,22,5,1,22714,0.1264,shrink
246_TRITURnylYA,23,5,1,16432,0.0051,vanish
246_TRITURnylYA,39,1,1,987,0.0000,vanish
1988_WU_7AezaJaU,0,5,8,7392,0.0000,vanish
1988_WU_7AezaJaU,0,5,109,11829,0.0047,vanish
1988_WU_7AezaJaU,1,4,8,5450,0.0000,vanish
1988_WU_7AezaJaU,1,5,109,10339,0.0000,vanish
1988_WU_7AezaJaU,2,3,8,4376,0.0000,vanish
1988_WU_7AezaJaU,2,5,109,9737,0.0000,vanish
1988_WU_7AezaJaU,3,2,8,2547,0.0000,vanish
1988_WU_7AezaJaU,3,5,109,9122,0.0000,vanish
1988_WU_7AezaJaU,4,1,8,1197,0.0000,vanish
1988_WU_7AezaJaU,4,4,109,8506,0.0000,vanish
1988_WU_7AezaJaU,5,5,109,8030,0.0000,vanish
1988_WU_7AezaJaU,6,5,109,7616,0.0000,vanish
1988_WU_7AezaJaU,7,5,109,7365,0.0000,vanish
1988_WU_7AezaJaU,8,5,109,6899,0.0013,vanish
1988_WU_7AezaJaU,9,5,109,6803,0.0018,vanish
1988_WU_7AezaJaU,10,5,109,6517,0.0127,vanish
1988_WU_7AezaJaU,11,4,109,6636,0.0039,vanish
1988_WU_7AezaJaU,12,4,109,6679,0.0051,vanish
1988_WU_7AezaJaU,13,4,109,6770,0.0145,vanish
1988_WU_7AezaJaU,13,2,109,660,0.0000,vanish
1988_WU_7AezaJaU,14,5,109,6386,0.0106,vanish
1988_WU_7AezaJaU,14,1,109,570,0.0000,vanish
1988_WU_7AezaJaU,15,5,109,5202,0.0646,vanish
1988_WU_7AezaJaU,15,3,109,1621,0.0000,vanish
1988_WU_7AezaJaU,16,5,109,6330,0.0624,vanish
1988_WU_7AezaJaU,16,3,109,1604,0.0000,vanish
1988_WU_7AezaJaU,17,4,109,6102,0.1511,shrink
1988_WU_7AezaJaU,17,3,109,1407,0.0000,vanish
1988_WU_7AezaJaU,18,2,109,1358,0.0000,vanish
1988_WU_7AezaJaU,22,1,16,300,0.0000,vanish
1988_WU_7AezaJaU,27,5,93,44911,0.2187,shrink
1988_WU_7AezaJaU,28,5,93,42966,0.1091,shrink
1988_WU_7AezaJaU,28,3,109,1804,0.0000,vanish
1988_WU_7AezaJaU,29,5,93,41472,0.0499,vanish
1988_WU_7AezaJaU,29,3,109,2020,0.0000,vanish
1988_WU_7AezaJaU,30,5,15,57426,0.0033,vanish
1988_WU_7AezaJaU,30,1,67,1529,0.0000,vanish
1988_WU_7AezaJaU,30,5,93,36202,0.0000,vanish
1988_WU_7AezaJaU,30,5,109,8362,0.1546,shrink
1988_WU_7AezaJaU,30,3,109,2597,0.0119,vanish
1988_WU_7AezaJaU,31,5,15,47438,0.0000,vanish
1988_WU_7AezaJaU,31,5,15,24131,0.1586,shrink
1988_WU_7AezaJaU,31,4,93,27286,0.0000,vanish
1988_WU_7AezaJaU,31,5,109,8192,0.0197,vanish
1988_WU_7AezaJaU,31,3,109,2513,0.0000,vanish
1988_WU_7AezaJaU,32,4,15,40397,0.0000,vanish
1988_WU_7AezaJaU,32,5,15,23699,0.0716,vanish
1988_WU_7AezaJaU,32,3,93,21302,0.0000,vanish
1988_WU_7AezaJaU,32,5,109,7822,0.0000,vanish
1988_WU_7AezaJaU,32,3,109,2363,0.0000,vanish
1988_WU_7AezaJaU,33,5,15,42014,0.0000,vanish
1988_WU_7AezaJaU,33,5,69,43945,0.2271,shrink
1988_WU_7AezaJaU,33,2,93,11652,0.0000,vanish
1988_WU_7AezaJaU,33,5,109,6320,0.0000,vanish
1988_WU_7AezaJaU,33,2,109,1892,0.0000,vanish
1988_WU_7AezaJaU,34,2,15,10093,0.0000,vanish
1988_WU_7AezaJaU,34,4,15,19867,0.0000,vanish
1988_WU_7AezaJaU,34,5,69,44870,0.1944,shrink
1988_WU_7AezaJaU,34,1,93,5955,0.0000,vanish
1988_WU_7AezaJaU,34,4,109,5437,0.0000,vanish
1988_WU_7AezaJaU,34,1,109,1808,0.0000,vanish
1988_WU_7AezaJaU,35,3,15,10596,0.0000,vanish
1988_WU_7AezaJaU,35,5,69,45691,0.1937,shrink
1988_WU_7AezaJaU,35,3,109,3138,0.0000,vanish
1988_WU_7AezaJaU,35,1,109,532,0.0000,vanish
1988_WU_7AezaJaU,36,2,15,4285,0.0000,vanish
1988_WU_7AezaJaU,36,5,69,44366,0.2272,shrink
1988_WU_7AezaJaU,36,2,109,1210,0.0000,vanish
1988_WU_7AezaJaU,37,1,15,1856,0.0000,vanish
1988_WU_7AezaJaU,37,5,69,42254,0.2194,shrink
1988_WU_7AezaJaU,38,5,69,37057,0.2041,shrink
1988_WU_7AezaJaU,39,5,69,154678,0.2054,shrink
1988_WU_7AezaJaU,39,5,69,34255,0.1470,shrink
1988_WU_7AezaJaU,40,3,15,601,0.0000,vanish
1988_WU_7AezaJaU,41,2,15,676,0.0000,vanish
1988_WU_7AezaJaU,42,1,15,317,0.0000,vanish
1988_WU_7AezaJaU,42,2,45,34269,0.1401,shrink
1988_WU_7AezaJaU,42,1,67,327,0.0000,vanish
1988_WU_7AezaJaU,42,1,67,1072,0.0000,vanish
2066_9T12xX5ZPXs,0,3,67,1526,0.1697,shrink
2066_9T12xX5ZPXs,12,3,13,6482,0.0000,vanish
2066_9T12xX5ZPXs,12,1,29,1411,0.0000,vanish
2066_9T12xX5ZPXs,12,1,29,380,0.0000,vanish
2066_9T12xX5ZPXs,12,3,41,369,0.0000,vanish
2066_9T12xX5ZPXs,13,2,13,6446,0.0000,vanish
2066_9T12xX5ZPXs,14,1,13,1854,0.0000,vanish
2066_9T12xX5ZPXs,28,5,67,1874,0.0630,vanish
2066_9T12xX5ZPXs,29,5,16,2160,0.1847,shrink
2066_9T12xX5ZPXs,29,5,49,2377,0.1830,shrink
2066_9T12xX5ZPXs,29,5,67,1798,0.0000,vanish
2066_9T12xX5ZPXs,30,5,16,2125,0.0325,vanish
2066_9T12xX5ZPXs,30,5,49,2524,0.1541,shrink
2066_9T12xX5ZPXs,30,4,67,1548,0.0000,vanish
2066_9T12xX5ZPXs,31,4,16,1687,0.0000,vanish
2066_9T12xX5ZPXs,31,4,49,1976,0.0405,vanish
2066_9T12xX5ZPXs,31,3,67,1382,0.0000,vanish
2066_9T12xX5ZPXs,32,3,16,1415,0.0000,vanish
2066_9T12xX5ZPXs,32,3,49,1799,0.0283,vanish
2066_9T12xX5ZPXs,32,2,67,1221,0.0000,vanish
2066_9T12xX5ZPXs,33,2,16,975,0.0000,vanish
2066_9T12xX5ZPXs,33,2,49,943,0.0000,vanish
2066_9T12xX5ZPXs,34,1,16,714,0.0000,vanish
2066_9T12xX5ZPXs,34,1,49,559,0.0000,vanish
707_NIy5keJNKnU,0,3,8,19632,0.0931,vanish
707_NIy5keJNKnU,0,5,41,78162,0.2492,shrink
707_NIy5keJNKnU,1,2,8,5812,0.0817,vanish
707_NIy5keJNKnU,1,5,41,78059,0.1854,shrink
707_NIy5keJNKnU,2,1,8,1744,0.0000,vanish
707_NIy5keJNKnU,2,5,41,75132,0.0652,vanish
707_NIy5keJNKnU,3,5,41,61307,0.0584,vanish
707_NIy5keJNKnU,4,5,41,42976,0.0000,vanish
707_NIy5keJNKnU,5,4,41,35408,0.0000,vanish
707_NIy5keJNKnU,6,1,8,1610,0.0000,vanish
707_NIy5keJNKnU,6,3,41,18443,0.0000,vanish
707_NIy5keJNKnU,7,2,41,7963,0.0000,vanish
707_NIy5keJNKnU,8,1,41,3666,0.0000,vanish
707_NIy5keJNKnU,17,5,15,40035,0.1723,shrink
707_NIy5keJNKnU,18,5,15,33408,0.1816,shrink
707_NIy5keJNKnU,19,5,15,25640,0.1323,shrink
707_NIy5keJNKnU,20,5,15,21331,0.0385,vanish
707_NIy5keJNKnU,21,5,15,8981,0.0000,vanish
707_NIy5keJNKnU,21,2,15,3001,0.0000,vanish
707_NIy5keJNKnU,22,4,15,6937,0.0000,vanish
707_NIy5keJNKnU,23,3,15,6092,0.0000,vanish
707_NIy5keJNKnU,24,2,15,3391,0.0000,vanish
707_NIy5keJNKnU,25,1,15,821,0.0000,vanish
707_NIy5keJNKnU,34,5,10,19008,0.1594,shrink
2134_-eKiVyizfWM,1,5,61,12900,0.2156,shrink
2134_-eKiVyizfWM,3,5,61,8293,0.0511,vanish
2134_-eKiVyizfWM,4,2,61,4822,0.0637,vanish
2134_-eKiVyizfWM,5,1,16,559,0.0000,vanish
2134_-eKiVyizfWM,5,5,61,1676,0.0000,vanish
2134_-eKiVyizfWM,5,2,61,14184,0.0000,vanish
2134_-eKiVyizfWM,6,1,61,10920,0.0000,vanish
2134_-eKiVyizfWM,7,3,61,4624,0.0000,vanish
2134_-eKiVyizfWM,8,2,61,1574,0.0642,vanish
2134_-eKiVyizfWM,9,1,61,742,0.0000,vanish
2134_-eKiVyizfWM,9,1,61,1622,0.0000,vanish
2134_-eKiVyizfWM,9,1,61,2488,0.0000,vanish
2134_-eKiVyizfWM,17,5,61,15155,0.1858,shrink
2134_-eKiVyizfWM,18,5,61,13475,0.0931,vanish
2134_-eKiVyizfWM,19,5,61,10686,0.0300,vanish
2134_-eKiVyizfWM,20,5,61,7589,0.0059,vanish
2134_-eKiVyizfWM,21,4,61,6086,0.0000,vanish
2134_-eKiVyizfWM,22,3,61,3171,0.0000,vanish
2134_-eKiVyizfWM,22,2,61,11260,0.0000,vanish
2134_-eKiVyizfWM,23,1,61,2927,0.0000,vanish
263_IipbxIu3QZA,0,5,13,101376,0.1493,shrink
263_IipbxIu3QZA,0,5,22,32347,0.1246,shrink
263_IipbxIu3QZA,0,1,22,9004,0.0203,vanish
263_IipbxIu3QZA,0,5,67,71076,0.2197,shrink
263_IipbxIu3QZA,1,5,13,100313,0.1561,shrink
263_IipbxIu3QZA,1,5,22,23001,0.0000,vanish
263_IipbxIu3QZA,1,2,29,956,0.0000,vanish
263_IipbxIu3QZA,2,5,13,104674,0.1637,shrink
263_IipbxIu3QZA,2,4,22,15395,0.0000,vanish
263_IipbxIu3QZA,2,1,22,2934,0.0000,vanish
263_IipbxIu3QZA,2,2,29,320,0.0000,vanish
263_IipbxIu3QZA,2,2,61,741,0.0000,vanish
263_IipbxIu3QZA,3,5,13,104701,0.1677,shrink
263_IipbxIu3QZA,3,3,22,8979,0.0000,vanish
263_IipbxIu3QZA,4,5,13,107647,0.1869,shrink
263_IipbxIu3QZA,4,5,22,51284,0.2139,shrink
263_IipbxIu3QZA,4,2,22,4262,0.0000,vanish
263_IipbxIu3QZA,5,5,13,106188,0.2052,shrink
263_IipbxIu3QZA,5,1,22,1168,0.0000,vanish
263_IipbxIu3QZA,5,1,29,584,0.0000,vanish
263_IipbxIu3QZA,6,5,13,117719,0.1964,shrink
263_IipbxIu3QZA,6,5,22,42409,0.2084,shrink
263_IipbxIu3QZA,7,5,13,114087,0.2193,shrink
263_IipbxIu3QZA,8,5,13,121865,0.2062,shrink
263_IipbxIu3QZA,8,1,28,1970,0.0000,vanish
263_IipbxIu3QZA,8,2,29,545,0.0000,vanish
263_IipbxIu3QZA,9,5,13,123890,0.1915,shrink
263_IipbxIu3QZA,9,2,29,2078,0.0000,vanish
263_IipbxIu3QZA,10,5,13,125315,0.2142,shrink
263_IipbxIu3QZA,10,2,29,710,0.0000,vanish
263_IipbxIu3QZA,11,5,13,127557,0.2109,shrink
263_IipbxIu3QZA,11,2,29,1594,0.0000,vanish
263_IipbxIu3QZA,12,5,13,125454,0.2201,shrink
263_IipbxIu3QZA,12,1,29,436,0.0000,vanish
263_IipbxIu3QZA,13,5,13,125370,0.2261,shrink
263_IipbxIu3QZA,13,5,19,5908,0.2182,shrink
263_IipbxIu3QZA,14,5,13,124655,0.2103,shrink
263_IipbxIu3QZA,14,5,19,4887,0.2243,shrink
263_IipbxIu3QZA,15,5,13,125131,0.2133,shrink
263_IipbxIu3QZA,15,5,22,9308,0.2144,shrink
263_IipbxIu3QZA,16,5,13,124251,0.2238,shrink
263_IipbxIu3QZA,16,5,22,11107,0.1012,shrink
263_IipbxIu3QZA,16,5,22,9229,0.0778,vanish
263_IipbxIu3QZA,17,4,13,125036,0.2206,shrink
263_IipbxIu3QZA,17,5,22,9653,0.0122,vanish
263_IipbxIu3QZA,17,5,22,7691,0.0161,vanish
263_IipbxIu3QZA,18,4,13,125769,0.2219,shrink
263_IipbxIu3QZA,18,5,22,7655,0.0000,vanish
263_IipbxIu3QZA,18,5,22,6281,0.0000,vanish
263_IipbxIu3QZA,18,5,29,10760,0.2300,shrink
263_IipbxIu3QZA,19,5,13,126141,0.1625,shrink
263_IipbxIu3QZA,19,5,22,51287,0.1910,shrink
263_IipbxIu3QZA,19,4,22,5392,0.0000,vanish
263_IipbxIu3QZA,19,3,22,4873,0.0000,vanish
263_IipbxIu3QZA,19,5,29,10051,0.0702,vanish
263_IipbxIu3QZA,20,5,13,127453,0.1119,shrink
263_IipbxIu3QZA,20,5,22,51409,0.0479,vanish
263_IipbxIu3QZA,20,2,22,3044,0.0000,vanish
263_IipbxIu3QZA,20,5,29,9230,0.0546,vanish
263_IipbxIu3QZA,21,5,13,128981,0.0722,vanish
263_IipbxIu3QZA,21,5,22,49510,0.0000,vanish
263_IipbxIu3QZA,21,5,28,86985,0.1543,shrink
263_IipbxIu3QZA,21,4,29,7956,0.0380,vanish
263_IipbxIu3QZA,22,5,13,135390,0.0619,vanish
263_IipbxIu3QZA,22,5,22,53015,0.0000,vanish
263_IipbxIu3QZA,22,5,22,168419,0.2492,shrink
263_IipbxIu3QZA,22,5,28,78061,0.0852,vanish
263_IipbxIu3QZA,22,5,29,72049,0.1864,shrink
263_IipbxIu3QZA,22,3,29,6537,0.0006,vanish
263_IipbxIu3QZA,23,1,13,1045,0.0000,vanish
263_IipbxIu3QZA,23,4,22,45103,0.0000,vanish
263_IipbxIu3QZA,23,5,22,147833,0.0843,vanish
263_IipbxIu3QZA,23,5,28,67644,0.0449,vanish
263_IipbxIu3QZA,23,5,29,173473,0.1241,shrink
263_IipbxIu3QZA,23,5,29,59050,0.0000,vanish
263_IipbxIu3QZA,23,2,29,4174,0.0000,vanish
263_IipbxIu3QZA,24,1,13,1118,0.0000,vanish
263_IipbxIu3QZA,24,3,22,39706,0.0000,vanish
263_IipbxIu3QZA,24,5,22,124325,0.0000,vanish
263_IipbxIu3QZA,24,5,28,55537,0.0257,vanish
263_IipbxIu3QZA,24,5,29,181147,0.1029,shrink
263_IipbxIu3QZA,24,4,29,43720,0.0000,vanish
263_IipbxIu3QZA,24,1,29,1576,0.0000,vanish
263_IipbxIu3QZA,24,5,29,49867,0.0829,vanish
263_IipbxIu3QZA,24,5,49,165498,0.2414,shrink
263_IipbxIu3QZA,25,1,13,2028,0.0000,vanish
263_IipbxIu3QZA,25,4,22,38238,0.0000,vanish
263_IipbxIu3QZA,25,4,22,100940,0.0000,vanish
263_IipbxIu3QZA,25,5,28,42291,0.0030,vanish
263_IipbxIu3QZA,25,1,29,630,0.0000,vanish
263_IipbxIu3QZA,25,5,29,180366,0.0522,vanish
263_IipbxIu3QZA,25,3,29,23803,0.0000,vanish
263_IipbxIu3QZA,25,5,29,40382,0.0000,vanish
263_IipbxIu3QZA,25,5,49,144394,0.1595,shrink
263_IipbxIu3QZA,26,1,13,3252,0.0000,vanish
263_IipbxIu3QZA,26,5,13,146721,0.0194,vanish
263_IipbxIu3QZA,26,4,22,31496,0.0000,vanish
263_IipbxIu3QZA,26,3,22,74481,0.0000,vanish
263_IipbxIu3QZA,26,1,28,5917,0.0000,vanish
263_IipbxIu3QZA,26,1,28,1193,0.0000,vanish
263_IipbxIu3QZA,26,4,28,13446,0.0000,vanish
263_IipbxIu3QZA,26,5,29,189620,0.0374,vanish
263_IipbxIu3QZA,26,2,29,7516,0.0000,vanish
263_IipbxIu3QZA,26,2,29,27057,0.0000,vanish
263_IipbxIu3QZA,26,4,29,30488,0.0000,vanish
263_IipbxIu3QZA,26,5,49,121693,0.0597,vanish
263_IipbxIu3QZA,27,5,13,150898,0.0127,vanish
263_IipbxIu3QZA,27,4,22,27342,0.0000,vanish
263_IipbxIu3QZA,27,2,22,44589,0.0000,vanish
263_IipbxIu3QZA,27,1,28,5845,0.0000,vanish
263_IipbxIu3QZA,27,1,29,929,0.0000,vanish
263_IipbxIu3QZA,27,5,29,194898,0.0508,vanish
263_IipbxIu3QZA,27,1,29,15087,0.0000,vanish
263_IipbxIu3QZA,27,3,29,22384,0.0000,vanish
263_IipbxIu3QZA,27,5,49,96645,0.0127,vanish
263_IipbxIu3QZA,28,5,13,139613,0.0271,vanish
263_IipbxIu3QZA,28,4,22,41271,0.0000,vanish
263_IipbxIu3QZA,28,1,22,13601,0.0000,vanish
263_IipbxIu3QZA,28,1,29,643,0.0000,vanish
263_IipbxIu3QZA,28,5,29,180534,0.1136,shrink
263_IipbxIu3QZA,28,2,29,11622,0.0000,vanish
263_IipbxIu3QZA,28,4,49,71484,0.0030,vanish
263_IipbxIu3QZA,29,1,13,1806,0.0000,vanish
263_IipbxIu3QZA,29,5,13,128899,0.0133,vanish
263_IipbxIu3QZA,29,4,22,37818,0.0000,vanish
263_IipbxIu3QZA,29,1,28,9786,0.0000,vanish
263_IipbxIu3QZA,29,5,29,186772,0.1627,shrink
263_IipbxIu3QZA,29,1,29,4135,0.0000,vanish
263_IipbxIu3QZA,29,4,49,46148,0.0000,vanish
263_IipbxIu3QZA,29,2,67,71905,0.2312,shrink
263_IipbxIu3QZA,30,2,13,124236,0.0564,vanish
263_IipbxIu3QZA,30,4,22,39051,0.0000,vanish
263_IipbxIu3QZA,30,5,29,181707,0.2083,shrink
263_IipbxIu3QZA,30,1,29,1316,0.0000,vanish
263_IipbxIu3QZA,30,3,49,25432,0.0000,vanish
263_IipbxIu3QZA,31,4,13,2765,0.0000,vanish
263_IipbxIu3QZA,31,2,13,71981,0.0111,vanish
263_IipbxIu3QZA,31,5,22,35885,0.0000,vanish
263_IipbxIu3QZA,31,1,49,6966,0.0000,vanish
263_IipbxIu3QZA,31,1,67,3438,0.0000,vanish
263_IipbxIu3QZA,32,2,13,16624,0.0000,vanish
263_IipbxIu3QZA,32,1,13,22482,0.0000,vanish
263_IipbxIu3QZA,32,5,22,35890,0.0000,vanish
263_IipbxIu3QZA,33,2,13,15204,0.0000,vanish
263_IipbxIu3QZA,33,5,22,28195,0.0000,vanish
263_IipbxIu3QZA,33,3,28,77082,0.0000,vanish
263_IipbxIu3QZA,34,1,13,4435,0.0000,vanish
263_IipbxIu3QZA,34,5,22,28789,0.0000,vanish
263_IipbxIu3QZA,34,2,28,43712,0.0000,vanish
263_IipbxIu3QZA,35,4,13,37799,0.0000,vanish
263_IipbxIu3QZA,35,5,22,33243,0.0000,vanish
263_IipbxIu3QZA,35,1,28,12937,0.0000,vanish
263_IipbxIu3QZA,35,1,67,4172,0.1779,shrink
263_IipbxIu3QZA,36,3,13,23298,0.0000,vanish
263_IipbxIu3QZA,36,2,15,831,0.0000,vanish
263_IipbxIu3QZA,36,4,22,27192,0.0000,vanish
263_IipbxIu3QZA,36,1,29,724,0.0000,vanish
263_IipbxIu3QZA,36,1,49,1832,0.0000,vanish
263_IipbxIu3QZA,37,2,13,9480,0.0000,vanish
263_IipbxIu3QZA,37,1,13,436,0.0000,vanish
263_IipbxIu3QZA,37,1,13,1980,0.0000,vanish
263_IipbxIu3QZA,37,3,22,21448,0.0000,vanish
263_IipbxIu3QZA,37,3,49,8016,0.0000,vanish
263_IipbxIu3QZA,37,1,67,319,0.0000,vanish
263_IipbxIu3QZA,38,1,13,3307,0.0000,vanish
263_IipbxIu3QZA,38,5,21,25651,0.0682,vanish
263_IipbxIu3QZA,38,2,49,6210,0.0000,vanish
263_IipbxIu3QZA,38,2,61,5804,0.0002,vanish
263_IipbxIu3QZA,39,5,21,29250,0.1660,shrink
263_IipbxIu3QZA,39,5,21,18588,0.2102,shrink
263_IipbxIu3QZA,39,1,49,1017,0.0000,vanish
263_IipbxIu3QZA,39,1,61,2107,0.0000,vanish
263_IipbxIu3QZA,42,2,27,10827,0.0000,vanish
263_IipbxIu3QZA,43,1,27,10063,0.0000,vanish
1686_dCbnygHO7zU,19,5,69,758,0.2427,shrink
1686_dCbnygHO7zU,20,5,69,632,0.1772,shrink
1686_dCbnygHO7zU,21,5,69,558,0.0000,vanish
1686_dCbnygHO7zU,22,4,69,445,0.0000,vanish
1686_dCbnygHO7zU,23,3,69,426,0.0000,vanish
1686_dCbnygHO7zU,32,1,0,334,0.0000,vanish
1834_6iGJb4wjYQY,0,4,20,1615,0.1127,shrink
1834_6iGJb4wjYQY,1,4,8,31546,0.0000,vanish
1834_6iGJb4wjYQY,1,3,20,1256,0.0812,vanish
1834_6iGJb4wjYQY,1,1,48,5347,0.0000,vanish
1834_6iGJb4wjYQY,2,3,8,23435,0.0000,vanish
1834_6iGJb4wjYQY,3,2,8,14617,0.0000,vanish
1834_6iGJb4wjYQY,4,1,8,2673,0.0000,vanish
1834_6iGJb4wjYQY,7,3,29,31381,0.0214,vanish
1834_6iGJb4wjYQY,8,3,8,307,0.0000,vanish
1834_6iGJb4wjYQY,8,3,29,16844,0.0001,vanish
1834_6iGJb4wjYQY,9,2,8,11223,0.0000,vanish
1834_6iGJb4wjYQY,9,2,29,4966,0.0000,vanish
1834_6iGJb4wjYQY,10,5,20,1399,0.0093,vanish
1834_6iGJb4wjYQY,11,5,13,14709,0.0388,vanish
1834_6iGJb4wjYQY,11,5,20,4672,0.0809,vanish
1834_6iGJb4wjYQY,12,5,13,35915,0.0212,vanish
1834_6iGJb4wjYQY,12,5,20,7495,0.1059,shrink
1834_6iGJb4wjYQY,12,5,23,6081,0.0839,vanish
1834_6iGJb4wjYQY,12,5,29,21142,0.0927,vanish
1834_6iGJb4wjYQY,13,5,13,36002,0.0281,vanish
1834_6iGJb4wjYQY,13,5,19,5218,0.0937,vanish
1834_6iGJb4wjYQY,13,5,20,1606,0.2410,shrink
1834_6iGJb4wjYQY,13,5,20,11628,0.1278,shrink
1834_6iGJb4wjYQY,13,5,23,28998,0.0928,vanish
1834_6iGJb4wjYQY,13,5,29,39984,0.0852,vanish
1834_6iGJb4wjYQY,14,5,13,35621,0.0347,vanish
1834_6iGJb4wjYQY,14,5,19,8725,0.0778,vanish
1834_6iGJb4wjYQY,14,5,20,3273,0.0144,vanish
1834_6iGJb4wjYQY,14,5,20,13601,0.1526,shrink
1834_6iGJb4wjYQY,14,5,29,42794,0.1220,shrink
1834_6iGJb4wjYQY,15,5,19,12093,0.0804,vanish
1834_6iGJb4wjYQY,15,5,20,4337,0.0042,vanish
1834_6iGJb4wjYQY,15,5,20,13786,0.1894,shrink
1834_6iGJb4wjYQY,16,5,19,11808,0.0714,vanish
1834_6iGJb4wjYQY,16,5,20,5027,0.0004,vanish
1834_6iGJb4wjYQY,16,5,20,14455,0.2218,shrink
1834_6iGJb4wjYQY,17,5,19,12809,0.0863,vanish
1834_6iGJb4wjYQY,17,5,20,5597,0.0005,vanish
1834_6iGJb4wjYQY,18,5,19,14040,0.0939,vanish
1834_6iGJb4wjYQY,18,5,20,5171,0.0027,vanish
1834_6iGJb4wjYQY,22,2,45,8135,0.0000,vanish
1834_6iGJb4wjYQY,23,2,13,2677,0.0000,vanish
1834_6iGJb4wjYQY,23,1,45,1374,0.0000,vanish
1834_6iGJb4wjYQY,24,2,13,11699,0.0000,vanish
1834_6iGJb4wjYQY,25,2,13,15467,0.0059,vanish
1834_6iGJb4wjYQY,25,1,23,1139,0.0000,vanish
1834_6iGJb4wjYQY,26,1,13,715,0.0000,vanish
1834_6iGJb4wjYQY,27,5,13,15493,0.0000,vanish
1834_6iGJb4wjYQY,27,5,23,1559,0.0000,vanish
1834_6iGJb4wjYQY,28,5,13,15773,0.0000,vanish
1834_6iGJb4wjYQY,28,4,23,1860,0.0000,vanish
1834_6iGJb4wjYQY,29,4,13,15555,0.0000,vanish
1834_6iGJb4wjYQY,29,3,13,332,0.0000,vanish
1834_6iGJb4wjYQY,29,3,23,2004,0.0000,vanish
1834_6iGJb4wjYQY,29,5,29,2311,0.0000,vanish
1834_6iGJb4wjYQY,29,3,67,3885,0.2317,shrink
1834_6iGJb4wjYQY,29,3,69,7037,0.1539,shrink
1834_6iGJb4wjYQY,30,4,13,14357,0.0000,vanish
1834_6iGJb4wjYQY,30,2,23,1966,0.0000,vanish
1834_6iGJb4wjYQY,30,4,29,2183,0.0000,vanish
1834_6iGJb4wjYQY,30,3,67,1711,0.1432,shrink
1834_6iGJb4wjYQY,30,2,69,5684,0.1427,shrink
1834_6iGJb4wjYQY,31,3,13,14283,0.0000,vanish
1834_6iGJb4wjYQY,31,1,23,590,0.0000,vanish
1834_6iGJb4wjYQY,31,5,29,9585,0.1937,shrink
1834_6iGJb4wjYQY,31,3,29,1682,0.0000,vanish
1834_6iGJb4wjYQY,31,2,67,341,0.0000,vanish
1834_6iGJb4wjYQY,31,2,67,3137,0.0695,vanish
1834_6iGJb4wjYQY,31,2,69,3299,0.0000,vanish
1834_6iGJb4wjYQY,32,3,13,14759,0.0000,vanish
1834_6iGJb4wjYQY,32,5,29,9434,0.0000,vanish
1834_6iGJb4wjYQY,32,2,29,1076,0.0000,vanish
1834_6iGJb4wjYQY,32,2,67,2730,0.1355,shrink
1834_6iGJb4wjYQY,32,1,69,811,0.0000,vanish
1834_6iGJb4wjYQY,33,5,8,7194,0.1963,shrink
1834_6iGJb4wjYQY,33,2,13,13609,0.0000,vanish
1834_6iGJb4wjYQY,33,4,29,8938,0.0000,vanish
1834_6iGJb4wjYQY,33,1,29,729,0.0000,vanish
1834_6iGJb4wjYQY,33,5,67,25038,0.1023,shrink
1834_6iGJb4wjYQY,33,1,67,870,0.0000,vanish
1834_6iGJb4wjYQY,34,5,8,7384,0.0710,vanish
1834_6iGJb4wjYQY,34,2,13,8966,0.0000,vanish
1834_6iGJb4wjYQY,34,3,29,7604,0.0000,vanish
1834_6iGJb4wjYQY,34,5,67,22652,0.0000,vanish
1834_6iGJb4wjYQY,35,1,13,1343,0.0000,vanish
1834_6iGJb4wjYQY,35,5,20,13645,0.1985,shrink
1834_6iGJb4wjYQY,35,2,29,5071,0.0000,vanish
1834_6iGJb4wjYQY,35,4,67,19623,0.0000,vanish
1834_6iGJb4wjYQY,35,5,67,118794,0.1992,shrink
1834_6iGJb4wjYQY,36,5,20,14098,0.0892,vanish
1834_6iGJb4wjYQY,36,1,29,2589,0.0000,vanish
1834_6iGJb4wjYQY,36,2,45,4596,0.0000,vanish
1834_6iGJb4wjYQY,36,3,67,16081,0.0000,vanish
1834_6iGJb4wjYQY,36,5,67,112680,0.0401,vanish
1834_6iGJb4wjYQY,37,5,20,14271,0.0262,vanish
1834_6iGJb4wjYQY,37,2,45,11520,0.0000,vanish
1834_6iGJb4wjYQY,37,2,67,10413,0.0000,vanish
1834_6iGJb4wjYQY,37,5,67,99568,0.0000,vanish
1834_6iGJb4wjYQY,37,5,69,46104,0.0970,vanish
1834_6iGJb4wjYQY,38,5,20,14454,0.0001,vanish
1834_6iGJb4wjYQY,38,1,67,2950,0.0000,vanish
1834_6iGJb4wjYQY,38,4,67,78227,0.0000,vanish
1834_6iGJb4wjYQY,38,5,69,39683,0.0000,vanish
1834_6iGJb4wjYQY,39,5,20,14737,0.0000,vanish
1834_6iGJb4wjYQY,39,3,67,53968,0.0000,vanish
1834_6iGJb4wjYQY,39,4,69,33330,0.0000,vanish
1834_6iGJb4wjYQY,40,4,20,14439,0.0021,vanish
1834_6iGJb4wjYQY,40,2,67,26340,0.0000,vanish
1834_6iGJb4wjYQY,40,3,69,24947,0.0000,vanish
1834_6iGJb4wjYQY,41,3,20,14460,0.0714,vanish
1834_6iGJb4wjYQY,41,1,67,4405,0.0000,vanish
1834_6iGJb4wjYQY,41,1,67,307,0.0000,vanish
1834_6iGJb4wjYQY,41,2,69,14639,0.0000,vanish
1834_6iGJb4wjYQY,42,2,13,34111,0.0715,vanish
1834_6iGJb4wjYQY,42,1,69,4470,0.0000,vanish
1834_6iGJb4wjYQY,43,1,13,35457,0.0893,vanish
1834_6iGJb4wjYQY,43,1,23,807,0.0000,vanish
1002_3nW_Y_u1S08,0,4,13,10752,0.0000,vanish
1002_3nW_Y_u1S08,0,4,19,5307,0.0032,vanish
1002_3nW_Y_u1S08,0,5,20,1489,0.2015,shrink
1002_3nW_Y_u1S08,1,3,13,10616,0.0000,vanish
1002_3nW_Y_u1S08,1,4,19,4690,0.0000,vanish
1002_3nW_Y_u1S08,2,3,13,11073,0.0000,vanish
1002_3nW_Y_u1S08,2,3,19,2095,0.0000,vanish
1002_3nW_Y_u1S08,2,4,21,11884,0.1702,shrink
1002_3nW_Y_u1S08,3,3,13,11106,0.0000,vanish
1002_3nW_Y_u1S08,3,2,19,415,0.0000,vanish
1002_3nW_Y_u1S08,3,5,21,9254,0.1561,shrink
1002_3nW_Y_u1S08,4,3,13,11274,0.0000,vanish
1002_3nW_Y_u1S08,4,4,19,11386,0.1123,shrink
1002_3nW_Y_u1S08,4,4,21,7858,0.1163,shrink
1002_3nW_Y_u1S08,5,4,13,11381,0.0000,vanish
1002_3nW_Y_u1S08,5,3,21,5969,0.1265,shrink
1002_3nW_Y_u1S08,6,4,13,11239,0.0138,vanish
1002_3nW_Y_u1S08,7,5,13,11272,0.0867,vanish
1002_3nW_Y_u1S08,8,4,13,2233,0.0000,vanish
1002_3nW_Y_u1S08,8,4,13,11691,0.2074,shrink
1002_3nW_Y_u1S08,8,4,13,705,0.0000,vanish
1002_3nW_Y_u1S08,9,5,13,13358,0.0000,vanish
1002_3nW_Y_u1S08,9,5,19,9862,0.2142,shrink
1002_3nW_Y_u1S08,9,5,21,17511,0.2164,shrink
1002_3nW_Y_u1S08,10,4,13,9621,0.0000,vanish
1002_3nW_Y_u1S08,10,5,13,11401,0.0000,vanish
1002_3nW_Y_u1S08,10,4,13,5536,0.0000,vanish
1002_3nW_Y_u1S08,10,5,21,1131,0.0000,vanish
1002_3nW_Y_u1S08,11,3,13,11758,0.0000,vanish
1002_3nW_Y_u1S08,11,4,13,11268,0.0000,vanish
1002_3nW_Y_u1S08,11,5,19,11752,0.2040,shrink
1002_3nW_Y_u1S08,11,4,21,4612,0.0000,vanish
1002_3nW_Y_u1S08,12,5,13,8108,0.0000,vanish
1002_3nW_Y_u1S08,12,5,13,11405,0.0000,vanish
1002_3nW_Y_u1S08,12,2,21,15812,0.2318,shrink
1002_3nW_Y_u1S08,12,3,21,3007,0.0000,vanish
1002_3nW_Y_u1S08,13,4,13,8687,0.0000,vanish
1002_3nW_Y_u1S08,13,4,13,11146,0.0000,vanish
1002_3nW_Y_u1S08,13,3,19,11780,0.1297,shrink
1002_3nW_Y_u1S08,13,2,21,5893,0.0000,vanish
1002_3nW_Y_u1S08,14,3,13,8563,0.0517,vanish
1002_3nW_Y_u1S08,14,3,13,11013,0.1047,shrink
1002_3nW_Y_u1S08,14,1,19,15838,0.0648,vanish
1002_3nW_Y_u1S08,14,1,21,8930,0.0672,vanish
1002_3nW_Y_u1S08,15,5,13,8853,0.0334,vanish
1002_3nW_Y_u1S08,15,5,13,11761,0.0013,vanish
1002_3nW_Y_u1S08,16,5,13,8074,0.0007,vanish
1002_3nW_Y_u1S08,16,5,13,11775,0.0056,vanish
1002_3nW_Y_u1S08,18,4,13,8593,0.1266,shrink
1002_3nW_Y_u1S08,18,4,13,11635,0.2058,shrink
1002_3nW_Y_u1S08,19,3,13,7948,0.1967,shrink
1002_3nW_Y_u1S08,19,3,13,11652,0.1576,shrink
1002_3nW_Y_u1S08,20,5,19,18744,0.0059,vanish
1002_3nW_Y_u1S08,20,5,21,23659,0.2356,shrink
1002_3nW_Y_u1S08,21,5,13,7726,0.2405,shrink
1002_3nW_Y_u1S08,21,4,19,16564,0.0131,vanish
1002_3nW_Y_u1S08,21,5,19,6361,0.1228,shrink
1002_3nW_Y_u1S08,21,5,21,22866,0.1099,shrink
1002_3nW_Y_u1S08,22,5,13,7493,0.0000,vanish
1002_3nW_Y_u1S08,22,2,19,19195,0.0001,vanish
1002_3nW_Y_u1S08,22,4,19,4543,0.0493,vanish
1002_3nW_Y_u1S08,22,3,21,20817,0.0970,vanish
1002_3nW_Y_u1S08,23,4,13,7309,0.0000,vanish
1002_3nW_Y_u1S08,23,5,13,11797,0.0613,vanish
1002_3nW_Y_u1S08,23,2,19,19547,0.0377,vanish
1002_3nW_Y_u1S08,23,3,19,8449,0.2225,shrink
1002_3nW_Y_u1S08,23,3,21,23740,0.1104,shrink
1002_3nW_Y_u1S08,24,3,13,7561,0.0000,vanish
1002_3nW_Y_u1S08,24,5,13,11599,0.0000,vanish
1002_3nW_Y_u1S08,24,5,21,1468,0.0872,vanish
1002_3nW_Y_u1S08,25,2,13,6966,0.0000,vanish
1002_3nW_Y_u1S08,25,4,13,11833,0.0000,vanish
1002_3nW_Y_u1S08,25,3,21,4062,0.2181,shrink
1002_3nW_Y_u1S08,26,3,13,6619,0.0000,vanish
1002_3nW_Y_u1S08,26,4,13,11189,0.0000,vanish
1002_3nW_Y_u1S08,26,2,21,7764,0.1430,shrink
1002_3nW_Y_u1S08,27,3,13,6581,0.0000,vanish
1002_3nW_Y_u1S08,27,5,13,11536,0.0336,vanish
1002_3nW_Y_u1S08,27,1,21,4564,0.2088,shrink
1002_3nW_Y_u1S08,27,1,21,423,0.2270,shrink
1002_3nW_Y_u1S08,28,2,13,6721,0.0000,vanish
1002_3nW_Y_u1S08,28,5,13,11935,0.0297,vanish
1002_3nW_Y_u1S08,28,5,19,17323,0.0270,vanish
1002_3nW_Y_u1S08,28,5,19,27471,0.2366,shrink
1002_3nW_Y_u1S08,28,4,21,24982,0.2168,shrink
1002_3nW_Y_u1S08,29,2,13,6588,0.0000,vanish
1002_3nW_Y_u1S08,29,5,13,11569,0.0016,vanish
1002_3nW_Y_u1S08,29,4,19,17498,0.0289,vanish
1002_3nW_Y_u1S08,29,5,21,24981,0.2218,shrink
1002_3nW_Y_u1S08,30,3,13,6725,0.0000,vanish
1002_3nW_Y_u1S08,30,5,13,11748,0.0000,vanish
1002_3nW_Y_u1S08,30,3,19,14030,0.1270,shrink
1002_3nW_Y_u1S08,31,3,13,7029,0.0000,vanish
1002_3nW_Y_u1S08,31,5,13,11366,0.0000,vanish
1002_3nW_Y_u1S08,31,2,19,14847,0.2268,shrink
1002_3nW_Y_u1S08,32,3,13,6560,0.0000,vanish
1002_3nW_Y_u1S08,32,4,13,11791,0.0000,vanish
1002_3nW_Y_u1S08,33,3,13,6379,0.0000,vanish
1002_3nW_Y_u1S08,33,3,13,11626,0.0000,vanish
1002_3nW_Y_u1S08,34,4,13,6228,0.0000,vanish
1002_3nW_Y_u1S08,34,5,13,11444,0.0000,vanish
1002_3nW_Y_u1S08,35,4,13,6257,0.0000,vanish
1002_3nW_Y_u1S08,35,4,13,11491,0.0000,vanish
1002_3nW_Y_u1S08,36,4,13,5634,0.0000,vanish
1002_3nW_Y_u1S08,36,5,13,11069,0.0000,vanish
1002_3nW_Y_u1S08,37,3,13,6323,0.0000,vanish
1002_3nW_Y_u1S08,37,4,13,11325,0.0000,vanish
1002_3nW_Y_u1S08,37,4,19,12592,0.1422,shrink
1002_3nW_Y_u1S08,37,5,29,3957,0.2282,shrink
1002_3nW_Y_u1S08,38,3,13,6480,0.0000,vanish
1002_3nW_Y_u1S08,38,4,13,11780,0.0000,vanish
1002_3nW_Y_u1S08,38,4,29,3492,0.1592,shrink
1002_3nW_Y_u1S08,39,2,13,6077,0.0000,vanish
1002_3nW_Y_u1S08,39,3,13,11394,0.0000,vanish
1002_3nW_Y_u1S08,39,3,29,2698,0.0719,vanish
1002_3nW_Y_u1S08,40,2,13,6645,0.0000,vanish
1002_3nW_Y_u1S08,40,3,13,11220,0.0000,vanish
1002_3nW_Y_u1S08,40,2,29,2038,0.0397,vanish
1002_3nW_Y_u1S08,41,2,13,6301,0.0000,vanish
1002_3nW_Y_u1S08,41,3,13,11061,0.0001,vanish
1002_3nW_Y_u1S08,41,2,29,749,0.0000,vanish
1002_3nW_Y_u1S08,42,2,13,6244,0.0136,vanish
1002_3nW_Y_u1S08,42,2,13,11179,0.0163,vanish
1378_cFh9HDRD7GQ,24,5,1,1999,0.0160,vanish
1378_cFh9HDRD7GQ,25,5,1,1550,0.0000,vanish
1378_cFh9HDRD7GQ,26,4,1,1064,0.0000,vanish
1378_cFh9HDRD7GQ,27,3,1,895,0.0000,vanish
1378_cFh9HDRD7GQ,27,5,41,4852,0.1521,shrink
1378_cFh9HDRD7GQ,28,2,1,660,0.0000,vanish
1378_cFh9HDRD7GQ,28,5,6,11705,0.2362,shrink
1378_cFh9HDRD7GQ,28,5,41,4190,0.0000,vanish
1378_cFh9HDRD7GQ,29,4,41,3791,0.0000,vanish
1378_cFh9HDRD7GQ,30,5,6,1134,0.0000,vanish
1378_cFh9HDRD7GQ,30,3,41,2294,0.0000,vanish
1378_cFh9HDRD7GQ,31,4,6,959,0.0000,vanish
1378_cFh9HDRD7GQ,31,2,41,1791,0.0000,vanish
1378_cFh9HDRD7GQ,32,5,6,964,0.0000,vanish
1378_cFh9HDRD7GQ,32,1,41,788,0.0000,vanish
1378_cFh9HDRD7GQ,33,5,6,910,0.0000,vanish
1378_cFh9HDRD7GQ,34,4,6,792,0.0000,vanish
1378_cFh9HDRD7GQ,35,5,6,782,0.0141,vanish
1378_cFh9HDRD7GQ,36,5,3,13291,0.2328,shrink
1378_cFh9HDRD7GQ,36,5,6,842,0.0665,vanish
1378_cFh9HDRD7GQ,37,5,3,11384,0.1906,shrink
1378_cFh9HDRD7GQ,37,5,6,736,0.0190,vanish
1378_cFh9HDRD7GQ,39,5,3,6958,0.0020,vanish
1378_cFh9HDRD7GQ,40,4,3,4919,0.0028,vanish
1378_cFh9HDRD7GQ,41,3,3,4373,0.0032,vanish
1378_cFh9HDRD7GQ,42,2,3,2840,0.0032,vanish
1378_cFh9HDRD7GQ,43,1,3,2652,0.0053,vanish
1931_LaS9diS8990,0,1,9,8221,0.0000,vanish
1931_LaS9diS8990,0,1,104,331,0.0000,vanish
1931_LaS9diS8990,1,5,1,14360,0.0000,vanish
1931_LaS9diS8990,2,4,1,13424,0.0000,vanish
1931_LaS9diS8990,2,5,1,32646,0.1974,shrink
1931_LaS9diS8990,2,3,104,1972,0.0000,vanish
1931_LaS9diS8990,3,3,1,13824,0.0000,vanish
1931_LaS9diS8990,3,4,1,31534,0.1937,shrink
1931_LaS9diS8990,3,2,104,1584,0.0000,vanish
1931_LaS9diS8990,3,5,104,5785,0.1722,shrink
1931_LaS9diS8990,4,2,1,13969,0.0000,vanish
1931_LaS9diS8990,4,5,1,43699,0.2091,shrink
1931_LaS9diS8990,4,2,1,3542,0.0000,vanish
1931_LaS9diS8990,4,3,1,1418,0.0000,vanish
1931_LaS9diS8990,4,1,104,1197,0.0000,vanish
1931_LaS9diS8990,4,5,104,7980,0.0612,vanish
1931_LaS9diS8990,5,2,1,14099,0.0006,vanish
1931_LaS9diS8990,5,5,1,31407,0.1791,shrink
1931_LaS9diS8990,5,1,1,909,0.0000,vanish
1931_LaS9diS8990,5,1,1,364,0.0000,vanish
1931_LaS9diS8990,5,5,104,10277,0.0315,vanish
1931_LaS9diS8990,6,2,1,11683,0.0000,vanish
1931_LaS9diS8990,6,2,1,13594,0.1440,shrink
1931_LaS9diS8990,6,5,1,30250,0.0608,vanish
1931_LaS9diS8990,6,5,104,10230,0.1058,shrink
1931_LaS9diS8990,7,1,1,11692,0.0000,vanish
1931_LaS9diS8990,7,1,1,13383,0.0172,vanish
1931_LaS9diS8990,7,4,1,29116,0.0658,vanish
1931_LaS9diS8990,7,5,104,9991,0.0087,vanish
1931_LaS9diS8990,8,5,1,11786,0.0000,vanish
1931_LaS9diS8990,8,4,1,11251,0.0502,vanish
1931_LaS9diS8990,8,3,1,10868,0.0093,vanish
1931_LaS9diS8990,8,5,1,35110,0.1359,shrink
1931_LaS9diS8990,8,3,104,2506,0.0000,vanish
1931_LaS9diS8990,8,5,104,3049,0.0000,vanish
1931_LaS9diS8990,9,4,1,10747,0.0000,vanish
1931_LaS9diS8990,9,3,1,7026,0.0804,vanish
1931_LaS9diS8990,9,3,1,6462,0.0000,vanish
1931_LaS9diS8990,9,5,1,32026,0.0349,vanish
1931_LaS9diS8990,9,2,104,705,0.0000,vanish
1931_LaS9diS8990,9,4,104,2404,0.0000,vanish
1931_LaS9diS8990,9,2,104,312,0.0000,vanish
1931_LaS9diS8990,10,3,1,10115,0.0000,vanish
1931_LaS9diS8990,10,5,1,18330,0.1294,shrink
1931_LaS9diS8990,10,5,1,3594,0.0420,vanish
1931_LaS9diS8990,10,2,1,2823,0.0000,vanish
1931_LaS9diS8990,10,5,1,29813,0.0000,vanish
1931_LaS9diS8990,10,3,104,1747,0.0000,vanish
1931_LaS9diS8990,11,2,1,9709,0.0000,vanish
1931_LaS9diS8990,11,4,1,14814,0.0282,vanish
1931_LaS9diS8990,11,1,1,698,0.0000,vanish
1931_LaS9diS8990,11,3,1,1726,0.0000,vanish
1931_LaS9diS8990,11,4,1,26317,0.0000,vanish
1931_LaS9diS8990,11,2,104,1236,0.0000,vanish
1931_LaS9diS8990,12,4,1,6948,0.0000,vanish
1931_LaS9diS8990,12,2,1,8957,0.0000,vanish
1931_LaS9diS8990,12,4,1,13879,0.0220,vanish
1931_LaS9diS8990,12,4,1,565,0.0000,vanish
1931_LaS9diS8990,12,1,1,2503,0.0000,vanish
1931_LaS9diS8990,12,3,1,14151,0.0000,vanish
1931_LaS9diS8990,13,4,1,16151,0.0000,vanish
1931_LaS9diS8990,13,2,1,8428,0.0000,vanish
1931_LaS9diS8990,13,4,1,12911,0.0201,vanish
1931_LaS9diS8990,13,3,1,1320,0.0000,vanish
1931_LaS9diS8990,13,4,1,18495,0.2208,shrink
1931_LaS9diS8990,13,2,1,4773,0.0000,vanish
1931_LaS9diS8990,14,4,1,20169,0.0000,vanish
1931_LaS9diS8990,14,2,1,8420,0.0000,vanish
1931_LaS9diS8990,14,4,1,13235,0.0448,vanish
1931_LaS9diS8990,14,2,1,690,0.0000,vanish
1931_LaS9diS8990,14,2,1,4504,0.0000,vanish
1931_LaS9diS8990,14,3,1,15600,0.1276,shrink
1931_LaS9diS8990,14,1,1,1119,0.0000,vanish
1931_LaS9diS8990,15,2,1,11592,0.0600,vanish
1931_LaS9diS8990,15,3,1,22611,0.0080,vanish
1931_LaS9diS8990,15,1,14,2234,0.0090,vanish
1931_LaS9diS8990,16,2,1,22422,0.2015,shrink
1931_LaS9diS8990,16,1,1,8469,0.0000,vanish
1931_LaS9diS8990,16,2,1,11989,0.2426,shrink
1931_LaS9diS8990,16,3,1,8887,0.0111,vanish
1931_LaS9diS8990,16,1,1,4874,0.0000,vanish
1931_LaS9diS8990,22,5,1,7299,0.1334,shrink
1931_LaS9diS8990,23,5,1,18817,0.1026,shrink
1931_LaS9diS8990,23,4,1,7016,0.0381,vanish
1931_LaS9diS8990,23,5,1,6452,0.0146,vanish
1931_LaS9diS8990,23,5,1,11052,0.2376,shrink
1931_LaS9diS8990,24,5,1,18644,0.0000,vanish
1931_LaS9diS8990,24,3,1,7079,0.0209,vanish
1931_LaS9diS8990,24,5,1,6925,0.0000,vanish
1931_LaS9diS8990,24,5,1,12372,0.0125,vanish
1931_LaS9diS8990,24,5,94,58120,0.0792,vanish
1931_LaS9diS8990,25,5,1,19230,0.0000,vanish
1931_LaS9diS8990,25,3,1,7649,0.1127,shrink
1931_LaS9diS8990,25,4,1,7459,0.0000,vanish
1931_LaS9diS8990,25,5,1,13442,0.0152,vanish
1931_LaS9diS8990,25,5,94,50549,0.0000,vanish
1931_LaS9diS8990,26,4,1,19616,0.0000,vanish
1931_LaS9diS8990,26,2,1,7434,0.0503,vanish
1931_LaS9diS8990,26,4,1,7731,0.0000,vanish
1931_LaS9diS8990,26,4,1,14031,0.0127,vanish
1931_LaS9diS8990,26,4,94,42732,0.0000,vanish
1931_LaS9diS8990,27,3,1,17426,0.0000,vanish
1931_LaS9diS8990,27,5,1,6930,0.0556,vanish
1931_LaS9diS8990,27,3,1,6940,0.0000,vanish
1931_LaS9diS8990,27,4,1,15351,0.0580,vanish
1931_LaS9diS8990,27,3,94,35101,0.0000,vanish
1931_LaS9diS8990,28,3,1,15873,0.0000,vanish
1931_LaS9diS8990,28,4,1,6569,0.0000,vanish
1931_LaS9diS8990,28,4,1,6633,0.0000,vanish
1931_LaS9diS8990,28,4,1,16372,0.0565,vanish
1931_LaS9diS8990,28,2,94,18519,0.0000,vanish
1931_LaS9diS8990,29,3,1,15112,0.0000,vanish
1931_LaS9diS8990,29,3,1,6277,0.0000,vanish
1931_LaS9diS8990,29,4,1,6542,0.0451,vanish
1931_LaS9diS8990,29,1,94,4603,0.0000,vanish
1931_LaS9diS8990,30,2,1,13699,0.0000,vanish
1931_LaS9diS8990,31,1,1,8628,0.0000,vanish
1931_LaS9diS8990,31,3,1,7834,0.0000,vanish
1931_LaS9diS8990,32,5,1,8117,0.0495,vanish
1931_LaS9diS8990,32,1,104,798,0.0000,vanish
1931_LaS9diS8990,33,5,1,4071,0.0000,vanish
1931_LaS9diS8990,34,5,1,9094,0.0515,vanish
1931_LaS9diS8990,34,4,1,3917,0.0000,vanish
1931_LaS9diS8990,35,5,1,9476,0.0033,vanish
1931_LaS9diS8990,35,5,1,19642,0.2063,shrink
1931_LaS9diS8990,35,3,1,2819,0.0000,vanish
1931_LaS9diS8990,36,4,1,8976,0.1080,shrink
1931_LaS9diS8990,36,2,1,3792,0.0000,vanish
1931_LaS9diS8990,37,1,1,2146,0.0000,vanish
1931_LaS9diS8990,38,5,1,6137,0.0336,vanish
1931_LaS9diS8990,39,4,1,4808,0.0000,vanish
1931_LaS9diS8990,39,5,1,11546,0.1793,shrink
1931_LaS9diS8990,39,2,1,842,0.0000,vanish
1931_LaS9diS8990,39,5,3,39795,0.1928,shrink
1931_LaS9diS8990,40,3,1,4496,0.0000,vanish
1931_LaS9diS8990,40,4,1,10758,0.1415,shrink
1931_LaS9diS8990,40,1,1,1071,0.0000,vanish
1931_LaS9diS8990,40,4,3,33779,0.2188,shrink
1931_LaS9diS8990,41,2,1,4222,0.0000,vanish
1931_LaS9diS8990,41,3,1,11016,0.2409,shrink
1931_LaS9diS8990,41,3,3,32717,0.2370,shrink
1931_LaS9diS8990,42,2,1,4094,0.0838,vanish
1931_LaS9diS8990,42,1,14,842,0.0000,vanish
76_GOC-s5SM0YU,13,5,21,619,0.2310,shrink
76_GOC-s5SM0YU,14,5,21,585,0.0701,vanish
76_GOC-s5SM0YU,14,5,67,1162,0.0000,vanish
76_GOC-s5SM0YU,15,5,21,523,0.1262,shrink
76_GOC-s5SM0YU,16,5,21,482,0.2054,shrink
76_GOC-s5SM0YU,16,3,67,1063,0.0000,vanish
76_GOC-s5SM0YU,17,2,67,914,0.0000,vanish
76_GOC-s5SM0YU,18,1,67,780,0.0000,vanish
76_GOC-s5SM0YU,25,5,21,457,0.0044,vanish
76_GOC-s5SM0YU,26,5,21,607,0.0049,vanish
76_GOC-s5SM0YU,27,5,21,440,0.0000,vanish
76_GOC-s5SM0YU,28,4,21,485,0.0000,vanish
76_GOC-s5SM0YU,29,3,21,340,0.0000,vanish
76_GOC-s5SM0YU,31,3,21,306,0.0000,vanish
76_GOC-s5SM0YU,41,3,21,534,0.0000,vanish
76_GOC-s5SM0YU,42,2,21,410,0.0000,vanish
76_GOC-s5SM0YU,43,1,21,426,0.0000,vanish
974_LqKPtaJ6wy4,0,5,1,13011,0.0958,vanish
974_LqKPtaJ6wy4,0,1,1,1479,0.0000,vanish
974_LqKPtaJ6wy4,0,1,1,661,0.0000,vanish
974_LqKPtaJ6wy4,0,5,60,59294,0.1966,shrink
974_LqKPtaJ6wy4,0,4,107,17012,0.0000,vanish
974_LqKPtaJ6wy4,0,3,107,10189,0.0000,vanish
974_LqKPtaJ6wy4,1,5,1,8771,0.0141,vanish
974_LqKPtaJ6wy4,1,1,14,2121,0.2098,shrink
974_LqKPtaJ6wy4,1,5,60,55372,0.1497,shrink
974_LqKPtaJ6wy4,1,3,107,11303,0.0000,vanish
974_LqKPtaJ6wy4,1,2,107,6619,0.0000,vanish
974_LqKPtaJ6wy4,2,1,1,5138,0.0000,vanish
974_LqKPtaJ6wy4,2,5,60,51288,0.0724,vanish
974_LqKPtaJ6wy4,2,2,107,6926,0.0000,vanish
974_LqKPtaJ6wy4,2,1,107,3343,0.0000,vanish
974_LqKPtaJ6wy4,3,5,60,45012,0.0000,vanish
974_LqKPtaJ6wy4,3,1,107,2713,0.0000,vanish
974_LqKPtaJ6wy4,4,4,60,28868,0.0000,vanish
974_LqKPtaJ6wy4,5,1,1,950,0.0000,vanish
974_LqKPtaJ6wy4,5,2,1,2536,0.0000,vanish
974_LqKPtaJ6wy4,5,3,60,13610,0.0000,vanish
974_LqKPtaJ6wy4,5,1,60,406,0.0000,vanish
974_LqKPtaJ6wy4,5,2,60,1702,0.0000,vanish
974_LqKPtaJ6wy4,6,1,1,668,0.0000,vanish
974_LqKPtaJ6wy4,6,2,60,8429,0.0000,vanish
974_LqKPtaJ6wy4,6,1,60,618,0.0000,vanish
974_LqKPtaJ6wy4,7,5,1,98338,0.0000,vanish
974_LqKPtaJ6wy4,7,1,60,3714,0.0000,vanish
974_LqKPtaJ6wy4,7,5,69,40928,0.0000,vanish
974_LqKPtaJ6wy4,7,5,109,34014,0.1541,shrink
974_LqKPtaJ6wy4,8,4,1,90820,0.0000,vanish
974_LqKPtaJ6wy4,8,1,3,1256,0.0000,vanish
974_LqKPtaJ6wy4,8,4,69,35518,0.0000,vanish
974_LqKPtaJ6wy4,8,5,90,169889,0.1395,shrink
974_LqKPtaJ6wy4,8,5,91,33427,0.0411,vanish
974_LqKPtaJ6wy4,8,5,109,35865,0.0000,vanish
974_LqKPtaJ6wy4,9,3,1,86023,0.0000,vanish
974_LqKPtaJ6wy4,9,3,69,26747,0.0000,vanish
974_LqKPtaJ6wy4,9,5,90,158204,0.0000,vanish
974_LqKPtaJ6wy4,9,5,91,36025,0.0000,vanish
974_LqKPtaJ6wy4,9,4,109,33555,0.0000,vanish
974_LqKPtaJ6wy4,10,2,1,76002,0.0000,vanish
974_LqKPtaJ6wy4,10,2,69,19155,0.0000,vanish
974_LqKPtaJ6wy4,10,4,90,149089,0.0000,vanish
974_LqKPtaJ6wy4,10,4,91,38716,0.0000,vanish
974_LqKPtaJ6wy4,10,3,109,28473,0.0000,vanish
974_LqKPtaJ6wy4,11,1,1,58545,0.0000,vanish
974_LqKPtaJ6wy4,11,5,1,253667,0.1928,shrink
974_LqKPtaJ6wy4,11,5,3,515765,0.2242,shrink
974_LqKPtaJ6wy4,11,1,69,12456,0.0000,vanish
974_LqKPtaJ6wy4,11,3,90,129220,0.0000,vanish
974_LqKPtaJ6wy4,11,3,91,36047,0.0000,vanish
974_LqKPtaJ6wy4,11,2,109,23937,0.0000,vanish
974_LqKPtaJ6wy4,11,1,109,628,0.0000,vanish
974_LqKPtaJ6wy4,12,5,1,254504,0.1312,shrink
974_LqKPtaJ6wy4,12,5,3,552080,0.2120,shrink
974_LqKPtaJ6wy4,12,2,90,81171,0.0000,vanish
974_LqKPtaJ6wy4,12,1,109,13443,0.0000,vanish
974_LqKPtaJ6wy4,13,5,1,253978,0.0920,vanish
974_LqKPtaJ6wy4,13,5,3,516073,0.0978,vanish
974_LqKPtaJ6wy4,13,1,90,31248,0.0000,vanish
974_LqKPtaJ6wy4,14,5,1,259843,0.1323,shrink
974_LqKPtaJ6wy4,14,5,3,448987,0.0006,vanish
974_LqKPtaJ6wy4,15,5,3,359358,0.0000,vanish
974_LqKPtaJ6wy4,16,3,0,79681,0.0000,vanish
974_LqKPtaJ6wy4,16,3,1,58304,0.0000,vanish
974_LqKPtaJ6wy4,16,4,3,264141,0.0000,vanish
974_LqKPtaJ6wy4,16,5,79,7620,0.0029,vanish
974_LqKPtaJ6wy4,17,4,0,84363,0.0000,vanish
974_LqKPtaJ6wy4,17,3,1,56391,0.0000,vanish
974_LqKPtaJ6wy4,17,3,3,172137,0.0000,vanish
974_LqKPtaJ6wy4,17,5,79,15426,0.0436,vanish
974_LqKPtaJ6wy4,17,5,107,45685,0.1931,shrink
974_LqKPtaJ6wy4,18,4,0,87119,0.0000,vanish
974_LqKPtaJ6wy4,18,3,1,43415,0.0000,vanish
974_LqKPtaJ6wy4,18,2,3,67616,0.0000,vanish
974_LqKPtaJ6wy4,18,5,79,22645,0.1297,shrink
974_LqKPtaJ6wy4,18,5,107,74966,0.2363,shrink
974_LqKPtaJ6wy4,19,4,0,91924,0.0000,vanish
974_LqKPtaJ6wy4,19,3,1,59585,0.0000,vanish
974_LqKPtaJ6wy4,19,5,79,28374,0.1275,shrink
974_LqKPtaJ6wy4,19,5,107,98256,0.2299,shrink
974_LqKPtaJ6wy4,20,4,0,95052,0.0000,vanish
974_LqKPtaJ6wy4,20,3,1,47399,0.0000,vanish
974_LqKPtaJ6wy4,20,5,79,31918,0.0995,vanish
974_LqKPtaJ6wy4,20,5,107,118358,0.2008,shrink
974_LqKPtaJ6wy4,21,3,0,77203,0.0000,vanish
974_LqKPtaJ6wy4,21,4,1,48467,0.0000,vanish
974_LqKPtaJ6wy4,21,5,1,101971,0.1729,shrink
974_LqKPtaJ6wy4,21,5,107,127405,0.2007,shrink
974_LqKPtaJ6wy4,22,2,0,39956,0.0000,vanish
974_LqKPtaJ6wy4,22,3,1,50863,0.0000,vanish
974_LqKPtaJ6wy4,22,4,1,60166,0.1320,shrink
974_LqKPtaJ6wy4,22,3,91,2118,0.0000,vanish
974_LqKPtaJ6wy4,23,1,0,9109,0.0000,vanish
974_LqKPtaJ6wy4,23,3,1,63848,0.0000,vanish
974_LqKPtaJ6wy4,23,3,1,19285,0.0000,vanish
974_LqKPtaJ6wy4,23,3,1,3881,0.0000,vanish
974_LqKPtaJ6wy4,23,3,60,36690,0.0000,vanish
974_LqKPtaJ6wy4,23,5,90,64499,0.0000,vanish
974_LqKPtaJ6wy4,24,2,1,31074,0.0000,vanish
974_LqKPtaJ6wy4,24,2,1,2015,0.0000,vanish
974_LqKPtaJ6wy4,24,2,60,27751,0.0000,vanish
974_LqKPtaJ6wy4,24,4,90,46890,0.0000,vanish
974_LqKPtaJ6wy4,25,1,1,26060,0.0000,vanish
974_LqKPtaJ6wy4,25,4,1,9444,0.0000,vanish
974_LqKPtaJ6wy4,25,1,60,2649,0.0000,vanish
974_LqKPtaJ6wy4,25,3,90,34132,0.0000,vanish
974_LqKPtaJ6wy4,26,1,3,303,0.0000,vanish
974_LqKPtaJ6wy4,26,2,90,21444,0.0000,vanish
974_LqKPtaJ6wy4,27,2,1,19635,0.0000,vanish
974_LqKPtaJ6wy4,27,1,90,554,0.0000,vanish
974_LqKPtaJ6wy4,28,2,0,7370,0.0000,vanish
974_LqKPtaJ6wy4,29,3,1,11306,0.0000,vanish
974_LqKPtaJ6wy4,29,4,14,1527,0.0000,vanish
974_LqKPtaJ6wy4,30,4,89,50345,0.0000,vanish
974_LqKPtaJ6wy4,30,1,93,4208,0.1690,shrink
974_LqKPtaJ6wy4,31,3,89,38042,0.0000,vanish
974_LqKPtaJ6wy4,32,2,89,18082,0.0000,vanish
974_LqKPtaJ6wy4,33,1,89,1357,0.0000,vanish
1137_bsPaSXpbqrI,0,4,76,11302,0.0000,vanish
1137_bsPaSXpbqrI,0,4,91,28648,0.0000,vanish
1137_bsPaSXpbqrI,0,5,105,72990,0.0865,vanish
1137_bsPaSXpbqrI,1,5,1,27091,0.2348,shrink
1137_bsPaSXpbqrI,1,3,76,10955,0.0000,vanish
1137_bsPaSXpbqrI,1,3,91,23309,0.0000,vanish
1137_bsPaSXpbqrI,1,5,105,71699,0.0019,vanish
1137_bsPaSXpbqrI,2,5,1,26566,0.2033,shrink
1137_bsPaSXpbqrI,2,3,76,10622,0.0000,vanish
1137_bsPaSXpbqrI,2,3,91,19613,0.0000,vanish
1137_bsPaSXpbqrI,2,5,105,60107,0.0000,vanish
1137_bsPaSXpbqrI,3,5,1,27794,0.2293,shrink
1137_bsPaSXpbqrI,3,3,76,9965,0.0000,vanish
1137_bsPaSXpbqrI,3,5,91,13402,0.0000,vanish
1137_bsPaSXpbqrI,3,4,105,19903,0.0000,vanish
1137_bsPaSXpbqrI,4,5,1,28527,0.2323,shrink
1137_bsPaSXpbqrI,4,5,8,38457,0.2257,shrink
1137_bsPaSXpbqrI,4,3,76,9253,0.0000,vanish
1137_bsPaSXpbqrI,4,5,91,11776,0.1465,shrink
1137_bsPaSXpbqrI,4,3,105,13741,0.0000,vanish
1137_bsPaSXpbqrI,5,5,1,28744,0.2043,shrink
1137_bsPaSXpbqrI,5,5,1,34245,0.2250,shrink
1137_bsPaSXpbqrI,5,5,8,34927,0.0484,vanish
1137_bsPaSXpbqrI,5,3,76,8955,0.0000,vanish
1137_bsPaSXpbqrI,5,5,91,13211,0.0000,vanish
1137_bsPaSXpbqrI,5,2,105,6316,0.0000,vanish
1137_bsPaSXpbqrI,6,5,1,28739,0.2231,shrink
1137_bsPaSXpbqrI,6,5,1,28914,0.1849,shrink
1137_bsPaSXpbqrI,6,5,8,28797,0.0173,vanish
1137_bsPaSXpbqrI,6,3,76,8721,0.0000,vanish
1137_bsPaSXpbqrI,6,5,91,19564,0.0139,vanish
1137_bsPaSXpbqrI,7,5,1,28869,0.2284,shrink
1137_bsPaSXpbqrI,7,5,1,22979,0.1079,shrink
1137_bsPaSXpbqrI,7,5,8,22121,0.0000,vanish
1137_bsPaSXpbqrI,7,5,14,71649,0.2257,shrink
1137_bsPaSXpbqrI,7,2,60,318,0.0000,vanish
1137_bsPaSXpbqrI,7,3,76,7906,0.0000,vanish
1137_bsPaSXpbqrI,7,5,91,28407,0.0057,vanish
1137_bsPaSXpbqrI,8,5,1,29444,0.2226,shrink
1137_bsPaSXpbqrI,8,5,1,20453,0.0253,vanish
1137_bsPaSXpbqrI,8,4,8,18191,0.0000,vanish
1137_bsPaSXpbqrI,8,5,14,65943,0.1938,shrink
1137_bsPaSXpbqrI,8,2,76,7900,0.0000,vanish
1137_bsPaSXpbqrI,8,5,91,30840,0.0000,vanish
1137_bsPaSXpbqrI,9,5,1,14210,0.0000,vanish
1137_bsPaSXpbqrI,9,3,8,11033,0.0000,vanish
1137_bsPaSXpbqrI,9,5,14,53548,0.2062,shrink
1137_bsPaSXpbqrI,9,5,91,33699,0.0158,vanish
1137_bsPaSXpbqrI,10,4,1,7706,0.0000,vanish
1137_bsPaSXpbqrI,10,1,8,485,0.0000,vanish
1137_bsPaSXpbqrI,10,2,8,2314,0.0000,vanish
1137_bsPaSXpbqrI,10,5,14,41274,0.1982,shrink
1137_bsPaSXpbqrI,10,5,91,33969,0.0370,vanish
1137_bsPaSXpbqrI,11,3,1,5345,0.0000,vanish
1137_bsPaSXpbqrI,11,1,8,852,0.0000,vanish
1137_bsPaSXpbqrI,11,1,14,316,0.0000,vanish
1137_bsPaSXpbqrI,11,5,14,35089,0.2203,shrink
1137_bsPaSXpbqrI,11,5,91,33093,0.1187,shrink
1137_bsPaSXpbqrI,12,2,1,2480,0.0000,vanish
1137_bsPaSXpbqrI,13,1,1,518,0.0000,vanish
1137_bsPaSXpbqrI,14,5,14,21949,0.2315,shrink
1137_bsPaSXpbqrI,15,1,1,713,0.0000,vanish
1137_bsPaSXpbqrI,15,5,14,18946,0.2306,shrink
1137_bsPaSXpbqrI,17,5,14,18843,0.2289,shrink
1137_bsPaSXpbqrI,19,2,60,562,0.0000,vanish
1137_bsPaSXpbqrI,20,1,60,302,0.0000,vanish
1137_bsPaSXpbqrI,22,5,14,15224,0.2340,shrink
1137_bsPaSXpbqrI,22,2,106,402,0.0000,vanish
1137_bsPaSXpbqrI,23,2,0,28632,0.0000,vanish
1137_bsPaSXpbqrI,23,5,2,24288,0.2180,shrink
1137_bsPaSXpbqrI,23,5,14,14068,0.0000,vanish
1137_bsPaSXpbqrI,23,5,107,16555,0.2312,shrink
1137_bsPaSXpbqrI,24,1,0,9947,0.0000,vanish
1137_bsPaSXpbqrI,24,5,2,20278,0.2349,shrink
1137_bsPaSXpbqrI,24,4,14,12214,0.0000,vanish
1137_bsPaSXpbqrI,24,5,107,14645,0.2376,shrink
1137_bsPaSXpbqrI,25,3,14,9649,0.0000,vanish
1137_bsPaSXpbqrI,26,1,2,696,0.0000,vanish
1137_bsPaSXpbqrI,26,2,14,7645,0.0000,vanish
1137_bsPaSXpbqrI,26,5,107,9916,0.2039,shrink
1137_bsPaSXpbqrI,27,1,14,4097,0.0000,vanish
1137_bsPaSXpbqrI,28,5,105,46385,0.1367,shrink
1137_bsPaSXpbqrI,28,5,107,5246,0.2354,shrink
1137_bsPaSXpbqrI,29,5,105,47362,0.0000,vanish
1137_bsPaSXpbqrI,29,5,107,4716,0.2252,shrink
1137_bsPaSXpbqrI,30,4,105,72566,0.0000,vanish
1137_bsPaSXpbqrI,30,5,107,4005,0.2499,shrink
1137_bsPaSXpbqrI,31,3,105,89029,0.0000,vanish
1137_bsPaSXpbqrI,32,2,105,96096,0.0000,vanish
1137_bsPaSXpbqrI,33,1,105,83921,0.0000,vanish
1137_bsPaSXpbqrI,35,5,107,1001,0.2478,shrink
1137_bsPaSXpbqrI,37,5,1,5027,0.0002,vanish
1137_bsPaSXpbqrI,38,4,1,5474,0.0002,vanish
1137_bsPaSXpbqrI,39,3,1,5619,0.0002,vanish
1137_bsPaSXpbqrI,40,2,1,5557,0.0002,vanish
1137_bsPaSXpbqrI,40,2,105,11754,0.0000,vanish
1137_bsPaSXpbqrI,41,1,1,5295,0.0002,vanish
1137_bsPaSXpbqrI,41,2,105,31015,0.0000,vanish
1137_bsPaSXpbqrI,42,1,105,24639,0.0000,vanish
1356_ISS4MOFdZJo,0,5,14,18096,0.0416,vanish
1356_ISS4MOFdZJo,1,4,1,24649,0.2332,shrink
1356_ISS4MOFdZJo,1,1,1,2464,0.0000,vanish
1356_ISS4MOFdZJo,1,5,14,13128,0.0000,vanish
1356_ISS4MOFdZJo,1,3,100,22010,0.0000,vanish
1356_ISS4MOFdZJo,2,4,14,10834,0.0000,vanish
1356_ISS4MOFdZJo,2,1,85,2310,0.0000,vanish
1356_ISS4MOFdZJo,2,2,100,19545,0.0000,vanish
1356_ISS4MOFdZJo,3,3,14,5204,0.0000,vanish
1356_ISS4MOFdZJo,3,3,100,10011,0.0000,vanish
1356_ISS4MOFdZJo,4,2,14,1983,0.0000,vanish
1356_ISS4MOFdZJo,4,2,100,1859,0.0000,vanish
1356_ISS4MOFdZJo,5,1,14,752,0.0000,vanish
1356_ISS4MOFdZJo,5,1,100,314,0.0000,vanish
1356_ISS4MOFdZJo,10,2,100,3042,0.0000,vanish
1356_ISS4MOFdZJo,11,1,14,403,0.0000,vanish
1356_ISS4MOFdZJo,11,1,100,757,0.0000,vanish
1922_WziMu14zT-w,38,5,69,14537,0.2171,shrink
1922_WziMu14zT-w,39,5,69,18187,0.1963,shrink
1922_WziMu14zT-w,40,4,69,10166,0.1889,shrink
2128_UnFp2KUobSU,0,5,15,9293,0.1736,shrink
2128_UnFp2KUobSU,1,5,15,8096,0.1454,shrink
2128_UnFp2KUobSU,2,5,15,6857,0.1553,shrink
2128_UnFp2KUobSU,3,4,15,5415,0.1954,shrink
2128_UnFp2KUobSU,9,3,1,9203,0.0000,vanish
2128_UnFp2KUobSU,15,5,15,18888,0.0560,vanish
2128_UnFp2KUobSU,15,5,15,2988,0.0000,vanish
2128_UnFp2KUobSU,15,5,84,54799,0.1656,shrink
2128_UnFp2KUobSU,15,5,90,17467,0.0000,vanish
2128_UnFp2KUobSU,15,5,121,110379,0.2117,shrink
2128_UnFp2KUobSU,16,5,15,20358,0.0105,vanish
2128_UnFp2KUobSU,16,4,15,2668,0.0000,vanish
2128_UnFp2KUobSU,16,4,67,3818,0.0000,vanish
2128_UnFp2KUobSU,16,4,84,54323,0.1646,shrink
2128_UnFp2KUobSU,16,4,90,17440,0.0000,vanish
2128_UnFp2KUobSU,16,4,121,107999,0.2190,shrink
2128_UnFp2KUobSU,17,5,15,21624,0.0000,vanish
2128_UnFp2KUobSU,17,3,15,2717,0.0000,vanish
2128_UnFp2KUobSU,17,3,84,54621,0.1649,shrink
2128_UnFp2KUobSU,17,3,90,18060,0.0000,vanish
2128_UnFp2KUobSU,17,3,121,105237,0.2270,shrink
2128_UnFp2KUobSU,18,3,15,22204,0.0000,vanish
2128_UnFp2KUobSU,18,2,15,2741,0.0000,vanish
2128_UnFp2KUobSU,18,2,84,54585,0.1657,shrink
2128_UnFp2KUobSU,18,2,90,18574,0.0000,vanish
2128_UnFp2KUobSU,18,2,121,104112,0.2354,shrink
2128_UnFp2KUobSU,19,2,15,22386,0.0000,vanish
2128_UnFp2KUobSU,19,1,15,2587,0.0000,vanish
2128_UnFp2KUobSU,19,1,84,54727,0.1656,shrink
2128_UnFp2KUobSU,19,1,90,19361,0.0000,vanish
2128_UnFp2KUobSU,19,1,121,103736,0.2458,shrink
2128_UnFp2KUobSU,34,5,15,44595,0.1754,shrink
2128_UnFp2KUobSU,35,5,15,42232,0.0817,vanish
2128_UnFp2KUobSU,36,4,15,37348,0.0947,vanish
2128_UnFp2KUobSU,37,3,15,30786,0.1150,shrink
2128_UnFp2KUobSU,38,2,15,19280,0.1846,shrink
1112_Ld4O3NhZ5-U,4,5,1,6075,0.2492,shrink
1112_Ld4O3NhZ5-U,5,5,1,5879,0.1808,shrink
1112_Ld4O3NhZ5-U,6,4,1,5607,0.1896,shrink
1112_Ld4O3NhZ5-U,7,3,1,5288,0.2010,shrink
1112_Ld4O3NhZ5-U,8,2,1,4537,0.2343,shrink
1831_tGL26ntXuHo,4,5,16,166558,0.0390,vanish
1831_tGL26ntXuHo,5,4,16,177859,0.0366,vanish
1831_tGL26ntXuHo,5,5,61,334908,0.2398,shrink
1831_tGL26ntXuHo,6,5,16,145746,0.0000,vanish
1831_tGL26ntXuHo,7,4,16,105421,0.0000,vanish
1831_tGL26ntXuHo,7,5,61,314388,0.2411,shrink
1831_tGL26ntXuHo,8,3,16,78298,0.0000,vanish
1831_tGL26ntXuHo,8,5,61,298151,0.1456,shrink
1831_tGL26ntXuHo,9,2,16,6504,0.0000,vanish
1831_tGL26ntXuHo,9,5,61,281882,0.1599,shrink
1831_tGL26ntXuHo,10,1,16,7988,0.0000,vanish
1831_tGL26ntXuHo,10,5,29,126745,0.1380,shrink
1831_tGL26ntXuHo,11,4,29,117350,0.1491,shrink
1831_tGL26ntXuHo,12,5,29,89914,0.0649,vanish
1831_tGL26ntXuHo,13,4,29,84928,0.0770,vanish
1831_tGL26ntXuHo,14,5,29,61889,0.0000,vanish
1831_tGL26ntXuHo,15,4,29,17494,0.0000,vanish
1831_tGL26ntXuHo,16,3,29,21030,0.0000,vanish
1831_tGL26ntXuHo,17,3,29,15998,0.0000,vanish
1831_tGL26ntXuHo,17,2,29,7683,0.0000,vanish
1831_tGL26ntXuHo,18,1,29,495,0.0000,vanish
1831_tGL26ntXuHo,18,1,29,24341,0.0000,vanish
1831_tGL26ntXuHo,21,3,16,7070,0.0000,vanish
1831_tGL26ntXuHo,22,1,16,508,0.0000,vanish
1831_tGL26ntXuHo,23,1,16,434,0.0000,vanish
1831_tGL26ntXuHo,23,1,16,381,0.0000,vanish
1831_tGL26ntXuHo,29,5,67,145941,0.1788,shrink
1831_tGL26ntXuHo,30,5,67,138778,0.0261,vanish
1831_tGL26ntXuHo,31,2,20,460,0.0000,vanish
1831_tGL26ntXuHo,31,5,67,115714,0.0000,vanish
1831_tGL26ntXuHo,32,4,67,89916,0.0000,vanish
1831_tGL26ntXuHo,33,1,29,462,0.0000,vanish
1831_tGL26ntXuHo,33,3,67,54802,0.0000,vanish
1831_tGL26ntXuHo,34,2,67,30401,0.0000,vanish
213_RyK_o_tRtuM,8,5,12,8950,0.2466,shrink
213_RyK_o_tRtuM,9,5,12,8577,0.0000,vanish
213_RyK_o_tRtuM,10,4,12,8020,0.0000,vanish
213_RyK_o_tRtuM,11,3,12,6246,0.0000,vanish
213_RyK_o_tRtuM,12,2,12,4392,0.0000,vanish
213_RyK_o_tRtuM,12,5,12,5752,0.0000,vanish
213_RyK_o_tRtuM,13,4,12,7558,0.0832,vanish
213_RyK_o_tRtuM,13,1,12,783,0.0000,vanish
213_RyK_o_tRtuM,13,1,12,1424,0.0000,vanish
213_RyK_o_tRtuM,14,5,12,8509,0.2199,shrink
213_RyK_o_tRtuM,15,5,12,9509,0.1623,shrink
213_RyK_o_tRtuM,16,5,12,8437,0.1899,shrink
213_RyK_o_tRtuM,17,5,12,6576,0.1960,shrink
213_RyK_o_tRtuM,18,5,12,7627,0.0600,vanish
213_RyK_o_tRtuM,21,5,12,19776,0.1968,shrink
213_RyK_o_tRtuM,21,5,12,8427,0.2128,shrink
213_RyK_o_tRtuM,22,5,12,15776,0.2484,shrink
213_RyK_o_tRtuM,23,5,12,7888,0.1193,shrink
213_RyK_o_tRtuM,24,5,12,7632,0.0000,vanish
213_RyK_o_tRtuM,25,5,12,7663,0.1177,shrink
213_RyK_o_tRtuM,26,5,12,7615,0.0235,vanish
213_RyK_o_tRtuM,27,5,12,7535,0.0000,vanish
213_RyK_o_tRtuM,28,5,12,7535,0.0827,vanish
213_RyK_o_tRtuM,29,5,12,7495,0.0177,vanish
213_RyK_o_tRtuM,30,5,12,7701,0.0000,vanish
213_RyK_o_tRtuM,31,5,12,8385,0.1268,shrink
213_RyK_o_tRtuM,32,5,12,8331,0.2482,shrink
213_RyK_o_tRtuM,33,5,12,7615,0.1722,shrink
213_RyK_o_tRtuM,35,5,15,2682,0.0309,vanish
213_RyK_o_tRtuM,36,5,12,7971,0.0995,vanish
213_RyK_o_tRtuM,36,5,15,2718,0.0000,vanish
213_RyK_o_tRtuM,37,5,12,7852,0.0126,vanish
213_RyK_o_tRtuM,37,4,15,2555,0.0000,vanish
213_RyK_o_tRtuM,38,3,15,1914,0.0000,vanish
213_RyK_o_tRtuM,39,5,12,8966,0.0000,vanish
213_RyK_o_tRtuM,39,2,15,1345,0.0000,vanish
213_RyK_o_tRtuM,40,4,12,8552,0.0000,vanish
213_RyK_o_tRtuM,41,3,12,8041,0.1700,shrink
928_aIzeaZIU238,6,3,61,140074,0.1893,shrink
928_aIzeaZIU238,35,5,23,73845,0.1855,shrink
928_aIzeaZIU238,37,5,90,52521,0.0478,vanish
928_aIzeaZIU238,38,4,8,64041,0.2309,shrink
928_aIzeaZIU238,38,4,90,52294,0.0473,vanish
928_aIzeaZIU238,39,3,8,59716,0.1616,shrink
928_aIzeaZIU238,39,4,61,103239,0.0000,vanish
928_aIzeaZIU238,39,3,90,51959,0.0477,vanish
928_aIzeaZIU238,40,2,8,17032,0.0000,vanish
928_aIzeaZIU238,40,2,8,15428,0.0148,vanish
928_aIzeaZIU238,40,2,23,12140,0.1115,shrink
928_aIzeaZIU238,40,3,61,107506,0.0000,vanish
928_aIzeaZIU238,40,2,90,52441,0.0479,vanish
928_aIzeaZIU238,41,1,8,11779,0.0000,vanish
928_aIzeaZIU238,41,1,8,12937,0.0263,vanish
928_aIzeaZIU238,41,1,23,5986,0.0127,vanish
928_aIzeaZIU238,41,2,32,69176,0.0000,vanish
928_aIzeaZIU238,41,2,61,88236,0.0000,vanish
928_aIzeaZIU238,41,1,90,39233,0.0443,vanish
928_aIzeaZIU238,42,1,32,68943,0.0000,vanish
928_aIzeaZIU238,42,1,61,73593,0.0000,vanish
928_aIzeaZIU238,42,2,61,110077,0.0000,vanish
928_aIzeaZIU238,43,1,61,5406,0.0000,vanish
1203_gVvsmIrMHT4,0,5,14,312504,0.0118,vanish
1203_gVvsmIrMHT4,0,5,49,5432,0.0000,vanish
1203_gVvsmIrMHT4,0,4,49,8440,0.0000,vanish
1203_gVvsmIrMHT4,1,5,14,243457,0.0000,vanish
1203_gVvsmIrMHT4,1,1,49,415,0.0000,vanish
1203_gVvsmIrMHT4,2,1,1,821,0.0000,vanish
1203_gVvsmIrMHT4,2,4,14,160008,0.0000,vanish
1203_gVvsmIrMHT4,3,5,1,3452,0.0000,vanish
1203_gVvsmIrMHT4,3,1,3,319,0.0000,vanish
1203_gVvsmIrMHT4,3,2,14,18687,0.0000,vanish
1203_gVvsmIrMHT4,3,3,14,60620,0.0000,vanish
1203_gVvsmIrMHT4,4,1,14,6361,0.0000,vanish
1203_gVvsmIrMHT4,4,2,14,22624,0.0000,vanish
1203_gVvsmIrMHT4,5,1,14,3678,0.0000,vanish
1203_gVvsmIrMHT4,18,1,1,399,0.0000,vanish
1203_gVvsmIrMHT4,23,5,49,83180,0.0231,vanish
1203_gVvsmIrMHT4,24,5,49,68902,0.0000,vanish
1203_gVvsmIrMHT4,25,4,49,54132,0.0000,vanish
1203_gVvsmIrMHT4,26,3,49,31368,0.0000,vanish
1203_gVvsmIrMHT4,27,1,49,1862,0.0000,vanish
1203_gVvsmIrMHT4,27,2,49,12919,0.0000,vanish
1203_gVvsmIrMHT4,28,1,49,1925,0.0000,vanish
1203_gVvsmIrMHT4,33,5,3,2250,0.2489,shrink
1203_gVvsmIrMHT4,33,5,14,128061,0.2318,shrink
1203_gVvsmIrMHT4,34,5,3,2155,0.2246,shrink
1203_gVvsmIrMHT4,34,5,14,106108,0.1692,shrink
1203_gVvsmIrMHT4,35,5,3,2078,0.1636,shrink
1203_gVvsmIrMHT4,35,5,14,85426,0.0895,vanish
1203_gVvsmIrMHT4,36,5,3,1810,0.1000,vanish
1203_gVvsmIrMHT4,36,5,14,65496,0.0168,vanish
1203_gVvsmIrMHT4,37,5,3,1695,0.0088,vanish
1203_gVvsmIrMHT4,37,5,14,46958,0.0000,vanish
1203_gVvsmIrMHT4,38,5,3,1374,0.0000,vanish
1203_gVvsmIrMHT4,38,4,14,29689,0.0000,vanish
1203_gVvsmIrMHT4,39,4,3,1022,0.0000,vanish
1203_gVvsmIrMHT4,39,3,14,17952,0.0000,vanish
1203_gVvsmIrMHT4,40,3,3,776,0.0000,vanish
1203_gVvsmIrMHT4,40,2,14,7643,0.0000,vanish
1203_gVvsmIrMHT4,41,2,3,460,0.0000,vanish
1203_gVvsmIrMHT4,41,1,14,1102,0.0000,vanish
360_5Y1GpL768Sk,0,5,13,4254,0.0019,vanish
360_5Y1GpL768Sk,1,5,13,5477,0.0772,vanish
360_5Y1GpL768Sk,2,5,13,5264,0.0382,vanish
360_5Y1GpL768Sk,3,5,13,5400,0.0683,vanish
360_5Y1GpL768Sk,4,5,13,11020,0.2473,shrink
360_5Y1GpL768Sk,4,5,13,5366,0.0071,vanish
360_5Y1GpL768Sk,4,5,107,7602,0.2156,shrink
360_5Y1GpL768Sk,5,5,13,10929,0.2147,shrink
360_5Y1GpL768Sk,5,5,13,5145,0.0204,vanish
360_5Y1GpL768Sk,5,5,107,6759,0.1746,shrink
360_5Y1GpL768Sk,6,5,13,10964,0.1655,shrink
360_5Y1GpL768Sk,6,5,13,5490,0.0078,vanish
360_5Y1GpL768Sk,6,5,107,5156,0.0514,vanish
360_5Y1GpL768Sk,7,5,13,11021,0.1160,shrink
360_5Y1GpL768Sk,7,5,13,5577,0.0000,vanish
360_5Y1GpL768Sk,7,5,107,3827,0.0000,vanish
360_5Y1GpL768Sk,8,5,13,11340,0.1429,shrink
360_5Y1GpL768Sk,8,5,13,5938,0.0000,vanish
360_5Y1GpL768Sk,8,4,107,2987,0.0000,vanish
360_5Y1GpL768Sk,9,5,13,11352,0.1026,shrink
360_5Y1GpL768Sk,9,5,13,5454,0.0000,vanish
360_5Y1GpL768Sk,9,4,14,433,0.0000,vanish
360_5Y1GpL768Sk,9,3,107,1639,0.0000,vanish
360_5Y1GpL768Sk,10,5,13,11484,0.1607,shrink
360_5Y1GpL768Sk,10,4,13,6071,0.0087,vanish
360_5Y1GpL768Sk,10,3,14,483,0.0000,vanish
360_5Y1GpL768Sk,10,2,107,1180,0.0000,vanish
360_5Y1GpL768Sk,11,5,13,11472,0.1700,shrink
360_5Y1GpL768Sk,11,5,13,6020,0.0000,vanish
360_5Y1GpL768Sk,12,5,2,3898,0.2427,shrink
360_5Y1GpL768Sk,12,5,13,11287,0.2395,shrink
360_5Y1GpL768Sk,12,5,13,5347,0.0181,vanish
360_5Y1GpL768Sk,13,5,2,3571,0.2271,shrink
360_5Y1GpL768Sk,13,5,13,6079,0.0293,vanish
360_5Y1GpL768Sk,14,5,2,2756,0.1495,shrink
360_5Y1GpL768Sk,14,5,13,5871,0.0675,vanish
360_5Y1GpL768Sk,15,5,13,7900,0.1277,shrink
360_5Y1GpL768Sk,16,5,13,5665,0.0530,vanish
360_5Y1GpL768Sk,17,5,2,1107,0.0000,vanish
360_5Y1GpL768Sk,17,5,13,6343,0.1162,shrink
360_5Y1GpL768Sk,18,4,2,838,0.0000,vanish
360_5Y1GpL768Sk,18,5,13,5851,0.0726,vanish
360_5Y1GpL768Sk,19,3,2,412,0.0000,vanish
360_5Y1GpL768Sk,19,5,13,6060,0.1503,shrink
360_5Y1GpL768Sk,20,2,2,326,0.0000,vanish
360_5Y1GpL768Sk,20,5,13,6375,0.1835,shrink
360_5Y1GpL768Sk,20,5,91,1222,0.0221,vanish
360_5Y1GpL768Sk,21,5,13,5558,0.1425,shrink
360_5Y1GpL768Sk,21,5,14,1635,0.1113,shrink
360_5Y1GpL768Sk,21,5,91,1919,0.1193,shrink
360_5Y1GpL768Sk,22,5,13,5735,0.1102,shrink
360_5Y1GpL768Sk,22,5,14,1670,0.0754,vanish
360_5Y1GpL768Sk,22,5,91,2138,0.1062,shrink
360_5Y1GpL768Sk,23,5,13,5516,0.0426,vanish
360_5Y1GpL768Sk,23,4,14,1604,0.0941,vanish
360_5Y1GpL768Sk,23,5,91,2101,0.0838,vanish
360_5Y1GpL768Sk,24,5,13,5836,0.0278,vanish
360_5Y1GpL768Sk,24,4,14,1423,0.1061,shrink
360_5Y1GpL768Sk,24,5,91,2278,0.0505,vanish
360_5Y1GpL768Sk,25,5,13,11688,0.1893,shrink
360_5Y1GpL768Sk,25,5,13,6242,0.0050,vanish
360_5Y1GpL768Sk,25,4,14,1261,0.1420,shrink
360_5Y1GpL768Sk,25,5,91,2472,0.0000,vanish
360_5Y1GpL768Sk,26,5,13,5995,0.0192,vanish
360_5Y1GpL768Sk,27,5,13,5880,0.0235,vanish
360_5Y1GpL768Sk,28,5,13,5373,0.0272,vanish
360_5Y1GpL768Sk,29,5,13,5501,0.1269,shrink
360_5Y1GpL768Sk,30,5,13,4559,0.0724,vanish
360_5Y1GpL768Sk,39,5,60,2290,0.0000,vanish
360_5Y1GpL768Sk,40,4,60,2187,0.0000,vanish
360_5Y1GpL768Sk,41,3,60,1712,0.0000,vanish
360_5Y1GpL768Sk,42,2,60,1500,0.0000,vanish
360_5Y1GpL768Sk,43,1,60,1143,0.0000,vanish
101_gx9PZZuwvoI,13,1,67,2008,0.0000,vanish
101_gx9PZZuwvoI,14,5,67,43886,0.1995,shrink
101_gx9PZZuwvoI,16,2,67,4435,0.0000,vanish
101_gx9PZZuwvoI,16,5,67,23504,0.1620,shrink
101_gx9PZZuwvoI,16,5,69,21559,0.2381,shrink
101_gx9PZZuwvoI,17,5,67,15729,0.1059,shrink
101_gx9PZZuwvoI,17,5,69,19100,0.0256,vanish
101_gx9PZZuwvoI,18,5,67,11391,0.0236,vanish
101_gx9PZZuwvoI,18,5,69,15684,0.0045,vanish
101_gx9PZZuwvoI,19,5,67,8756,0.0137,vanish
101_gx9PZZuwvoI,19,4,69,11748,0.0029,vanish
101_gx9PZZuwvoI,20,5,67,6647,0.0000,vanish
101_gx9PZZuwvoI,20,3,69,7053,0.0011,vanish
101_gx9PZZuwvoI,21,4,67,4059,0.0000,vanish
101_gx9PZZuwvoI,21,2,69,5134,0.0000,vanish
101_gx9PZZuwvoI,22,3,67,1721,0.0000,vanish
101_gx9PZZuwvoI,22,1,69,447,0.0000,vanish
101_gx9PZZuwvoI,23,2,67,2059,0.0000,vanish
101_gx9PZZuwvoI,23,5,67,54076,0.2091,shrink
101_gx9PZZuwvoI,24,1,67,486,0.0000,vanish
101_gx9PZZuwvoI,24,1,67,477,0.0000,vanish
101_gx9PZZuwvoI,24,5,67,46244,0.1062,shrink
101_gx9PZZuwvoI,24,5,69,901,0.0000,vanish
101_gx9PZZuwvoI,25,5,67,36498,0.0000,vanish
101_gx9PZZuwvoI,25,4,69,3875,0.0000,vanish
101_gx9PZZuwvoI,26,4,67,28992,0.0000,vanish
101_gx9PZZuwvoI,26,5,69,6730,0.0000,vanish
101_gx9PZZuwvoI,27,3,67,23434,0.0000,vanish
101_gx9PZZuwvoI,27,4,69,1390,0.0000,vanish
101_gx9PZZuwvoI,28,2,67,11547,0.0000,vanish
101_gx9PZZuwvoI,29,1,67,4877,0.0000,vanish
101_gx9PZZuwvoI,29,5,69,13064,0.0233,vanish
101_gx9PZZuwvoI,30,5,69,14984,0.0000,vanish
101_gx9PZZuwvoI,31,3,67,840,0.0000,vanish
101_gx9PZZuwvoI,31,4,69,9688,0.0000,vanish
101_gx9PZZuwvoI,32,2,67,679,0.0000,vanish
101_gx9PZZuwvoI,32,3,69,5550,0.0000,vanish
101_gx9PZZuwvoI,32,5,84,48043,0.1238,shrink
101_gx9PZZuwvoI,33,2,69,3135,0.0000,vanish
101_gx9PZZuwvoI,33,5,84,40643,0.0009,vanish
101_gx9PZZuwvoI,34,1,69,675,0.0000,vanish
101_gx9PZZuwvoI,34,5,84,33738,0.0000,vanish
101_gx9PZZuwvoI,35,4,84,24009,0.0000,vanish
101_gx9PZZuwvoI,36,3,84,13890,0.0000,vanish
101_gx9PZZuwvoI,37,2,84,5948,0.0000,vanish
101_gx9PZZuwvoI,44,5,109,28785,0.2136,shrink
101_gx9PZZuwvoI,45,5,109,25794,0.1079,shrink
101_gx9PZZuwvoI,46,5,109,22478,0.0145,vanish
101_gx9PZZuwvoI,47,5,109,18576,0.0051,vanish
101_gx9PZZuwvoI,48,5,109,13725,0.0000,vanish
101_gx9PZZuwvoI,49,4,109,9444,0.0000,vanish
101_gx9PZZuwvoI,50,4,109,3830,0.0000,vanish
101_gx9PZZuwvoI,50,1,109,545,0.0000,vanish
101_gx9PZZuwvoI,51,3,109,1507,0.0000,vanish
101_gx9PZZuwvoI,52,4,67,12583,0.0000,vanish
101_gx9PZZuwvoI,52,2,109,1045,0.0000,vanish
101_gx9PZZuwvoI,54,5,15,16890,0.0996,vanish
101_gx9PZZuwvoI,54,1,15,587,0.0000,vanish
101_gx9PZZuwvoI,54,2,67,4934,0.0000,vanish
101_gx9PZZuwvoI,54,5,109,13420,0.0926,vanish
101_gx9PZZuwvoI,55,5,15,14295,0.0478,vanish
101_gx9PZZuwvoI,55,1,67,1019,0.0000,vanish
101_gx9PZZuwvoI,55,5,109,11957,0.0000,vanish
101_gx9PZZuwvoI,56,5,15,11541,0.0000,vanish
101_gx9PZZuwvoI,56,4,109,9373,0.0000,vanish
101_gx9PZZuwvoI,57,4,15,9341,0.0000,vanish
101_gx9PZZuwvoI,57,3,109,7102,0.0000,vanish
101_gx9PZZuwvoI,58,3,15,7016,0.0000,vanish
101_gx9PZZuwvoI,58,2,109,2670,0.0000,vanish
101_gx9PZZuwvoI,58,2,109,1257,0.0000,vanish
101_gx9PZZuwvoI,59,2,15,2399,0.0000,vanish
101_gx9PZZuwvoI,59,1,109,1080,0.0000,vanish
101_gx9PZZuwvoI,60,1,15,1068,0.0000,vanish
101_gx9PZZuwvoI,62,1,1,1081,0.0000,vanish
101_gx9PZZuwvoI,63,5,1,35968,0.1400,shrink
101_gx9PZZuwvoI,63,5,92,63075,0.1958,shrink
101_gx9PZZuwvoI,64,5,1,30777,0.0070,vanish
101_gx9PZZuwvoI,64,5,92,58490,0.0440,vanish
101_gx9PZZuwvoI,65,5,1,24632,0.0000,vanish
101_gx9PZZuwvoI,65,1,67,467,0.0000,vanish
101_gx9PZZuwvoI,65,5,92,51715,0.0000,vanish
101_gx9PZZuwvoI,66,4,1,16868,0.0000,vanish
101_gx9PZZuwvoI,66,4,92,43205,0.0000,vanish
101_gx9PZZuwvoI,67,3,1,12761,0.0000,vanish
101_gx9PZZuwvoI,67,3,92,31450,0.0000,vanish
101_gx9PZZuwvoI,68,2,1,5034,0.0000,vanish
101_gx9PZZuwvoI,68,2,92,17102,0.0000,vanish
101_gx9PZZuwvoI,69,1,92,4364,0.0000,vanish
101_gx9PZZuwvoI,70,5,1,1376,0.0349,vanish
101_gx9PZZuwvoI,70,5,15,2002,0.1084,shrink
101_gx9PZZuwvoI,70,1,69,13706,0.1796,shrink
101_gx9PZZuwvoI,70,2,84,23787,0.0000,vanish
101_gx9PZZuwvoI,71,5,1,5091,0.0613,vanish
101_gx9PZZuwvoI,71,3,15,583,0.0000,vanish
101_gx9PZZuwvoI,71,1,69,12632,0.1290,shrink
101_gx9PZZuwvoI,71,1,84,5401,0.0000,vanish
101_gx9PZZuwvoI,71,5,92,2852,0.0000,vanish
101_gx9PZZuwvoI,72,5,1,7352,0.1978,shrink
101_gx9PZZuwvoI,72,3,15,4420,0.0000,vanish
101_gx9PZZuwvoI,72,2,69,11892,0.0548,vanish
101_gx9PZZuwvoI,72,5,92,5137,0.0000,vanish
101_gx9PZZuwvoI,73,4,15,8175,0.0000,vanish
101_gx9PZZuwvoI,73,2,69,10245,0.0000,vanish
101_gx9PZZuwvoI,73,5,92,6898,0.0000,vanish
101_gx9PZZuwvoI,74,3,15,1778,0.0000,vanish
101_gx9PZZuwvoI,74,2,69,10173,0.0000,vanish
101_gx9PZZuwvoI,74,5,92,8161,0.0000,vanish
101_gx9PZZuwvoI,75,1,1,1216,0.0025,vanish
101_gx9PZZuwvoI,75,3,15,4345,0.0000,vanish
101_gx9PZZuwvoI,75,2,69,59938,0.2139,shrink
101_gx9PZZuwvoI,75,5,69,67911,0.1567,shrink
101_gx9PZZuwvoI,76,3,15,6367,0.0000,vanish
101_gx9PZZuwvoI,76,2,69,29302,0.1055,shrink
101_gx9PZZuwvoI,76,5,69,56604,0.0705,vanish
101_gx9PZZuwvoI,76,2,69,3678,0.0000,vanish
101_gx9PZZuwvoI,76,1,69,1006,0.0000,vanish
101_gx9PZZuwvoI,77,2,61,5090,0.0000,vanish
101_gx9PZZuwvoI,77,1,69,593,0.0000,vanish
101_gx9PZZuwvoI,77,1,69,8082,0.0000,vanish
101_gx9PZZuwvoI,77,5,69,45549,0.0037,vanish
101_gx9PZZuwvoI,78,2,1,6564,0.0000,vanish
101_gx9PZZuwvoI,78,5,69,35662,0.0000,vanish
101_gx9PZZuwvoI,79,4,15,26137,0.0000,vanish
101_gx9PZZuwvoI,79,4,69,26259,0.0000,vanish
101_gx9PZZuwvoI,80,3,15,16941,0.0000,vanish
101_gx9PZZuwvoI,80,4,15,598,0.0000,vanish
101_gx9PZZuwvoI,80,5,69,14155,0.1329,shrink
101_gx9PZZuwvoI,80,3,69,13997,0.0000,vanish
101_gx9PZZuwvoI,80,1,109,1872,0.1026,shrink
101_gx9PZZuwvoI,81,2,15,10264,0.0000,vanish
101_gx9PZZuwvoI,81,5,15,3884,0.0000,vanish
101_gx9PZZuwvoI,81,4,67,8431,0.1761,shrink
101_gx9PZZuwvoI,81,5,69,8120,0.0069,vanish
101_gx9PZZuwvoI,81,2,69,6482,0.0000,vanish
101_gx9PZZuwvoI,82,1,15,2089,0.0000,vanish
101_gx9PZZuwvoI,82,5,15,6708,0.0000,vanish
101_gx9PZZuwvoI,82,3,67,6427,0.1772,shrink
101_gx9PZZuwvoI,82,1,69,1712,0.0000,vanish
101_gx9PZZuwvoI,83,5,0,65689,0.1818,shrink
101_gx9PZZuwvoI,83,3,1,18120,0.1832,shrink
101_gx9PZZuwvoI,83,4,15,9999,0.0000,vanish
101_gx9PZZuwvoI,83,3,15,1919,0.0000,vanish
101_gx9PZZuwvoI,83,1,61,4830,0.0000,vanish
101_gx9PZZuwvoI,83,2,67,4447,0.1109,shrink
101_gx9PZZuwvoI,83,3,109,11389,0.0000,vanish
101_gx9PZZuwvoI,84,5,0,55652,0.0811,vanish
101_gx9PZZuwvoI,84,3,1,11004,0.1655,shrink
101_gx9PZZuwvoI,84,1,1,407,0.0000,vanish
101_gx9PZZuwvoI,84,2,15,4278,0.0000,vanish
101_gx9PZZuwvoI,84,4,15,12398,0.0000,vanish
101_gx9PZZuwvoI,84,3,15,5070,0.0000,vanish
101_gx9PZZuwvoI,84,3,67,2303,0.1437,shrink
101_gx9PZZuwvoI,84,2,109,6026,0.0000,vanish
101_gx9PZZuwvoI,85,5,0,44731,0.0000,vanish
101_gx9PZZuwvoI,85,3,1,3841,0.0000,vanish
101_gx9PZZuwvoI,85,2,1,1726,0.0000,vanish
101_gx9PZZuwvoI,85,4,15,14021,0.0000,vanish
101_gx9PZZuwvoI,85,1,67,398,0.0000,vanish
101_gx9PZZuwvoI,85,1,109,474,0.0000,vanish
101_gx9PZZuwvoI,86,4,0,32267,0.0000,vanish
101_gx9PZZuwvoI,86,2,1,325,0.0000,vanish
101_gx9PZZuwvoI,86,2,1,4194,0.0000,vanish
101_gx9PZZuwvoI,86,4,12,21665,0.0000,vanish
101_gx9PZZuwvoI,86,4,15,15667,0.0000,vanish
101_gx9PZZuwvoI,87,3,0,20038,0.0000,vanish
101_gx9PZZuwvoI,87,1,1,4339,0.0000,vanish
101_gx9PZZuwvoI,87,2,1,6385,0.0000,vanish
101_gx9PZZuwvoI,87,1,67,800,0.0000,vanish
101_gx9PZZuwvoI,88,2,0,11939,0.0000,vanish
101_gx9PZZuwvoI,88,2,12,16419,0.0000,vanish
101_gx9PZZuwvoI,89,1,0,4516,0.0000,vanish
101_gx9PZZuwvoI,89,1,61,1876,0.0000,vanish
1046_tg0kzFoiCZ8,17,5,60,746,0.1609,shrink
1046_tg0kzFoiCZ8,18,5,60,1103,0.1224,shrink
1046_tg0kzFoiCZ8,19,5,60,1357,0.0914,vanish
1046_tg0kzFoiCZ8,20,5,60,1579,0.1305,shrink
1046_tg0kzFoiCZ8,30,1,69,425,0.0000,vanish
1046_tg0kzFoiCZ8,53,5,68,5478,0.1915,shrink
1046_tg0kzFoiCZ8,54,5,68,4661,0.1197,shrink
1046_tg0kzFoiCZ8,55,5,68,3566,0.0000,vanish
1046_tg0kzFoiCZ8,56,4,68,2018,0.0000,vanish
1046_tg0kzFoiCZ8,57,3,68,1988,0.0000,vanish
1046_tg0kzFoiCZ8,58,2,68,1049,0.0000,vanish
1046_tg0kzFoiCZ8,59,1,68,558,0.0000,vanish
1046_tg0kzFoiCZ8,86,5,68,2424,0.1856,shrink
1046_tg0kzFoiCZ8,87,5,68,2407,0.0577,vanish
1046_tg0kzFoiCZ8,88,5,68,1843,0.0000,vanish
1046_tg0kzFoiCZ8,89,4,68,1249,0.0000,vanish
1046_tg0kzFoiCZ8,91,2,68,450,0.0000,vanish
1046_tg0kzFoiCZ8,98,5,67,29690,0.1846,shrink
1046_tg0kzFoiCZ8,99,5,67,24175,0.0169,vanish
1046_tg0kzFoiCZ8,100,5,67,20222,0.0000,vanish
1046_tg0kzFoiCZ8,101,4,67,16263,0.0000,vanish
1046_tg0kzFoiCZ8,102,3,67,9946,0.0000,vanish
1046_tg0kzFoiCZ8,103,2,67,5481,0.0000,vanish
1046_tg0kzFoiCZ8,114,5,15,2761,0.2282,shrink
1046_tg0kzFoiCZ8,114,5,68,2810,0.2039,shrink
1046_tg0kzFoiCZ8,115,5,15,2448,0.1168,shrink
1046_tg0kzFoiCZ8,115,5,68,2425,0.0000,vanish
1046_tg0kzFoiCZ8,115,5,92,2926,0.2075,shrink
1046_tg0kzFoiCZ8,116,5,15,1863,0.0000,vanish
1046_tg0kzFoiCZ8,116,4,68,1762,0.0000,vanish
1046_tg0kzFoiCZ8,116,5,92,2328,0.0726,vanish
1046_tg0kzFoiCZ8,117,4,15,1479,0.0000,vanish
1046_tg0kzFoiCZ8,117,3,68,1481,0.0000,vanish
1046_tg0kzFoiCZ8,117,5,92,2124,0.0000,vanish
1046_tg0kzFoiCZ8,118,3,15,1286,0.0000,vanish
1046_tg0kzFoiCZ8,118,2,68,891,0.0000,vanish
1046_tg0kzFoiCZ8,118,4,92,1657,0.0000,vanish
1046_tg0kzFoiCZ8,119,2,15,764,0.0000,vanish
1046_tg0kzFoiCZ8,119,1,68,573,0.0000,vanish
1046_tg0kzFoiCZ8,119,3,92,1367,0.0000,vanish
1046_tg0kzFoiCZ8,120,5,68,3302,0.0482,vanish
1046_tg0kzFoiCZ8,120,2,92,953,0.0000,vanish
1046_tg0kzFoiCZ8,121,5,68,3332,0.0000,vanish
1046_tg0kzFoiCZ8,122,4,68,2865,0.0000,vanish
1046_tg0kzFoiCZ8,123,3,68,2079,0.0000,vanish
1046_tg0kzFoiCZ8,124,2,68,1018,0.0000,vanish
1046_tg0kzFoiCZ8,125,1,68,398,0.0000,vanish
976_U19VojbI0h4,0,1,1,599,0.0000,vanish
976_U19VojbI0h4,0,1,1,422,0.0000,vanish
976_U19VojbI0h4,0,5,60,19596,0.0000,vanish
976_U19VojbI0h4,1,1,14,1891,0.0000,vanish
976_U19VojbI0h4,1,4,60,16932,0.0000,vanish
976_U19VojbI0h4,1,5,109,17741,0.0000,vanish
976_U19VojbI0h4,2,3,60,13188,0.0000,vanish
976_U19VojbI0h4,2,4,109,16735,0.0000,vanish
976_U19VojbI0h4,3,2,60,4504,0.0000,vanish
976_U19VojbI0h4,3,2,60,3258,0.0000,vanish
976_U19VojbI0h4,3,4,109,14182,0.0000,vanish
976_U19VojbI0h4,4,1,60,1836,0.0000,vanish
976_U19VojbI0h4,4,5,90,95040,0.2344,shrink
976_U19VojbI0h4,4,3,109,10953,0.0000,vanish
976_U19VojbI0h4,5,5,90,78828,0.1696,shrink
976_U19VojbI0h4,5,2,109,6562,0.0000,vanish
976_U19VojbI0h4,6,5,90,62639,0.1410,shrink
976_U19VojbI0h4,6,1,109,2727,0.0000,vanish
976_U19VojbI0h4,7,5,90,48925,0.0785,vanish
976_U19VojbI0h4,8,5,90,36491,0.0000,vanish
976_U19VojbI0h4,9,4,90,26289,0.0000,vanish
976_U19VojbI0h4,10,3,90,14100,0.0000,vanish
976_U19VojbI0h4,11,2,90,8920,0.0000,vanish
976_U19VojbI0h4,12,2,1,2519,0.0000,vanish
976_U19VojbI0h4,12,1,90,3842,0.0000,vanish
976_U19VojbI0h4,13,5,83,6878,0.0000,vanish
976_U19VojbI0h4,13,5,109,7312,0.0000,vanish
976_U19VojbI0h4,14,4,83,5756,0.0000,vanish
976_U19VojbI0h4,14,4,109,6794,0.0000,vanish
976_U19VojbI0h4,15,3,83,5034,0.0000,vanish
976_U19VojbI0h4,15,5,90,3590,0.1262,shrink
976_U19VojbI0h4,15,5,90,5308,0.2214,shrink
976_U19VojbI0h4,15,3,109,5307,0.0000,vanish
976_U19VojbI0h4,16,5,76,61113,0.2469,shrink
976_U19VojbI0h4,16,2,83,4288,0.0000,vanish
976_U19VojbI0h4,16,5,90,3508,0.0935,vanish
976_U19VojbI0h4,16,5,90,4976,0.0894,vanish
976_U19VojbI0h4,16,2,109,2777,0.0000,vanish
976_U19VojbI0h4,17,5,76,55371,0.0428,vanish
976_U19VojbI0h4,17,1,83,2745,0.0000,vanish
976_U19VojbI0h4,17,5,90,3233,0.0000,vanish
976_U19VojbI0h4,17,5,90,4560,0.0000,vanish
976_U19VojbI0h4,17,1,109,983,0.0000,vanish
976_U19VojbI0h4,18,4,0,3185,0.0000,vanish
976_U19VojbI0h4,18,1,1,620,0.0000,vanish
976_U19VojbI0h4,18,2,69,2911,0.0000,vanish
976_U19VojbI0h4,18,5,76,47752,0.0000,vanish
976_U19VojbI0h4,18,4,90,2703,0.0000,vanish
976_U19VojbI0h4,18,4,90,3587,0.0000,vanish
976_U19VojbI0h4,19,3,0,2857,0.0000,vanish
976_U19VojbI0h4,19,3,2,1824,0.0000,vanish
976_U19VojbI0h4,19,1,69,1813,0.0000,vanish
976_U19VojbI0h4,19,4,76,39499,0.0000,vanish
976_U19VojbI0h4,19,3,90,1998,0.0000,vanish
976_U19VojbI0h4,19,3,90,2769,0.0000,vanish
976_U19VojbI0h4,20,2,0,1578,0.0000,vanish
976_U19VojbI0h4,20,2,2,934,0.0000,vanish
976_U19VojbI0h4,20,3,76,29497,0.0000,vanish
976_U19VojbI0h4,20,2,90,1280,0.0000,vanish
976_U19VojbI0h4,20,2,90,1786,0.0000,vanish
976_U19VojbI0h4,21,2,76,18251,0.0000,vanish
976_U19VojbI0h4,21,1,90,544,0.0000,vanish
976_U19VojbI0h4,21,1,90,791,0.0000,vanish
976_U19VojbI0h4,22,1,76,3509,0.0000,vanish
976_U19VojbI0h4,24,5,83,25438,0.0000,vanish
976_U19VojbI0h4,25,4,83,18393,0.0000,vanish
976_U19VojbI0h4,26,3,83,11298,0.0000,vanish
976_U19VojbI0h4,27,3,14,21936,0.0000,vanish
976_U19VojbI0h4,27,2,83,6920,0.0000,vanish
976_U19VojbI0h4,28,2,14,16834,0.0000,vanish
976_U19VojbI0h4,28,1,83,2551,0.0000,vanish
976_U19VojbI0h4,29,1,14,3034,0.0000,vanish
976_U19VojbI0h4,30,1,1,1003,0.0000,vanish
976_U19VojbI0h4,30,5,2,14416,0.0248,vanish
976_U19VojbI0h4,31,5,2,58282,0.1622,shrink
976_U19VojbI0h4,31,5,2,13571,0.0000,vanish
976_U19VojbI0h4,32,5,2,51386,0.0476,vanish
976_U19VojbI0h4,32,4,2,12508,0.0000,vanish
976_U19VojbI0h4,32,5,14,17828,0.1939,shrink
976_U19VojbI0h4,32,5,76,190547,0.1415,shrink
976_U19VojbI0h4,33,5,2,43716,0.0000,vanish
976_U19VojbI0h4,33,3,2,9907,0.0000,vanish
976_U19VojbI0h4,33,5,14,15415,0.1693,shrink
976_U19VojbI0h4,33,5,76,170688,0.0123,vanish
976_U19VojbI0h4,34,4,2,33042,0.0000,vanish
976_U19VojbI0h4,34,2,2,5304,0.0000,vanish
976_U19VojbI0h4,34,5,3,147421,0.1839,shrink
976_U19VojbI0h4,34,5,14,13283,0.1320,shrink
976_U19VojbI0h4,34,5,76,141223,0.0000,vanish
976_U19VojbI0h4,35,3,2,21352,0.0000,vanish
976_U19VojbI0h4,35,1,2,358,0.0000,vanish
976_U19VojbI0h4,35,5,3,152129,0.1345,shrink
976_U19VojbI0h4,35,5,14,10931,0.1183,shrink
976_U19VojbI0h4,35,4,76,108684,0.0000,vanish
976_U19VojbI0h4,36,2,2,10277,0.0000,vanish
976_U19VojbI0h4,36,5,3,155438,0.1064,shrink
976_U19VojbI0h4,36,5,14,8740,0.0911,vanish
976_U19VojbI0h4,36,3,76,69504,0.0000,vanish
976_U19VojbI0h4,37,1,2,2924,0.0000,vanish
976_U19VojbI0h4,37,5,3,160663,0.0782,vanish
976_U19VojbI0h4,37,1,3,1140,0.0061,vanish
976_U19VojbI0h4,37,5,14,6614,0.0429,vanish
976_U19VojbI0h4,37,2,76,26961,0.0000,vanish
976_U19VojbI0h4,38,1,1,11336,0.0000,vanish
976_U19VojbI0h4,38,5,3,167254,0.0766,vanish
976_U19VojbI0h4,38,5,3,317,0.0000,vanish
976_U19VojbI0h4,38,5,14,5922,0.0076,vanish
976_U19VojbI0h4,38,1,76,2106,0.0000,vanish
976_U19VojbI0h4,39,5,1,211749,0.0082,vanish
976_U19VojbI0h4,39,5,3,171741,0.0928,vanish
976_U19VojbI0h4,39,5,14,5363,0.0004,vanish
976_U19VojbI0h4,40,4,1,211191,0.1639,shrink
976_U19VojbI0h4,40,4,3,182944,0.2448,shrink
976_U19VojbI0h4,40,4,14,5641,0.0801,vanish
976_U19VojbI0h4,41,1,2,6113,0.0000,vanish
976_U19VojbI0h4,41,3,14,5998,0.2371,shrink
36_JFyS7JqEV_g,38,5,89,915,0.0000,vanish
36_JFyS7JqEV_g,39,4,89,826,0.0000,vanish
36_JFyS7JqEV_g,40,3,89,987,0.0000,vanish
36_JFyS7JqEV_g,41,2,89,930,0.0000,vanish
36_JFyS7JqEV_g,42,1,89,912,0.0000,vanish
287_MfZnqhRib6U,0,5,14,14873,0.1583,shrink
287_MfZnqhRib6U,0,5,60,2906,0.1404,shrink
287_MfZnqhRib6U,0,5,60,3002,0.1769,shrink
287_MfZnqhRib6U,0,5,60,1794,0.1572,shrink
287_MfZnqhRib6U,0,5,60,1055,0.0000,vanish
287_MfZnqhRib6U,0,5,115,41668,0.0000,vanish
287_MfZnqhRib6U,1,5,14,17034,0.1480,shrink
287_MfZnqhRib6U,1,5,60,2659,0.1403,shrink
287_MfZnqhRib6U,1,5,60,2934,0.1643,shrink
287_MfZnqhRib6U,1,5,60,1540,0.1734,shrink
287_MfZnqhRib6U,1,4,60,828,0.0000,vanish
287_MfZnqhRib6U,1,5,115,41998,0.0000,vanish
287_MfZnqhRib6U,2,5,14,16054,0.1560,shrink
287_MfZnqhRib6U,2,5,60,2251,0.0000,vanish
287_MfZnqhRib6U,2,5,60,2734,0.0497,vanish
287_MfZnqhRib6U,2,5,115,43201,0.0461,vanish
287_MfZnqhRib6U,3,5,14,14940,0.1762,shrink
287_MfZnqhRib6U,3,5,14,1582,0.2099,shrink
287_MfZnqhRib6U,3,4,60,1912,0.0000,vanish
287_MfZnqhRib6U,3,5,60,2205,0.0000,vanish
287_MfZnqhRib6U,3,5,115,42970,0.1827,shrink
287_MfZnqhRib6U,4,5,14,14836,0.1919,shrink
287_MfZnqhRib6U,4,5,14,1766,0.2191,shrink
287_MfZnqhRib6U,4,3,60,1747,0.0000,vanish
287_MfZnqhRib6U,4,4,60,2005,0.0000,vanish
287_MfZnqhRib6U,5,5,14,1705,0.0534,vanish
287_MfZnqhRib6U,5,2,60,1246,0.0000,vanish
287_MfZnqhRib6U,5,3,60,1479,0.0000,vanish
287_MfZnqhRib6U,6,5,14,6141,0.2320,shrink
287_MfZnqhRib6U,6,5,14,1708,0.0000,vanish
287_MfZnqhRib6U,6,1,60,968,0.0000,vanish
287_MfZnqhRib6U,6,2,60,920,0.0000,vanish
287_MfZnqhRib6U,7,5,14,12574,0.2193,shrink
287_MfZnqhRib6U,7,5,14,5035,0.1833,shrink
287_MfZnqhRib6U,7,4,14,1694,0.0000,vanish
287_MfZnqhRib6U,8,5,14,9870,0.0651,vanish
287_MfZnqhRib6U,8,4,14,3507,0.0451,vanish
287_MfZnqhRib6U,8,4,14,1249,0.0000,vanish
287_MfZnqhRib6U,9,4,14,8333,0.0238,vanish
287_MfZnqhRib6U,9,3,14,4495,0.0160,vanish
287_MfZnqhRib6U,10,3,14,6990,0.0000,vanish
287_MfZnqhRib6U,10,3,14,1288,0.0000,vanish
287_MfZnqhRib6U,10,2,14,356,0.0000,vanish
287_MfZnqhRib6U,11,2,14,5903,0.0000,vanish
287_MfZnqhRib6U,11,2,14,877,0.0000,vanish
287_MfZnqhRib6U,11,1,85,2601,0.0000,vanish
287_MfZnqhRib6U,12,5,91,8396,0.1101,shrink
287_MfZnqhRib6U,13,5,91,8175,0.0717,vanish
287_MfZnqhRib6U,14,5,14,1282,0.0000,vanish
287_MfZnqhRib6U,14,5,91,6386,0.0000,vanish
287_MfZnqhRib6U,15,5,14,6112,0.1240,shrink
287_MfZnqhRib6U,15,5,14,1048,0.0687,vanish
287_MfZnqhRib6U,15,4,91,4052,0.0000,vanish
287_MfZnqhRib6U,16,5,14,5609,0.1136,shrink
287_MfZnqhRib6U,16,5,14,811,0.0000,vanish
287_MfZnqhRib6U,16,3,14,814,0.0000,vanish
287_MfZnqhRib6U,16,3,91,3085,0.0000,vanish
287_MfZnqhRib6U,17,5,14,4517,0.0312,vanish
287_MfZnqhRib6U,17,2,14,500,0.0000,vanish
287_MfZnqhRib6U,17,2,14,525,0.0000,vanish
287_MfZnqhRib6U,17,2,91,976,0.0000,vanish
287_MfZnqhRib6U,18,5,14,3816,0.0000,vanish
287_MfZnqhRib6U,18,3,14,1561,0.0000,vanish
287_MfZnqhRib6U,18,1,14,449,0.0000,vanish
287_MfZnqhRib6U,18,3,14,534,0.0000,vanish
287_MfZnqhRib6U,18,1,91,586,0.0000,vanish
287_MfZnqhRib6U,19,4,14,2226,0.0000,vanish
287_MfZnqhRib6U,19,2,14,492,0.0000,vanish
287_MfZnqhRib6U,19,5,61,4814,0.2304,shrink
287_MfZnqhRib6U,19,5,115,49316,0.1434,shrink
287_MfZnqhRib6U,20,3,14,838,0.0000,vanish
287_MfZnqhRib6U,20,5,61,3418,0.1202,shrink
287_MfZnqhRib6U,20,5,115,49047,0.0107,vanish
287_MfZnqhRib6U,21,2,14,661,0.0000,vanish
287_MfZnqhRib6U,21,5,60,420,0.0667,vanish
287_MfZnqhRib6U,21,5,61,2524,0.0836,vanish
287_MfZnqhRib6U,21,5,115,48579,0.0000,vanish
287_MfZnqhRib6U,22,5,60,1218,0.2397,shrink
287_MfZnqhRib6U,22,5,60,598,0.0000,vanish
287_MfZnqhRib6U,22,5,80,10556,0.0721,vanish
287_MfZnqhRib6U,22,5,115,47797,0.0000,vanish
287_MfZnqhRib6U,23,5,60,1110,0.1829,shrink
287_MfZnqhRib6U,23,4,60,806,0.0000,vanish
287_MfZnqhRib6U,23,4,80,9757,0.0780,vanish
287_MfZnqhRib6U,23,4,115,47151,0.0000,vanish
287_MfZnqhRib6U,24,5,60,1095,0.0000,vanish
287_MfZnqhRib6U,24,5,60,1032,0.0039,vanish
287_MfZnqhRib6U,24,5,80,7368,0.0000,vanish
287_MfZnqhRib6U,24,4,115,47168,0.0000,vanish
287_MfZnqhRib6U,25,4,60,1178,0.0000,vanish
287_MfZnqhRib6U,25,4,80,4722,0.0000,vanish
287_MfZnqhRib6U,25,5,115,48449,0.0000,vanish
287_MfZnqhRib6U,26,1,1,6977,0.0000,vanish
287_MfZnqhRib6U,26,3,60,1153,0.0000,vanish
287_MfZnqhRib6U,26,3,80,4093,0.0000,vanish
287_MfZnqhRib6U,26,4,115,47761,0.0000,vanish
287_MfZnqhRib6U,27,2,60,790,0.0000,vanish
287_MfZnqhRib6U,27,2,80,731,0.0000,vanish
287_MfZnqhRib6U,27,3,115,36966,0.0000,vanish
287_MfZnqhRib6U,28,1,60,508,0.0000,vanish
287_MfZnqhRib6U,28,1,80,1009,0.0000,vanish
287_MfZnqhRib6U,28,2,115,27900,0.0000,vanish
287_MfZnqhRib6U,29,5,14,7823,0.2032,shrink
287_MfZnqhRib6U,29,5,81,13738,0.0084,vanish
287_MfZnqhRib6U,29,1,115,10211,0.0000,vanish
287_MfZnqhRib6U,30,5,14,10163,0.0756,vanish
287_MfZnqhRib6U,30,5,14,7789,0.1750,shrink
287_MfZnqhRib6U,30,5,61,7474,0.1793,shrink
287_MfZnqhRib6U,30,3,61,627,0.0000,vanish
287_MfZnqhRib6U,30,5,81,9913,0.0000,vanish
287_MfZnqhRib6U,31,5,14,8706,0.0235,vanish
287_MfZnqhRib6U,31,5,14,8185,0.2020,shrink
287_MfZnqhRib6U,31,5,61,6407,0.1458,shrink
287_MfZnqhRib6U,31,2,61,490,0.0000,vanish
287_MfZnqhRib6U,31,5,81,8486,0.0000,vanish
287_MfZnqhRib6U,32,5,14,6814,0.0000,vanish
287_MfZnqhRib6U,32,5,14,8502,0.1831,shrink
287_MfZnqhRib6U,32,5,61,5208,0.0858,vanish
287_MfZnqhRib6U,32,4,81,4067,0.0000,vanish
287_MfZnqhRib6U,33,4,14,5802,0.0000,vanish
287_MfZnqhRib6U,33,5,14,7995,0.1817,shrink
287_MfZnqhRib6U,33,5,61,4473,0.0590,vanish
287_MfZnqhRib6U,33,3,81,1939,0.0000,vanish
287_MfZnqhRib6U,34,3,14,3238,0.0000,vanish
287_MfZnqhRib6U,34,5,14,7156,0.0000,vanish
287_MfZnqhRib6U,34,5,61,3002,0.0120,vanish
287_MfZnqhRib6U,34,2,81,755,0.0000,vanish
287_MfZnqhRib6U,35,4,14,6692,0.0000,vanish
287_MfZnqhRib6U,35,5,61,16103,0.1348,shrink
287_MfZnqhRib6U,35,5,61,1711,0.0000,vanish
287_MfZnqhRib6U,36,3,14,5691,0.0000,vanish
287_MfZnqhRib6U,36,5,61,16339,0.0435,vanish
287_MfZnqhRib6U,37,2,14,3438,0.0000,vanish
287_MfZnqhRib6U,37,4,61,13399,0.0530,vanish
287_MfZnqhRib6U,38,1,14,2542,0.0000,vanish
287_MfZnqhRib6U,38,3,61,11643,0.0610,vanish
287_MfZnqhRib6U,39,2,61,6201,0.1145,shrink
82_xz40b41FHfs,31,3,8,518,0.0000,vanish
82_xz40b41FHfs,32,5,60,2708,0.0000,vanish
82_xz40b41FHfs,33,4,60,2013,0.0000,vanish
82_xz40b41FHfs,34,3,60,1436,0.0000,vanish
82_xz40b41FHfs,35,2,60,898,0.0000,vanish
82_xz40b41FHfs,36,1,60,516,0.0000,vanish
82_xz40b41FHfs,68,5,1,2611,0.0000,vanish
82_xz40b41FHfs,69,4,1,2044,0.0000,vanish
82_xz40b41FHfs,70,3,1,2147,0.0000,vanish
82_xz40b41FHfs,71,2,1,1479,0.0000,vanish
82_xz40b41FHfs,72,1,1,924,0.0000,vanish
82_xz40b41FHfs,87,5,60,741,0.2159,shrink
82_xz40b41FHfs,93,3,60,899,0.0000,vanish
82_xz40b41FHfs,94,2,60,565,0.0000,vanish
82_xz40b41FHfs,95,1,60,374,0.0000,vanish
584_ZJowLn8tkBE,15,5,13,6884,0.2220,shrink
584_ZJowLn8tkBE,16,5,13,7297,0.0092,vanish
584_ZJowLn8tkBE,17,5,13,7290,0.0000,vanish
584_ZJowLn8tkBE,18,4,13,7294,0.0000,vanish
584_ZJowLn8tkBE,19,4,13,7408,0.0000,vanish
584_ZJowLn8tkBE,20,4,13,7292,0.0000,vanish
584_ZJowLn8tkBE,21,4,13,7537,0.0000,vanish
584_ZJowLn8tkBE,21,5,44,350,0.0000,vanish
584_ZJowLn8tkBE,22,4,13,7310,0.0000,vanish
584_ZJowLn8tkBE,22,5,44,1716,0.0000,vanish
584_ZJowLn8tkBE,23,4,13,7388,0.0000,vanish
584_ZJowLn8tkBE,23,4,44,3393,0.0000,vanish
584_ZJowLn8tkBE,24,3,13,7361,0.0000,vanish
584_ZJowLn8tkBE,24,3,44,6767,0.0000,vanish
584_ZJowLn8tkBE,25,3,13,7371,0.0000,vanish
584_ZJowLn8tkBE,25,5,25,14994,0.2262,shrink
584_ZJowLn8tkBE,25,3,44,9509,0.0000,vanish
584_ZJowLn8tkBE,26,3,13,7238,0.0000,vanish
584_ZJowLn8tkBE,26,5,25,15243,0.2187,shrink
584_ZJowLn8tkBE,27,2,13,7340,0.0000,vanish
584_ZJowLn8tkBE,27,5,25,15171,0.2059,shrink
584_ZJowLn8tkBE,28,2,13,7381,0.0000,vanish
584_ZJowLn8tkBE,28,5,25,15270,0.2196,shrink
584_ZJowLn8tkBE,29,2,13,7280,0.0000,vanish
584_ZJowLn8tkBE,30,3,13,6714,0.0000,vanish
584_ZJowLn8tkBE,31,3,13,7094,0.0000,vanish
584_ZJowLn8tkBE,32,4,13,7273,0.0000,vanish
584_ZJowLn8tkBE,33,5,13,7138,0.0000,vanish
584_ZJowLn8tkBE,34,5,13,7216,0.0765,vanish
584_ZJowLn8tkBE,35,5,13,7125,0.1669,shrink
584_ZJowLn8tkBE,36,5,13,7241,0.2339,shrink
584_ZJowLn8tkBE,37,5,13,7092,0.2418,shrink
60_dpztQl4KzTw,0,4,13,8130,0.0209,vanish
60_dpztQl4KzTw,0,5,49,16734,0.2371,shrink
60_dpztQl4KzTw,1,5,13,8322,0.2323,shrink
60_dpztQl4KzTw,3,1,49,388,0.0000,vanish
60_dpztQl4KzTw,17,5,49,3454,0.2386,shrink
60_dpztQl4KzTw,18,5,49,3269,0.1224,shrink
60_dpztQl4KzTw,19,5,49,3093,0.1274,shrink
60_dpztQl4KzTw,20,5,49,2688,0.0000,vanish
60_dpztQl4KzTw,21,4,49,2366,0.0000,vanish
60_dpztQl4KzTw,22,5,13,8363,0.0012,vanish
60_dpztQl4KzTw,22,3,49,812,0.0000,vanish
60_dpztQl4KzTw,23,5,13,8440,0.0000,vanish
60_dpztQl4KzTw,23,2,49,396,0.0000,vanish
60_dpztQl4KzTw,24,4,13,8537,0.0000,vanish
60_dpztQl4KzTw,25,5,0,28638,0.1293,shrink
60_dpztQl4KzTw,25,3,13,8538,0.0000,vanish
60_dpztQl4KzTw,25,5,23,9021,0.0765,vanish
60_dpztQl4KzTw,25,5,61,6468,0.0227,vanish
60_dpztQl4KzTw,26,5,0,28319,0.0447,vanish
60_dpztQl4KzTw,26,2,13,8588,0.0000,vanish
60_dpztQl4KzTw,26,5,23,8861,0.0000,vanish
60_dpztQl4KzTw,26,5,61,6611,0.0000,vanish
60_dpztQl4KzTw,27,5,0,26665,0.0561,vanish
60_dpztQl4KzTw,27,1,13,620,0.0000,vanish
60_dpztQl4KzTw,27,2,13,8727,0.0000,vanish
60_dpztQl4KzTw,27,4,23,7627,0.0000,vanish
60_dpztQl4KzTw,27,3,49,5364,0.2440,shrink
60_dpztQl4KzTw,27,5,61,9619,0.0462,vanish
60_dpztQl4KzTw,28,5,0,18305,0.0000,vanish
60_dpztQl4KzTw,28,2,13,9033,0.0000,vanish
60_dpztQl4KzTw,28,3,23,5980,0.0000,vanish
60_dpztQl4KzTw,28,2,49,2832,0.1328,shrink
60_dpztQl4KzTw,28,5,61,12780,0.1556,shrink
60_dpztQl4KzTw,29,4,0,14065,0.0000,vanish
60_dpztQl4KzTw,29,2,13,9151,0.0000,vanish
60_dpztQl4KzTw,29,2,23,5253,0.0000,vanish
60_dpztQl4KzTw,29,1,49,1467,0.0000,vanish
60_dpztQl4KzTw,30,3,0,5390,0.0000,vanish
60_dpztQl4KzTw,30,3,13,8830,0.0000,vanish
60_dpztQl4KzTw,30,5,15,2610,0.1697,shrink
60_dpztQl4KzTw,30,1,23,1839,0.0000,vanish
60_dpztQl4KzTw,31,2,0,1637,0.0000,vanish
60_dpztQl4KzTw,31,2,13,650,0.0000,vanish
60_dpztQl4KzTw,31,4,13,9020,0.0000,vanish
60_dpztQl4KzTw,32,1,0,1497,0.0000,vanish
60_dpztQl4KzTw,32,5,8,2119,0.0000,vanish
60_dpztQl4KzTw,32,1,13,1128,0.0000,vanish
60_dpztQl4KzTw,32,4,13,9058,0.0000,vanish
60_dpztQl4KzTw,32,3,15,909,0.0000,vanish
60_dpztQl4KzTw,33,4,8,2190,0.2228,shrink
60_dpztQl4KzTw,33,1,13,1942,0.0000,vanish
60_dpztQl4KzTw,33,3,13,8870,0.0000,vanish
60_dpztQl4KzTw,33,4,15,1286,0.0132,vanish
60_dpztQl4KzTw,34,3,13,9030,0.0000,vanish
60_dpztQl4KzTw,35,5,13,9289,0.0000,vanish
60_dpztQl4KzTw,35,4,16,6335,0.0870,vanish
60_dpztQl4KzTw,36,4,13,9182,0.0000,vanish
60_dpztQl4KzTw,36,2,15,5417,0.1796,shrink
60_dpztQl4KzTw,36,5,16,6157,0.0916,vanish
60_dpztQl4KzTw,36,5,30,620,0.1887,shrink
60_dpztQl4KzTw,37,5,8,3211,0.0000,vanish
60_dpztQl4KzTw,37,5,8,10429,0.0000,vanish
60_dpztQl4KzTw,37,4,13,7823,0.0000,vanish
60_dpztQl4KzTw,37,3,15,1455,0.0000,vanish
60_dpztQl4KzTw,37,4,16,5635,0.0000,vanish
60_dpztQl4KzTw,37,5,30,51670,0.1736,shrink
60_dpztQl4KzTw,37,5,30,2322,0.0000,vanish
60_dpztQl4KzTw,38,4,8,3248,0.0000,vanish
60_dpztQl4KzTw,38,4,8,10667,0.0000,vanish
60_dpztQl4KzTw,38,3,13,7197,0.0000,vanish
60_dpztQl4KzTw,38,2,15,973,0.0000,vanish
60_dpztQl4KzTw,38,3,16,5710,0.0000,vanish
60_dpztQl4KzTw,38,5,30,51842,0.0962,vanish
60_dpztQl4KzTw,38,4,30,2769,0.0000,vanish
60_dpztQl4KzTw,39,3,8,3372,0.0000,vanish
60_dpztQl4KzTw,39,3,8,9928,0.0000,vanish
60_dpztQl4KzTw,39,2,13,7408,0.0000,vanish
60_dpztQl4KzTw,39,1,15,1091,0.0000,vanish
60_dpztQl4KzTw,39,2,16,5976,0.0000,vanish
60_dpztQl4KzTw,39,4,30,52187,0.0812,vanish
60_dpztQl4KzTw,39,3,30,2468,0.0000,vanish
60_dpztQl4KzTw,40,2,8,3770,0.0000,vanish
60_dpztQl4KzTw,40,2,8,9513,0.0000,vanish
60_dpztQl4KzTw,40,2,13,2795,0.0000,vanish
60_dpztQl4KzTw,40,2,16,5500,0.0000,vanish
60_dpztQl4KzTw,40,3,30,3519,0.0000,vanish
60_dpztQl4KzTw,41,1,8,4221,0.0000,vanish
60_dpztQl4KzTw,41,2,8,9528,0.0000,vanish
60_dpztQl4KzTw,41,1,13,343,0.0000,vanish
60_dpztQl4KzTw,41,1,16,4887,0.0000,vanish
60_dpztQl4KzTw,41,2,30,4282,0.0000,vanish
60_dpztQl4KzTw,42,1,8,5705,0.0070,vanish
60_dpztQl4KzTw,42,1,16,3261,0.0748,vanish
60_dpztQl4KzTw,42,1,49,833,0.0000,vanish
2088_dosBvvrcZRw,0,1,28,1203,0.0000,vanish
2088_dosBvvrcZRw,2,2,28,2520,0.1960,shrink
2088_dosBvvrcZRw,3,5,28,3975,0.2166,shrink
2088_dosBvvrcZRw,4,2,81,371,0.0000,vanish
2088_dosBvvrcZRw,9,5,29,1079,0.0000,vanish
2088_dosBvvrcZRw,11,1,0,1080,0.0000,vanish
2088_dosBvvrcZRw,16,1,0,418,0.0000,vanish
2088_dosBvvrcZRw,18,1,19,315,0.0000,vanish
2088_dosBvvrcZRw,26,5,28,1569,0.0618,vanish
2088_dosBvvrcZRw,26,5,28,301,0.1827,shrink
2088_dosBvvrcZRw,31,5,91,2397,0.0058,vanish
2088_dosBvvrcZRw,32,5,91,2123,0.0000,vanish
2088_dosBvvrcZRw,33,4,91,1877,0.0000,vanish
2088_dosBvvrcZRw,34,3,91,1693,0.0000,vanish
2088_dosBvvrcZRw,35,2,91,1409,0.0000,vanish
2088_dosBvvrcZRw,36,5,0,2845,0.0000,vanish
2088_dosBvvrcZRw,37,4,0,4063,0.0000,vanish
1604_YjUwjZgfF6s,0,3,13,1472,0.0000,vanish
1604_YjUwjZgfF6s,0,1,13,3197,0.0000,vanish
1604_YjUwjZgfF6s,0,1,13,628,0.0000,vanish
1604_YjUwjZgfF6s,0,3,24,8858,0.0000,vanish
1604_YjUwjZgfF6s,0,2,24,963,0.2181,shrink
1604_YjUwjZgfF6s,1,2,13,3928,0.0000,vanish
1604_YjUwjZgfF6s,1,1,13,792,0.0000,vanish
1604_YjUwjZgfF6s,1,2,24,7697,0.0000,vanish
1604_YjUwjZgfF6s,2,1,13,1712,0.0000,vanish
1604_YjUwjZgfF6s,2,1,13,1122,0.0000,vanish
1604_YjUwjZgfF6s,2,5,22,9424,0.0000,vanish
1604_YjUwjZgfF6s,3,2,13,1598,0.0000,vanish
1604_YjUwjZgfF6s,3,5,22,12851,0.0076,vanish
1604_YjUwjZgfF6s,4,2,13,1801,0.0000,vanish
1604_YjUwjZgfF6s,4,5,22,14940,0.0056,vanish
1604_YjUwjZgfF6s,5,2,13,2069,0.0000,vanish
1604_YjUwjZgfF6s,5,5,22,18235,0.0000,vanish
1604_YjUwjZgfF6s,6,5,22,19729,0.0000,vanish
1604_YjUwjZgfF6s,7,2,13,2024,0.0000,vanish
1604_YjUwjZgfF6s,7,5,22,20726,0.0000,vanish
1604_YjUwjZgfF6s,8,5,22,21665,0.0008,vanish
1604_YjUwjZgfF6s,9,5,22,21867,0.0000,vanish
1604_YjUwjZgfF6s,10,5,22,21757,0.0000,vanish
1604_YjUwjZgfF6s,15,5,29,9584,0.2362,shrink
1604_YjUwjZgfF6s,29,5,22,2676,0.0000,vanish
1604_YjUwjZgfF6s,30,1,29,1474,0.0000,vanish
1604_YjUwjZgfF6s,32,2,22,1624,0.0000,vanish
1604_YjUwjZgfF6s,33,1,22,641,0.0000,vanish
1604_YjUwjZgfF6s,38,1,0,635,0.0000,vanish
1604_YjUwjZgfF6s,39,3,0,6315,0.0000,vanish
1604_YjUwjZgfF6s,39,2,13,334,0.0000,vanish
1604_YjUwjZgfF6s,40,2,0,29436,0.0002,vanish
1604_YjUwjZgfF6s,40,2,13,909,0.0000,vanish
1604_YjUwjZgfF6s,40,1,29,821,0.0000,vanish
2083_T_0--qNxA7U,15,3,29,323,0.0000,vanish
515_3tjnfK_HPJU,0,1,61,55821,0.0000,vanish
515_3tjnfK_HPJU,0,5,61,217486,0.2121,shrink
515_3tjnfK_HPJU,1,1,9,1396,0.0000,vanish
515_3tjnfK_HPJU,1,3,61,191485,0.1364,shrink
515_3tjnfK_HPJU,2,2,61,205893,0.2394,shrink
515_3tjnfK_HPJU,2,2,61,2092,0.1501,shrink
515_3tjnfK_HPJU,3,3,8,497,0.0000,vanish
515_3tjnfK_HPJU,3,1,9,823,0.0000,vanish
515_3tjnfK_HPJU,3,5,61,91516,0.0158,vanish
515_3tjnfK_HPJU,3,4,61,378,0.0000,vanish
515_3tjnfK_HPJU,3,5,74,51925,0.0498,vanish
515_3tjnfK_HPJU,4,2,8,688,0.0000,vanish
515_3tjnfK_HPJU,4,1,9,1564,0.0000,vanish
515_3tjnfK_HPJU,4,5,61,93255,0.0000,vanish
515_3tjnfK_HPJU,4,3,61,489,0.0000,vanish
515_3tjnfK_HPJU,4,5,74,48263,0.0000,vanish
515_3tjnfK_HPJU,5,1,8,1569,0.0000,vanish
515_3tjnfK_HPJU,5,1,9,965,0.0000,vanish
515_3tjnfK_HPJU,5,3,61,3309,0.0000,vanish
515_3tjnfK_HPJU,5,4,74,44754,0.0000,vanish
515_3tjnfK_HPJU,6,3,8,13675,0.0000,vanish
515_3tjnfK_HPJU,6,1,8,3069,0.0000,vanish
515_3tjnfK_HPJU,6,5,61,200713,0.0742,vanish
515_3tjnfK_HPJU,6,2,61,9631,0.0000,vanish
515_3tjnfK_HPJU,7,2,8,23289,0.0000,vanish
515_3tjnfK_HPJU,7,5,61,203151,0.0404,vanish
515_3tjnfK_HPJU,8,1,8,27093,0.0033,vanish
515_3tjnfK_HPJU,8,5,33,9925,0.0000,vanish
515_3tjnfK_HPJU,8,5,61,171486,0.0680,vanish
515_3tjnfK_HPJU,8,2,61,10577,0.0000,vanish
515_3tjnfK_HPJU,9,5,61,140592,0.2223,shrink
515_3tjnfK_HPJU,9,2,61,14412,0.0000,vanish
515_3tjnfK_HPJU,10,1,8,16737,0.2146,shrink
515_3tjnfK_HPJU,10,1,8,5000,0.0000,vanish
515_3tjnfK_HPJU,10,3,33,4703,0.0000,vanish
515_3tjnfK_HPJU,10,1,33,6276,0.0000,vanish
515_3tjnfK_HPJU,10,2,61,19413,0.0000,vanish
515_3tjnfK_HPJU,11,3,33,47207,0.0000,vanish
515_3tjnfK_HPJU,12,2,8,3856,0.0000,vanish
515_3tjnfK_HPJU,12,2,33,6622,0.0000,vanish
515_3tjnfK_HPJU,12,2,33,8998,0.0000,vanish
515_3tjnfK_HPJU,13,1,8,3666,0.0000,vanish
515_3tjnfK_HPJU,13,1,33,389,0.0000,vanish
515_3tjnfK_HPJU,13,1,33,3883,0.0000,vanish
515_3tjnfK_HPJU,14,3,74,10414,0.0000,vanish
515_3tjnfK_HPJU,15,1,8,320,0.0000,vanish
515_3tjnfK_HPJU,15,1,8,1343,0.0000,vanish
515_3tjnfK_HPJU,15,3,9,4294,0.0000,vanish
515_3tjnfK_HPJU,15,2,61,21782,0.0000,vanish
515_3tjnfK_HPJU,15,2,74,16670,0.0000,vanish
515_3tjnfK_HPJU,16,2,9,19345,0.0000,vanish
515_3tjnfK_HPJU,16,2,74,23735,0.0000,vanish
515_3tjnfK_HPJU,17,2,9,50701,0.0000,vanish
515_3tjnfK_HPJU,17,1,33,1104,0.0000,vanish
515_3tjnfK_HPJU,17,1,61,50333,0.1805,shrink
515_3tjnfK_HPJU,18,4,61,135259,0.1333,shrink
515_3tjnfK_HPJU,18,5,61,1396,0.0000,vanish
515_3tjnfK_HPJU,19,5,8,14142,0.0000,vanish
515_3tjnfK_HPJU,19,5,61,210974,0.1095,shrink
515_3tjnfK_HPJU,19,4,61,645,0.0000,vanish
515_3tjnfK_HPJU,20,3,8,8848,0.0000,vanish
515_3tjnfK_HPJU,20,5,61,282015,0.1240,shrink
515_3tjnfK_HPJU,20,5,61,7629,0.0308,vanish
515_3tjnfK_HPJU,20,3,61,760,0.0000,vanish
515_3tjnfK_HPJU,21,3,8,12027,0.0496,vanish
515_3tjnfK_HPJU,21,5,61,281571,0.1456,shrink
515_3tjnfK_HPJU,21,5,61,18285,0.0000,vanish
515_3tjnfK_HPJU,22,5,61,269929,0.1091,shrink
515_3tjnfK_HPJU,22,2,61,4544,0.0000,vanish
515_3tjnfK_HPJU,23,2,9,2851,0.0000,vanish
515_3tjnfK_HPJU,23,5,61,254377,0.1207,shrink
515_3tjnfK_HPJU,24,1,9,3786,0.0000,vanish
515_3tjnfK_HPJU,24,5,61,246025,0.1103,shrink
515_3tjnfK_HPJU,25,5,8,8748,0.2463,shrink
515_3tjnfK_HPJU,25,5,61,234224,0.0995,vanish
515_3tjnfK_HPJU,26,4,33,3504,0.0000,vanish
515_3tjnfK_HPJU,26,5,61,197563,0.1126,shrink
515_3tjnfK_HPJU,27,4,8,25413,0.2295,shrink
515_3tjnfK_HPJU,27,1,9,405,0.0000,vanish
515_3tjnfK_HPJU,27,2,9,69029,0.1152,shrink
515_3tjnfK_HPJU,27,3,33,4751,0.0000,vanish
515_3tjnfK_HPJU,27,5,61,186472,0.1180,shrink
515_3tjnfK_HPJU,28,1,9,48214,0.0220,vanish
515_3tjnfK_HPJU,28,2,33,5032,0.0000,vanish
515_3tjnfK_HPJU,28,4,61,155403,0.1002,shrink
515_3tjnfK_HPJU,29,5,8,11861,0.0436,vanish
515_3tjnfK_HPJU,29,1,9,3677,0.0000,vanish
515_3tjnfK_HPJU,29,1,33,1303,0.0000,vanish
515_3tjnfK_HPJU,30,1,8,1151,0.0000,vanish
515_3tjnfK_HPJU,30,5,61,31157,0.0722,vanish
515_3tjnfK_HPJU,30,4,74,3790,0.0000,vanish
515_3tjnfK_HPJU,31,5,61,27372,0.0000,vanish
515_3tjnfK_HPJU,31,3,74,3292,0.0000,vanish
515_3tjnfK_HPJU,32,4,61,24045,0.0073,vanish
515_3tjnfK_HPJU,32,2,74,3421,0.0000,vanish
515_3tjnfK_HPJU,35,2,8,4639,0.0000,vanish
515_3tjnfK_HPJU,35,4,9,1131,0.0000,vanish
515_3tjnfK_HPJU,35,3,33,6788,0.0359,vanish
515_3tjnfK_HPJU,35,1,74,1206,0.0000,vanish
515_3tjnfK_HPJU,36,3,8,4348,0.0000,vanish
515_3tjnfK_HPJU,36,2,9,3053,0.0095,vanish
515_3tjnfK_HPJU,36,2,33,3211,0.0000,vanish
515_3tjnfK_HPJU,36,2,33,2998,0.1955,shrink
515_3tjnfK_HPJU,36,2,74,3103,0.0000,vanish
515_3tjnfK_HPJU,37,1,8,2676,0.0000,vanish
515_3tjnfK_HPJU,37,3,9,4223,0.0360,vanish
515_3tjnfK_HPJU,37,5,9,4952,0.0000,vanish
515_3tjnfK_HPJU,37,1,33,622,0.0000,vanish
515_3tjnfK_HPJU,37,1,33,2797,0.0515,vanish
515_3tjnfK_HPJU,37,1,74,1391,0.0000,vanish
515_3tjnfK_HPJU,38,5,9,8507,0.0371,vanish
515_3tjnfK_HPJU,38,4,61,50932,0.0000,vanish
515_3tjnfK_HPJU,39,4,8,10498,0.0000,vanish
515_3tjnfK_HPJU,39,4,9,10746,0.0000,vanish
515_3tjnfK_HPJU,39,1,61,428,0.0000,vanish
515_3tjnfK_HPJU,39,2,74,6630,0.0000,vanish
515_3tjnfK_HPJU,40,1,8,4121,0.0000,vanish
515_3tjnfK_HPJU,40,2,9,6103,0.0000,vanish
515_3tjnfK_HPJU,40,4,74,6047,0.0000,vanish
515_3tjnfK_HPJU,41,3,9,18563,0.0000,vanish
515_3tjnfK_HPJU,41,3,74,5742,0.0000,vanish
515_3tjnfK_HPJU,42,2,9,9990,0.0000,vanish
515_3tjnfK_HPJU,42,2,33,1174,0.0000,vanish
515_3tjnfK_HPJU,42,2,74,5277,0.0000,vanish
515_3tjnfK_HPJU,43,1,0,743,0.0000,vanish
515_3tjnfK_HPJU,43,1,0,725,0.0000,vanish
515_3tjnfK_HPJU,43,1,9,4248,0.0000,vanish
515_3tjnfK_HPJU,43,1,33,637,0.0000,vanish
515_3tjnfK_HPJU,43,1,74,5855,0.0323,vanish
215_ehQb3zQkUIc,1,4,22,1197,0.0000,vanish
215_ehQb3zQkUIc,2,3,22,1275,0.0000,vanish
215_ehQb3zQkUIc,3,3,22,915,0.0000,vanish
215_ehQb3zQkUIc,4,5,22,1287,0.0000,vanish
215_ehQb3zQkUIc,4,2,22,910,0.0000,vanish
215_ehQb3zQkUIc,5,5,22,9507,0.0000,vanish
215_ehQb3zQkUIc,6,5,22,15004,0.0017,vanish
215_ehQb3zQkUIc,7,5,22,28123,0.1607,shrink
215_ehQb3zQkUIc,7,5,22,3369,0.0653,vanish
215_ehQb3zQkUIc,8,5,22,25654,0.0421,vanish
215_ehQb3zQkUIc,8,5,22,17638,0.0287,vanish
215_ehQb3zQkUIc,9,4,22,21968,0.0142,vanish
215_ehQb3zQkUIc,9,5,22,16192,0.0441,vanish
215_ehQb3zQkUIc,10,3,22,6379,0.0000,vanish
215_ehQb3zQkUIc,10,5,22,18481,0.1016,shrink
215_ehQb3zQkUIc,11,2,22,5635,0.0000,vanish
215_ehQb3zQkUIc,11,5,22,20422,0.0675,vanish
215_ehQb3zQkUIc,11,5,22,1279,0.0000,vanish
215_ehQb3zQkUIc,12,5,22,19013,0.0885,vanish
215_ehQb3zQkUIc,12,5,22,15456,0.0038,vanish
215_ehQb3zQkUIc,13,5,22,5483,0.1470,shrink
215_ehQb3zQkUIc,13,5,22,18731,0.0023,vanish
215_ehQb3zQkUIc,13,5,22,1037,0.0000,vanish
215_ehQb3zQkUIc,14,5,15,1836,0.2222,shrink
215_ehQb3zQkUIc,14,5,22,5331,0.1099,shrink
215_ehQb3zQkUIc,14,5,22,19177,0.0191,vanish
215_ehQb3zQkUIc,14,4,22,1363,0.0000,vanish
215_ehQb3zQkUIc,15,5,15,1550,0.1671,shrink
215_ehQb3zQkUIc,15,5,22,4083,0.0404,vanish
215_ehQb3zQkUIc,15,3,22,1262,0.0000,vanish
215_ehQb3zQkUIc,16,5,15,1102,0.0844,vanish
215_ehQb3zQkUIc,16,5,22,5256,0.0791,vanish
215_ehQb3zQkUIc,16,2,22,305,0.0000,vanish
215_ehQb3zQkUIc,17,5,15,963,0.0000,vanish
215_ehQb3zQkUIc,17,4,22,4911,0.0847,vanish
215_ehQb3zQkUIc,17,1,22,647,0.0000,vanish
215_ehQb3zQkUIc,18,4,15,602,0.0000,vanish
215_ehQb3zQkUIc,18,5,22,4966,0.0721,vanish
215_ehQb3zQkUIc,19,3,15,408,0.0000,vanish
215_ehQb3zQkUIc,19,5,22,4193,0.0236,vanish
215_ehQb3zQkUIc,19,5,22,23675,0.2095,shrink
215_ehQb3zQkUIc,20,4,22,3400,0.0232,vanish
215_ehQb3zQkUIc,20,5,22,24462,0.1576,shrink
215_ehQb3zQkUIc,21,3,22,416,0.0000,vanish
215_ehQb3zQkUIc,21,5,22,25321,0.1706,shrink
215_ehQb3zQkUIc,22,2,22,565,0.0000,vanish
215_ehQb3zQkUIc,22,5,22,27659,0.1569,shrink
215_ehQb3zQkUIc,22,5,22,1822,0.0549,vanish
215_ehQb3zQkUIc,23,1,22,358,0.0000,vanish
215_ehQb3zQkUIc,23,4,22,28629,0.1962,shrink
215_ehQb3zQkUIc,23,5,22,2389,0.0025,vanish
215_ehQb3zQkUIc,24,5,22,28674,0.1637,shrink
215_ehQb3zQkUIc,24,5,22,5431,0.1722,shrink
215_ehQb3zQkUIc,25,5,22,27355,0.0795,vanish
215_ehQb3zQkUIc,25,5,22,13014,0.1481,shrink
215_ehQb3zQkUIc,26,4,22,25660,0.0195,vanish
215_ehQb3zQkUIc,26,5,22,14427,0.1418,shrink
215_ehQb3zQkUIc,27,3,22,20193,0.0000,vanish
215_ehQb3zQkUIc,27,5,22,16910,0.2118,shrink
215_ehQb3zQkUIc,28,2,22,11123,0.0000,vanish
215_ehQb3zQkUIc,28,5,22,19683,0.2072,shrink
215_ehQb3zQkUIc,29,1,22,7155,0.0000,vanish
215_ehQb3zQkUIc,29,5,22,20366,0.2206,shrink
215_ehQb3zQkUIc,29,5,61,35645,0.2384,shrink
215_ehQb3zQkUIc,31,5,61,3766,0.1288,shrink
215_ehQb3zQkUIc,32,5,61,3962,0.0000,vanish
215_ehQb3zQkUIc,33,5,22,55026,0.2260,shrink
215_ehQb3zQkUIc,33,5,22,15141,0.2376,shrink
215_ehQb3zQkUIc,33,4,61,4791,0.0000,vanish
215_ehQb3zQkUIc,34,5,22,54531,0.1975,shrink
215_ehQb3zQkUIc,34,5,22,14369,0.2359,shrink
215_ehQb3zQkUIc,35,5,22,54706,0.2189,shrink
215_ehQb3zQkUIc,35,5,22,13708,0.2419,shrink
1916_ikCbPIIfViI,0,1,1,2424,0.0000,vanish
1916_ikCbPIIfViI,30,1,14,701,0.0000,vanish
248__dQCYnHOydg,0,4,61,5920,0.0350,vanish
248__dQCYnHOydg,1,3,61,5617,0.0372,vanish
248__dQCYnHOydg,2,2,61,5458,0.0398,vanish
248__dQCYnHOydg,3,1,61,5505,0.0394,vanish
2166_34AmKPJNfCg,8,2,61,298501,0.0353,vanish
2166_34AmKPJNfCg,9,4,61,44983,0.0000,vanish
2166_34AmKPJNfCg,10,2,61,10550,0.0000,vanish
2166_34AmKPJNfCg,11,1,1,1906,0.0000,vanish
2166_34AmKPJNfCg,11,3,61,78847,0.0000,vanish
2166_34AmKPJNfCg,12,5,61,347196,0.2272,shrink
2166_34AmKPJNfCg,16,5,90,11208,0.1289,shrink
2166_34AmKPJNfCg,17,4,90,11177,0.1280,shrink
2166_34AmKPJNfCg,18,3,90,11038,0.1273,shrink
2166_34AmKPJNfCg,19,2,90,11363,0.1258,shrink
2166_34AmKPJNfCg,20,2,90,5471,0.0000,vanish
2166_34AmKPJNfCg,35,1,1,72546,0.1570,shrink
2166_34AmKPJNfCg,36,3,90,3494,0.0000,vanish
2166_34AmKPJNfCg,36,1,90,994,0.0000,vanish
2166_34AmKPJNfCg,36,2,119,2366,0.0000,vanish
2166_34AmKPJNfCg,37,2,90,1106,0.0000,vanish
87__ouoFLxVnZI,0,2,46,330,0.0000,vanish
87__ouoFLxVnZI,1,1,46,304,0.0000,vanish
87__ouoFLxVnZI,3,2,46,302,0.0000,vanish
87__ouoFLxVnZI,9,4,46,548,0.0000,vanish
87__ouoFLxVnZI,11,2,46,793,0.0000,vanish
87__ouoFLxVnZI,12,5,76,4409,0.0048,vanish
87__ouoFLxVnZI,13,4,76,5683,0.0167,vanish
87__ouoFLxVnZI,14,3,76,5386,0.0113,vanish
87__ouoFLxVnZI,15,2,61,6687,0.0000,vanish
87__ouoFLxVnZI,15,2,76,3872,0.0054,vanish
87__ouoFLxVnZI,16,1,76,1778,0.0000,vanish
87__ouoFLxVnZI,17,5,46,385,0.0000,vanish
87__ouoFLxVnZI,17,5,61,6864,0.1821,shrink
87__ouoFLxVnZI,18,4,46,769,0.0000,vanish
87__ouoFLxVnZI,18,4,61,3156,0.0000,vanish
87__ouoFLxVnZI,19,3,46,907,0.0000,vanish
87__ouoFLxVnZI,19,2,76,3831,0.1663,shrink
87__ouoFLxVnZI,20,2,46,372,0.0000,vanish
87__ouoFLxVnZI,20,3,61,4279,0.0000,vanish
87__ouoFLxVnZI,20,5,76,3231,0.2210,shrink
87__ouoFLxVnZI,21,1,46,353,0.0000,vanish
87__ouoFLxVnZI,40,3,46,316,0.0728,vanish
188_iBVCRggjkT8,3,5,1,2328,0.2225,shrink
188_iBVCRggjkT8,5,5,1,1255,0.0072,vanish
188_iBVCRggjkT8,6,4,1,1071,0.0084,vanish
188_iBVCRggjkT8,7,5,1,870,0.0000,vanish
188_iBVCRggjkT8,7,4,100,23556,0.1318,shrink
188_iBVCRggjkT8,9,3,1,611,0.0000,vanish
2067_EPeTfRCGZwY,5,5,94,12131,0.2284,shrink
2067_EPeTfRCGZwY,6,5,94,10288,0.1529,shrink
2067_EPeTfRCGZwY,7,5,94,9072,0.0000,vanish
2067_EPeTfRCGZwY,8,4,94,7118,0.0000,vanish
2067_EPeTfRCGZwY,9,3,94,5407,0.0000,vanish
2067_EPeTfRCGZwY,10,2,94,2855,0.0000,vanish
2067_EPeTfRCGZwY,11,1,94,1573,0.0000,vanish
2067_EPeTfRCGZwY,12,5,94,14496,0.0864,vanish
2067_EPeTfRCGZwY,13,5,8,46171,0.1583,shrink
2067_EPeTfRCGZwY,13,5,35,18408,0.0931,vanish
2067_EPeTfRCGZwY,13,5,94,14736,0.0000,vanish
2067_EPeTfRCGZwY,14,5,8,44623,0.0476,vanish
2067_EPeTfRCGZwY,14,5,35,21888,0.0013,vanish
2067_EPeTfRCGZwY,14,4,94,14203,0.0000,vanish
2067_EPeTfRCGZwY,15,4,8,35415,0.0000,vanish
2067_EPeTfRCGZwY,15,5,35,27694,0.0052,vanish
2067_EPeTfRCGZwY,16,4,8,33214,0.0128,vanish
2067_EPeTfRCGZwY,16,5,35,23973,0.0000,vanish
2067_EPeTfRCGZwY,16,4,94,17562,0.0000,vanish
2067_EPeTfRCGZwY,17,4,8,28378,0.0117,vanish
2067_EPeTfRCGZwY,17,3,16,1907,0.0000,vanish
2067_EPeTfRCGZwY,17,4,35,18419,0.0000,vanish
2067_EPeTfRCGZwY,17,2,67,1324,0.0000,vanish
2067_EPeTfRCGZwY,18,4,8,23111,0.0277,vanish
2067_EPeTfRCGZwY,18,5,16,8275,0.0156,vanish
2067_EPeTfRCGZwY,18,4,35,11358,0.0000,vanish
2067_EPeTfRCGZwY,18,2,67,3213,0.0000,vanish
2067_EPeTfRCGZwY,19,4,8,21334,0.0249,vanish
2067_EPeTfRCGZwY,19,5,16,6771,0.2051,shrink
2067_EPeTfRCGZwY,19,3,67,2061,0.0000,vanish
2067_EPeTfRCGZwY,20,4,8,18356,0.0000,vanish
2067_EPeTfRCGZwY,20,5,67,4100,0.0000,vanish
2067_EPeTfRCGZwY,21,2,8,14222,0.0000,vanish
2067_EPeTfRCGZwY,21,5,67,5176,0.0000,vanish
2067_EPeTfRCGZwY,22,5,16,12839,0.0072,vanish
2067_EPeTfRCGZwY,22,5,67,5305,0.0000,vanish
2067_EPeTfRCGZwY,23,2,8,10848,0.0000,vanish
2067_EPeTfRCGZwY,23,5,16,13429,0.0179,vanish
2067_EPeTfRCGZwY,23,5,67,6176,0.0079,vanish
2067_EPeTfRCGZwY,24,2,8,763,0.0000,vanish
2067_EPeTfRCGZwY,24,5,16,14403,0.0125,vanish
2067_EPeTfRCGZwY,24,5,67,6038,0.0076,vanish
2067_EPeTfRCGZwY,25,4,16,14259,0.0815,vanish
2067_EPeTfRCGZwY,25,5,67,33702,0.0000,vanish
2067_EPeTfRCGZwY,25,4,67,7282,0.0497,vanish
2067_EPeTfRCGZwY,26,4,67,21921,0.0000,vanish
2067_EPeTfRCGZwY,27,3,67,10735,0.0000,vanish
2067_EPeTfRCGZwY,28,2,67,14405,0.0000,vanish
2067_EPeTfRCGZwY,29,1,67,2791,0.0000,vanish
2067_EPeTfRCGZwY,33,1,8,1108,0.0000,vanish
2067_EPeTfRCGZwY,36,5,8,16754,0.2179,shrink
2067_EPeTfRCGZwY,37,5,8,14348,0.1629,shrink
2067_EPeTfRCGZwY,38,5,8,11412,0.0972,vanish
2067_EPeTfRCGZwY,38,5,94,41685,0.2207,shrink
2067_EPeTfRCGZwY,39,5,8,7760,0.0000,vanish
2067_EPeTfRCGZwY,39,5,94,35659,0.0769,vanish
2067_EPeTfRCGZwY,40,4,8,6760,0.0001,vanish
2067_EPeTfRCGZwY,40,4,94,30249,0.0908,vanish
2067_EPeTfRCGZwY,41,3,8,5628,0.0824,vanish
2067_EPeTfRCGZwY,41,3,94,24096,0.1163,shrink
2067_EPeTfRCGZwY,42,2,8,3533,0.1860,shrink
2067_EPeTfRCGZwY,42,2,94,17387,0.1612,shrink
2122_0eGJB1E3dqs,28,5,90,1682,0.1552,shrink
2122_0eGJB1E3dqs,29,5,90,1956,0.0844,vanish
2122_0eGJB1E3dqs,31,5,90,2490,0.2072,shrink
2122_0eGJB1E3dqs,34,5,90,810,0.2148,shrink
2122_0eGJB1E3dqs,35,5,90,802,0.0000,vanish
2122_0eGJB1E3dqs,36,4,90,617,0.0000,vanish
2122_0eGJB1E3dqs,37,3,90,573,0.0000,vanish
2122_0eGJB1E3dqs,38,2,90,423,0.0000,vanish
987_eyWqJs6zJ30,0,3,1,3385,0.0000,vanish
987_eyWqJs6zJ30,0,5,9,12683,0.0000,vanish
987_eyWqJs6zJ30,0,5,14,12635,0.1278,shrink
987_eyWqJs6zJ30,0,5,91,28247,0.0210,vanish
987_eyWqJs6zJ30,1,5,14,11020,0.0000,vanish
987_eyWqJs6zJ30,1,5,91,39378,0.0130,vanish
987_eyWqJs6zJ30,2,4,14,9659,0.0000,vanish
987_eyWqJs6zJ30,3,3,14,7841,0.0000,vanish
987_eyWqJs6zJ30,4,1,9,654,0.0000,vanish
987_eyWqJs6zJ30,4,2,14,5585,0.0000,vanish
987_eyWqJs6zJ30,4,5,104,48290,0.2125,shrink
987_eyWqJs6zJ30,5,5,9,225930,0.2086,shrink
987_eyWqJs6zJ30,5,1,14,2440,0.0000,vanish
987_eyWqJs6zJ30,5,5,69,1975,0.0000,vanish
987_eyWqJs6zJ30,5,5,104,45500,0.0894,vanish
987_eyWqJs6zJ30,5,5,107,5645,0.0000,vanish
987_eyWqJs6zJ30,6,5,9,191284,0.1179,shrink
987_eyWqJs6zJ30,6,5,69,4059,0.0000,vanish
987_eyWqJs6zJ30,6,5,104,39432,0.0072,vanish
987_eyWqJs6zJ30,6,5,107,15971,0.0000,vanish
987_eyWqJs6zJ30,6,3,109,1748,0.0000,vanish
987_eyWqJs6zJ30,7,5,9,154774,0.0422,vanish
987_eyWqJs6zJ30,7,4,69,6252,0.0000,vanish
987_eyWqJs6zJ30,7,5,104,35386,0.0000,vanish
987_eyWqJs6zJ30,7,5,107,25209,0.0000,vanish
987_eyWqJs6zJ30,7,3,109,3390,0.0000,vanish
987_eyWqJs6zJ30,8,5,9,114828,0.0000,vanish
987_eyWqJs6zJ30,8,4,69,8217,0.0000,vanish
987_eyWqJs6zJ30,8,4,104,28821,0.0000,vanish
987_eyWqJs6zJ30,8,5,107,34709,0.0000,vanish
987_eyWqJs6zJ30,9,4,9,79203,0.0000,vanish
987_eyWqJs6zJ30,9,3,104,20101,0.0000,vanish
987_eyWqJs6zJ30,9,5,107,43071,0.0000,vanish
987_eyWqJs6zJ30,10,3,9,47139,0.0000,vanish
987_eyWqJs6zJ30,10,5,60,7834,0.0000,vanish
987_eyWqJs6zJ30,10,2,104,9498,0.0000,vanish
987_eyWqJs6zJ30,11,2,9,22555,0.0000,vanish
987_eyWqJs6zJ30,11,5,60,9534,0.0000,vanish
987_eyWqJs6zJ30,11,1,104,2964,0.0000,vanish
987_eyWqJs6zJ30,12,1,9,6529,0.0000,vanish
987_eyWqJs6zJ30,14,5,93,90233,0.1774,shrink
987_eyWqJs6zJ30,15,5,93,75304,0.0664,vanish
987_eyWqJs6zJ30,16,5,93,58779,0.0000,vanish
987_eyWqJs6zJ30,17,2,1,1759,0.0000,vanish
987_eyWqJs6zJ30,17,4,93,43694,0.0000,vanish
987_eyWqJs6zJ30,18,3,93,29966,0.0000,vanish
987_eyWqJs6zJ30,19,2,93,16007,0.0000,vanish
987_eyWqJs6zJ30,20,1,93,5001,0.0000,vanish
987_eyWqJs6zJ30,25,3,1,11761,0.0684,vanish
987_eyWqJs6zJ30,25,1,60,1491,0.0000,vanish
987_eyWqJs6zJ30,25,5,60,94983,0.1714,shrink
987_eyWqJs6zJ30,26,2,1,5868,0.0000,vanish
987_eyWqJs6zJ30,26,5,60,88991,0.0771,vanish
987_eyWqJs6zJ30,27,1,1,1846,0.0000,vanish
987_eyWqJs6zJ30,27,5,60,79933,0.0000,vanish
987_eyWqJs6zJ30,28,4,60,66922,0.0000,vanish
987_eyWqJs6zJ30,28,5,90,65890,0.1790,shrink
987_eyWqJs6zJ30,28,5,107,1303,0.0000,vanish
987_eyWqJs6zJ30,29,3,60,44680,0.0000,vanish
987_eyWqJs6zJ30,29,5,90,59039,0.0884,vanish
987_eyWqJs6zJ30,29,5,107,11100,0.0408,vanish
987_eyWqJs6zJ30,30,2,60,22628,0.0000,vanish
987_eyWqJs6zJ30,30,5,90,51908,0.0107,vanish
987_eyWqJs6zJ30,30,4,93,24384,0.0757,vanish
987_eyWqJs6zJ30,30,5,107,19916,0.0241,vanish
987_eyWqJs6zJ30,31,1,60,7260,0.0000,vanish
987_eyWqJs6zJ30,31,5,90,42686,0.0000,vanish
987_eyWqJs6zJ30,31,4,93,20784,0.0325,vanish
987_eyWqJs6zJ30,31,5,107,26888,0.0120,vanish
987_eyWqJs6zJ30,32,4,90,30614,0.0000,vanish
987_eyWqJs6zJ30,32,5,107,31516,0.0046,vanish
987_eyWqJs6zJ30,33,3,90,19904,0.0000,vanish
987_eyWqJs6zJ30,33,4,93,16048,0.0000,vanish
987_eyWqJs6zJ30,34,2,1,1740,0.0000,vanish
987_eyWqJs6zJ30,34,2,90,8844,0.0000,vanish
987_eyWqJs6zJ30,34,3,93,13974,0.0000,vanish
987_eyWqJs6zJ30,35,1,90,1003,0.0000,vanish
987_eyWqJs6zJ30,35,3,93,10369,0.0000,vanish
987_eyWqJs6zJ30,36,5,60,844,0.0000,vanish
987_eyWqJs6zJ30,36,2,93,4073,0.0000,vanish
987_eyWqJs6zJ30,37,4,60,4204,0.0000,vanish
987_eyWqJs6zJ30,37,1,93,393,0.0000,vanish
987_eyWqJs6zJ30,38,4,60,8570,0.0000,vanish
987_eyWqJs6zJ30,38,1,60,3121,0.0000,vanish
987_eyWqJs6zJ30,38,5,89,76173,0.1676,shrink
987_eyWqJs6zJ30,38,5,107,2766,0.1732,shrink
987_eyWqJs6zJ30,39,4,60,12055,0.0000,vanish
987_eyWqJs6zJ30,39,5,89,65466,0.0802,vanish
987_eyWqJs6zJ30,39,5,107,7220,0.0450,vanish
987_eyWqJs6zJ30,40,4,89,52597,0.0999,vanish
987_eyWqJs6zJ30,40,4,107,9779,0.2286,shrink
987_eyWqJs6zJ30,41,3,89,37421,0.1404,shrink
987_eyWqJs6zJ30,42,2,89,23295,0.2255,shrink
998_wFkstkiNp_I,0,4,14,1078,0.0000,vanish
998_wFkstkiNp_I,0,3,14,2308,0.0000,vanish
998_wFkstkiNp_I,0,1,14,320,0.0000,vanish
998_wFkstkiNp_I,0,5,60,9547,0.0000,vanish
998_wFkstkiNp_I,0,5,68,16163,0.0236,vanish
998_wFkstkiNp_I,0,5,76,3956,0.0000,vanish
998_wFkstkiNp_I,0,4,109,5076,0.0000,vanish
998_wFkstkiNp_I,1,5,14,2529,0.0000,vanish
998_wFkstkiNp_I,1,5,60,8007,0.0000,vanish
998_wFkstkiNp_I,1,5,68,17322,0.0235,vanish
998_wFkstkiNp_I,1,5,76,8278,0.0000,vanish
998_wFkstkiNp_I,1,4,85,1663,0.0000,vanish
998_wFkstkiNp_I,1,4,109,4746,0.0000,vanish
998_wFkstkiNp_I,2,4,14,2049,0.0029,vanish
998_wFkstkiNp_I,2,5,76,13335,0.0094,vanish
998_wFkstkiNp_I,2,4,85,5456,0.0000,vanish
998_wFkstkiNp_I,2,4,109,4277,0.0000,vanish
998_wFkstkiNp_I,3,5,76,18459,0.0468,vanish
998_wFkstkiNp_I,3,5,85,8971,0.0000,vanish
998_wFkstkiNp_I,3,4,109,4007,0.0000,vanish
998_wFkstkiNp_I,4,5,76,21908,0.0638,vanish
998_wFkstkiNp_I,4,5,85,11784,0.0000,vanish
998_wFkstkiNp_I,4,4,109,3729,0.0000,vanish
998_wFkstkiNp_I,5,4,109,3649,0.0000,vanish
998_wFkstkiNp_I,6,4,109,3386,0.0000,vanish
998_wFkstkiNp_I,7,4,109,3458,0.0000,vanish
998_wFkstkiNp_I,8,4,109,3349,0.0000,vanish
998_wFkstkiNp_I,9,1,91,364,0.0000,vanish
998_wFkstkiNp_I,9,4,109,3184,0.0000,vanish
998_wFkstkiNp_I,10,5,91,23136,0.2451,shrink
998_wFkstkiNp_I,10,5,109,3066,0.0000,vanish
998_wFkstkiNp_I,11,5,109,3170,0.0000,vanish
998_wFkstkiNp_I,12,5,109,3275,0.0000,vanish
998_wFkstkiNp_I,13,5,109,3485,0.0066,vanish
998_wFkstkiNp_I,14,5,91,22982,0.2318,shrink
998_wFkstkiNp_I,14,5,109,3757,0.0325,vanish
998_wFkstkiNp_I,15,5,91,22399,0.2356,shrink
998_wFkstkiNp_I,15,5,91,25280,0.2458,shrink
998_wFkstkiNp_I,15,5,109,4119,0.1097,shrink
998_wFkstkiNp_I,16,1,1,1256,0.0000,vanish
998_wFkstkiNp_I,16,5,68,14985,0.0863,vanish
998_wFkstkiNp_I,16,5,91,22707,0.1928,shrink
998_wFkstkiNp_I,16,5,109,3879,0.1274,shrink
998_wFkstkiNp_I,17,5,68,15637,0.1130,shrink
998_wFkstkiNp_I,17,5,91,25606,0.1696,shrink
998_wFkstkiNp_I,17,5,109,4108,0.1689,shrink
998_wFkstkiNp_I,18,5,68,15229,0.1440,shrink
998_wFkstkiNp_I,18,5,91,24573,0.2001,shrink
998_wFkstkiNp_I,18,5,109,3829,0.1243,shrink
998_wFkstkiNp_I,19,5,68,13029,0.0000,vanish
998_wFkstkiNp_I,19,5,91,22341,0.1891,shrink
998_wFkstkiNp_I,19,5,109,3373,0.0000,vanish
998_wFkstkiNp_I,20,4,68,10906,0.0000,vanish
998_wFkstkiNp_I,20,5,91,23239,0.1617,shrink
998_wFkstkiNp_I,20,4,109,3193,0.0000,vanish
998_wFkstkiNp_I,21,3,68,7600,0.0000,vanish
998_wFkstkiNp_I,21,5,91,19403,0.1439,shrink
998_wFkstkiNp_I,21,3,109,2636,0.0000,vanish
998_wFkstkiNp_I,22,2,68,5235,0.0000,vanish
998_wFkstkiNp_I,22,5,91,20510,0.1856,shrink
998_wFkstkiNp_I,22,2,109,1797,0.0000,vanish
998_wFkstkiNp_I,23,1,68,3019,0.0000,vanish
998_wFkstkiNp_I,23,1,109,711,0.0000,vanish
998_wFkstkiNp_I,26,2,93,755,0.0490,vanish
998_wFkstkiNp_I,26,2,93,1740,0.0000,vanish
998_wFkstkiNp_I,27,3,93,1685,0.0012,vanish
998_wFkstkiNp_I,28,3,93,2013,0.0000,vanish
998_wFkstkiNp_I,29,3,93,4170,0.0000,vanish
998_wFkstkiNp_I,30,1,0,413,0.0000,vanish
998_wFkstkiNp_I,30,1,1,1186,0.0000,vanish
998_wFkstkiNp_I,30,1,1,406,0.0000,vanish
998_wFkstkiNp_I,31,5,93,5208,0.0088,vanish
998_wFkstkiNp_I,32,5,93,7313,0.0751,vanish
998_wFkstkiNp_I,33,5,89,22760,0.2455,shrink
998_wFkstkiNp_I,33,5,93,9319,0.1492,shrink
998_wFkstkiNp_I,35,5,89,26387,0.1290,shrink
998_wFkstkiNp_I,36,5,89,28929,0.1229,shrink
998_wFkstkiNp_I,37,1,0,410,0.0000,vanish
998_wFkstkiNp_I,37,5,89,29272,0.1410,shrink
998_wFkstkiNp_I,38,5,89,32846,0.1625,shrink
998_wFkstkiNp_I,39,5,89,33120,0.1639,shrink
863_gpkLSJf7a2o,0,1,90,490,0.2041,shrink
863_gpkLSJf7a2o,2,5,1,14618,0.2275,shrink
863_gpkLSJf7a2o,3,5,1,12797,0.1638,shrink
863_gpkLSJf7a2o,3,4,90,321,0.1340,shrink
863_gpkLSJf7a2o,4,5,1,10941,0.0446,vanish
863_gpkLSJf7a2o,5,5,1,10009,0.0000,vanish
863_gpkLSJf7a2o,5,5,90,671,0.0969,vanish
863_gpkLSJf7a2o,6,4,1,6865,0.0000,vanish
863_gpkLSJf7a2o,7,3,1,3326,0.0000,vanish
863_gpkLSJf7a2o,7,4,90,380,0.0000,vanish
863_gpkLSJf7a2o,8,2,1,2096,0.0000,vanish
863_gpkLSJf7a2o,8,3,90,393,0.0000,vanish
863_gpkLSJf7a2o,9,1,1,488,0.0000,vanish
863_gpkLSJf7a2o,13,5,1,3311,0.1329,shrink
863_gpkLSJf7a2o,14,5,1,2970,0.0377,vanish
863_gpkLSJf7a2o,16,4,1,1454,0.0000,vanish
863_gpkLSJf7a2o,17,3,1,1093,0.0000,vanish
863_gpkLSJf7a2o,18,2,1,440,0.0000,vanish
863_gpkLSJf7a2o,20,3,70,572,0.0000,vanish
863_gpkLSJf7a2o,23,5,1,6435,0.0008,vanish
863_gpkLSJf7a2o,24,5,1,6450,0.0000,vanish
863_gpkLSJf7a2o,24,5,14,3551,0.0025,vanish
863_gpkLSJf7a2o,25,4,1,5173,0.0000,vanish
863_gpkLSJf7a2o,25,5,14,3050,0.0000,vanish
863_gpkLSJf7a2o,25,3,46,3439,0.0000,vanish
863_gpkLSJf7a2o,25,5,112,12166,0.0000,vanish
863_gpkLSJf7a2o,26,3,1,4481,0.0000,vanish
863_gpkLSJf7a2o,26,4,14,2670,0.0000,vanish
863_gpkLSJf7a2o,26,5,14,41269,0.0917,vanish
863_gpkLSJf7a2o,26,5,46,31802,0.2084,shrink
863_gpkLSJf7a2o,26,2,46,2725,0.0000,vanish
863_gpkLSJf7a2o,26,4,112,12439,0.0000,vanish
863_gpkLSJf7a2o,27,2,1,2325,0.0000,vanish
863_gpkLSJf7a2o,27,3,14,2308,0.0000,vanish
863_gpkLSJf7a2o,27,5,14,34942,0.0158,vanish
863_gpkLSJf7a2o,27,5,46,25480,0.1595,shrink
863_gpkLSJf7a2o,27,3,70,832,0.0000,vanish
863_gpkLSJf7a2o,27,3,112,12903,0.0000,vanish
863_gpkLSJf7a2o,28,2,14,1331,0.0000,vanish
863_gpkLSJf7a2o,28,5,14,30878,0.0000,vanish
863_gpkLSJf7a2o,28,5,46,21136,0.0630,vanish
863_gpkLSJf7a2o,28,2,70,532,0.0000,vanish
863_gpkLSJf7a2o,28,2,112,7170,0.0000,vanish
863_gpkLSJf7a2o,29,4,14,28328,0.0000,vanish
863_gpkLSJf7a2o,29,5,46,19391,0.0000,vanish
863_gpkLSJf7a2o,29,5,46,3167,0.0000,vanish
863_gpkLSJf7a2o,29,5,70,37232,0.1744,shrink
863_gpkLSJf7a2o,29,1,70,305,0.0000,vanish
863_gpkLSJf7a2o,29,1,112,3815,0.0000,vanish
863_gpkLSJf7a2o,30,1,1,1442,0.0000,vanish
863_gpkLSJf7a2o,30,3,14,17261,0.0000,vanish
863_gpkLSJf7a2o,30,4,46,14098,0.0000,vanish
863_gpkLSJf7a2o,30,4,46,2248,0.0000,vanish
863_gpkLSJf7a2o,30,5,70,35428,0.1079,shrink
863_gpkLSJf7a2o,31,2,14,3820,0.0000,vanish
863_gpkLSJf7a2o,31,3,46,6759,0.0000,vanish
863_gpkLSJf7a2o,31,3,46,1828,0.0000,vanish
863_gpkLSJf7a2o,31,5,70,29446,0.0216,vanish
863_gpkLSJf7a2o,32,1,14,556,0.0000,vanish
863_gpkLSJf7a2o,32,2,46,4129,0.0000,vanish
863_gpkLSJf7a2o,32,2,46,1557,0.0000,vanish
863_gpkLSJf7a2o,32,5,70,25576,0.0000,vanish
863_gpkLSJf7a2o,33,1,46,1404,0.0000,vanish
863_gpkLSJf7a2o,33,1,46,805,0.0000,vanish
863_gpkLSJf7a2o,33,4,70,14525,0.0000,vanish
863_gpkLSJf7a2o,34,3,70,6562,0.0000,vanish
863_gpkLSJf7a2o,35,2,70,3927,0.0000,vanish
863_gpkLSJf7a2o,36,1,70,635,0.0000,vanish
1858_XtKr3ExHZ4g,0,2,13,1123,0.0000,vanish
1858_XtKr3ExHZ4g,1,2,13,1416,0.0000,vanish
1858_XtKr3ExHZ4g,2,1,13,1911,0.0000,vanish
1858_XtKr3ExHZ4g,3,5,13,5820,0.0177,vanish
1858_XtKr3ExHZ4g,4,2,13,2664,0.0000,vanish
1858_XtKr3ExHZ4g,5,3,13,6227,0.0275,vanish
1858_XtKr3ExHZ4g,6,3,13,7419,0.0337,vanish
1858_XtKr3ExHZ4g,7,4,13,8919,0.0268,vanish
1363_QwwaDqYgOYo,0,4,1,4238,0.0000,vanish
1363_QwwaDqYgOYo,1,3,1,2118,0.0000,vanish
1363_QwwaDqYgOYo,2,2,1,684,0.0000,vanish
1363_QwwaDqYgOYo,5,5,14,62553,0.1738,shrink
1363_QwwaDqYgOYo,6,2,1,1466,0.0000,vanish
1363_QwwaDqYgOYo,6,5,14,70233,0.0509,vanish
1363_QwwaDqYgOYo,7,1,1,1307,0.0000,vanish
1363_QwwaDqYgOYo,7,5,14,66387,0.0283,vanish
1363_QwwaDqYgOYo,8,4,14,54406,0.0346,vanish
1363_QwwaDqYgOYo,9,3,14,33270,0.0565,vanish
1363_QwwaDqYgOYo,10,2,14,10870,0.1730,shrink
1363_QwwaDqYgOYo,35,5,1,9999,0.0000,vanish
1363_QwwaDqYgOYo,36,4,1,10092,0.0000,vanish
1363_QwwaDqYgOYo,37,3,1,8227,0.0000,vanish
1363_QwwaDqYgOYo,38,2,1,5943,0.0000,vanish
1363_QwwaDqYgOYo,38,5,14,73881,0.2168,shrink
1363_QwwaDqYgOYo,39,1,1,2270,0.0000,vanish
1363_QwwaDqYgOYo,39,5,14,68403,0.1075,shrink
1363_QwwaDqYgOYo,40,4,14,55188,0.1333,shrink
1363_QwwaDqYgOYo,41,3,14,39109,0.1881,shrink
1367_lKjII12eZ5g,33,5,14,762,0.1325,shrink
1367_lKjII12eZ5g,34,5,14,797,0.0263,vanish
1367_lKjII12eZ5g,35,5,14,843,0.0000,vanish
1367_lKjII12eZ5g,36,4,14,858,0.0000,vanish
1367_lKjII12eZ5g,37,3,14,519,0.0000,vanish
1365_Sp4UiQVh6wQ,9,3,80,86513,0.1708,shrink
1365_Sp4UiQVh6wQ,13,5,104,62653,0.2293,shrink
1365_Sp4UiQVh6wQ,15,5,9,48753,0.1354,shrink
1365_Sp4UiQVh6wQ,16,5,9,46207,0.0772,vanish
1365_Sp4UiQVh6wQ,17,5,9,40823,0.0711,vanish
1365_Sp4UiQVh6wQ,18,4,9,30489,0.0951,vanish
1365_Sp4UiQVh6wQ,18,1,104,12709,0.1575,shrink
1365_Sp4UiQVh6wQ,19,3,9,15448,0.1905,shrink
1365_Sp4UiQVh6wQ,19,1,104,2002,0.0000,vanish
1365_Sp4UiQVh6wQ,20,5,104,36339,0.2451,shrink
1365_Sp4UiQVh6wQ,21,5,104,41425,0.1144,shrink
1365_Sp4UiQVh6wQ,22,4,104,43440,0.1089,shrink
1365_Sp4UiQVh6wQ,23,3,104,42842,0.1104,shrink
1365_Sp4UiQVh6wQ,24,2,104,31304,0.1489,shrink
1365_Sp4UiQVh6wQ,31,2,104,14748,0.2362,shrink
1365_Sp4UiQVh6wQ,32,5,9,6887,0.0784,vanish
1365_Sp4UiQVh6wQ,33,5,9,15445,0.0212,vanish
1365_Sp4UiQVh6wQ,34,5,9,14847,0.0003,vanish
1365_Sp4UiQVh6wQ,34,5,14,49257,0.1234,shrink
1365_Sp4UiQVh6wQ,34,5,80,126608,0.1129,shrink
1365_Sp4UiQVh6wQ,35,5,9,8715,0.0000,vanish
1365_Sp4UiQVh6wQ,35,4,14,49487,0.1314,shrink
1365_Sp4UiQVh6wQ,35,5,80,125411,0.0000,vanish
1365_Sp4UiQVh6wQ,36,4,9,2629,0.0019,vanish
1365_Sp4UiQVh6wQ,36,3,14,52684,0.1357,shrink
1365_Sp4UiQVh6wQ,36,4,80,129940,0.0000,vanish
1365_Sp4UiQVh6wQ,37,5,9,1138,0.0000,vanish
1365_Sp4UiQVh6wQ,37,2,14,48398,0.1162,shrink
1365_Sp4UiQVh6wQ,37,4,80,128759,0.0006,vanish
1365_Sp4UiQVh6wQ,38,4,9,704,0.0000,vanish
1365_Sp4UiQVh6wQ,38,1,14,33656,0.0706,vanish
1365_Sp4UiQVh6wQ,38,3,80,134329,0.0795,vanish
1365_Sp4UiQVh6wQ,41,1,9,323,0.0000,vanish
198_b8euyKNT2wY,15,5,94,1461,0.2252,shrink
198_b8euyKNT2wY,16,5,94,1076,0.0242,vanish
198_b8euyKNT2wY,17,5,94,572,0.0000,vanish
198_b8euyKNT2wY,18,4,94,499,0.0000,vanish
198_b8euyKNT2wY,19,3,94,802,0.0000,vanish
343_pCzZV1dGxLg,0,5,9,2336,0.0000,vanish
343_pCzZV1dGxLg,0,3,9,1251,0.0000,vanish
343_pCzZV1dGxLg,0,2,91,4319,0.0000,vanish
343_pCzZV1dGxLg,1,3,9,18412,0.0213,vanish
343_pCzZV1dGxLg,1,4,9,1970,0.0000,vanish
343_pCzZV1dGxLg,1,3,9,1253,0.0000,vanish
343_pCzZV1dGxLg,1,1,91,1658,0.0000,vanish
343_pCzZV1dGxLg,2,4,9,1912,0.0000,vanish
343_pCzZV1dGxLg,2,2,9,1177,0.0000,vanish
343_pCzZV1dGxLg,2,5,111,17508,0.2440,shrink
343_pCzZV1dGxLg,3,2,9,23099,0.0064,vanish
343_pCzZV1dGxLg,3,5,9,1770,0.0011,vanish
343_pCzZV1dGxLg,3,2,9,948,0.0000,vanish
343_pCzZV1dGxLg,4,2,9,20992,0.0053,vanish
343_pCzZV1dGxLg,4,5,9,1655,0.0653,vanish
343_pCzZV1dGxLg,4,2,9,500,0.0000,vanish
343_pCzZV1dGxLg,5,2,9,18273,0.0000,vanish
343_pCzZV1dGxLg,5,2,9,2554,0.2236,shrink
343_pCzZV1dGxLg,5,5,9,1436,0.0000,vanish
343_pCzZV1dGxLg,5,4,9,428,0.0000,vanish
343_pCzZV1dGxLg,6,5,9,2391,0.2300,shrink
343_pCzZV1dGxLg,6,4,9,1050,0.0000,vanish
343_pCzZV1dGxLg,6,4,9,300,0.0000,vanish
343_pCzZV1dGxLg,7,3,9,11688,0.0000,vanish
343_pCzZV1dGxLg,7,5,9,952,0.0032,vanish
343_pCzZV1dGxLg,8,2,9,7174,0.0000,vanish
343_pCzZV1dGxLg,8,5,9,1015,0.1379,shrink
343_pCzZV1dGxLg,11,5,9,2416,0.1978,shrink
343_pCzZV1dGxLg,11,5,9,810,0.0901,vanish
343_pCzZV1dGxLg,12,5,9,2579,0.0613,vanish
343_pCzZV1dGxLg,12,4,9,722,0.1385,shrink
343_pCzZV1dGxLg,13,5,9,2637,0.0118,vanish
343_pCzZV1dGxLg,13,5,9,712,0.0688,vanish
343_pCzZV1dGxLg,14,5,9,2666,0.0015,vanish
343_pCzZV1dGxLg,14,3,9,752,0.0612,vanish
343_pCzZV1dGxLg,15,5,9,2778,0.0126,vanish
343_pCzZV1dGxLg,15,3,9,883,0.0487,vanish
343_pCzZV1dGxLg,15,5,76,7965,0.0000,vanish
343_pCzZV1dGxLg,16,5,9,2301,0.0000,vanish
343_pCzZV1dGxLg,16,5,9,1039,0.0019,vanish
343_pCzZV1dGxLg,16,5,76,6003,0.0150,vanish
343_pCzZV1dGxLg,17,4,9,1229,0.0033,vanish
343_pCzZV1dGxLg,17,4,9,329,0.1581,shrink
343_pCzZV1dGxLg,18,4,9,1381,0.0391,vanish
343_pCzZV1dGxLg,19,3,9,1615,0.0087,vanish
343_pCzZV1dGxLg,19,3,9,436,0.2179,shrink
343_pCzZV1dGxLg,20,5,9,1606,0.0000,vanish
343_pCzZV1dGxLg,20,4,9,702,0.1453,shrink
343_pCzZV1dGxLg,21,4,9,1610,0.0000,vanish
343_pCzZV1dGxLg,21,3,9,835,0.2132,shrink
343_pCzZV1dGxLg,22,5,9,1839,0.0000,vanish
343_pCzZV1dGxLg,22,4,9,942,0.0913,vanish
343_pCzZV1dGxLg,23,5,9,2012,0.0184,vanish
343_pCzZV1dGxLg,23,5,9,941,0.0925,vanish
343_pCzZV1dGxLg,24,5,0,15767,0.2317,shrink
343_pCzZV1dGxLg,24,5,9,1752,0.0000,vanish
343_pCzZV1dGxLg,24,5,9,916,0.0109,vanish
343_pCzZV1dGxLg,25,5,9,2011,0.0045,vanish
343_pCzZV1dGxLg,25,4,9,956,0.0000,vanish
343_pCzZV1dGxLg,26,5,0,12684,0.1452,shrink
343_pCzZV1dGxLg,26,5,9,1997,0.0671,vanish
343_pCzZV1dGxLg,26,3,9,356,0.0000,vanish
343_pCzZV1dGxLg,27,5,0,10899,0.0560,vanish
343_pCzZV1dGxLg,27,5,9,2289,0.1813,shrink
343_pCzZV1dGxLg,27,2,9,347,0.0000,vanish
343_pCzZV1dGxLg,28,5,0,4779,0.0000,vanish
343_pCzZV1dGxLg,29,4,0,3653,0.0000,vanish
343_pCzZV1dGxLg,30,3,0,3634,0.0000,vanish
343_pCzZV1dGxLg,31,2,0,1842,0.0000,vanish
343_pCzZV1dGxLg,31,5,104,7869,0.2024,shrink
343_pCzZV1dGxLg,32,1,0,610,0.0000,vanish
343_pCzZV1dGxLg,32,5,104,7043,0.0055,vanish
343_pCzZV1dGxLg,33,5,104,6279,0.0000,vanish
343_pCzZV1dGxLg,34,4,104,2957,0.0000,vanish
343_pCzZV1dGxLg,35,3,104,2249,0.0000,vanish
343_pCzZV1dGxLg,36,2,104,1593,0.0000,vanish
1200_ZLh-fNovlFQ,0,4,1,5832,0.0099,vanish
1200_ZLh-fNovlFQ,0,2,1,6365,0.0000,vanish
1200_ZLh-fNovlFQ,0,2,9,1432,0.0000,vanish
1200_ZLh-fNovlFQ,1,3,1,3616,0.0160,vanish
1200_ZLh-fNovlFQ,1,2,1,5950,0.0000,vanish
1200_ZLh-fNovlFQ,1,2,9,1678,0.0000,vanish
1200_ZLh-fNovlFQ,2,3,1,6879,0.0000,vanish
1200_ZLh-fNovlFQ,2,2,9,712,0.0000,vanish
1200_ZLh-fNovlFQ,3,2,1,5891,0.0000,vanish
1200_ZLh-fNovlFQ,3,3,9,1087,0.0000,vanish
1200_ZLh-fNovlFQ,3,5,49,100217,0.1789,shrink
1200_ZLh-fNovlFQ,4,2,1,6685,0.0000,vanish
1200_ZLh-fNovlFQ,4,3,9,1828,0.0000,vanish
1200_ZLh-fNovlFQ,4,5,49,83646,0.1418,shrink
1200_ZLh-fNovlFQ,5,3,1,5072,0.0047,vanish
1200_ZLh-fNovlFQ,5,2,1,6262,0.0000,vanish
1200_ZLh-fNovlFQ,5,1,9,582,0.0000,vanish
1200_ZLh-fNovlFQ,5,2,9,1869,0.0000,vanish
1200_ZLh-fNovlFQ,5,5,49,71032,0.0000,vanish
1200_ZLh-fNovlFQ,6,2,1,12258,0.0020,vanish
1200_ZLh-fNovlFQ,6,1,1,6892,0.0000,vanish
1200_ZLh-fNovlFQ,6,2,9,1959,0.0000,vanish
1200_ZLh-fNovlFQ,6,4,49,59057,0.0000,vanish
1200_ZLh-fNovlFQ,7,1,1,8566,0.0028,vanish
1200_ZLh-fNovlFQ,7,2,1,5484,0.0000,vanish
1200_ZLh-fNovlFQ,7,1,9,522,0.0000,vanish
1200_ZLh-fNovlFQ,7,3,49,35373,0.0000,vanish
1200_ZLh-fNovlFQ,8,3,1,406,0.0000,vanish
1200_ZLh-fNovlFQ,8,2,1,6908,0.0000,vanish
1200_ZLh-fNovlFQ,8,2,49,19059,0.0000,vanish
1200_ZLh-fNovlFQ,9,3,1,2237,0.0000,vanish
1200_ZLh-fNovlFQ,9,1,1,4188,0.0000,vanish
1200_ZLh-fNovlFQ,9,1,49,12399,0.0000,vanish
1200_ZLh-fNovlFQ,10,5,1,5105,0.0390,vanish
1200_ZLh-fNovlFQ,10,2,1,365,0.0000,vanish
1200_ZLh-fNovlFQ,11,3,1,12384,0.1577,shrink
1200_ZLh-fNovlFQ,11,1,1,498,0.0000,vanish
1200_ZLh-fNovlFQ,12,4,1,5077,0.1729,shrink
1200_ZLh-fNovlFQ,12,3,1,426,0.0000,vanish
1200_ZLh-fNovlFQ,13,2,1,3467,0.0000,vanish
1200_ZLh-fNovlFQ,13,3,1,2429,0.2425,shrink
1200_ZLh-fNovlFQ,13,2,1,2457,0.0000,vanish
1200_ZLh-fNovlFQ,14,1,1,3521,0.0000,vanish
1200_ZLh-fNovlFQ,14,1,1,1376,0.0000,vanish
1200_ZLh-fNovlFQ,17,4,14,511,0.0313,vanish
1200_ZLh-fNovlFQ,17,4,110,1135,0.0000,vanish
1200_ZLh-fNovlFQ,18,3,110,2315,0.1330,shrink
1200_ZLh-fNovlFQ,29,5,1,16254,0.0000,vanish
1200_ZLh-fNovlFQ,29,5,9,9779,0.2164,shrink
1200_ZLh-fNovlFQ,30,5,1,17301,0.0000,vanish
1200_ZLh-fNovlFQ,30,5,9,11061,0.0903,vanish
1200_ZLh-fNovlFQ,31,5,1,16922,0.0000,vanish
1200_ZLh-fNovlFQ,31,5,9,11607,0.1060,shrink
1200_ZLh-fNovlFQ,31,5,9,20350,0.2244,shrink
1200_ZLh-fNovlFQ,32,5,1,16197,0.0000,vanish
1200_ZLh-fNovlFQ,32,5,9,11646,0.1845,shrink
1200_ZLh-fNovlFQ,33,5,1,16859,0.1263,shrink
1249_1kgmfPClsZc,13,4,93,319,0.1724,shrink
1265_y-nJktexuuM,0,4,16,40714,0.0000,vanish
1265_y-nJktexuuM,0,3,40,4826,0.0000,vanish
1265_y-nJktexuuM,0,5,77,72263,0.2267,shrink
1265_y-nJktexuuM,1,3,16,15955,0.0000,vanish
1265_y-nJktexuuM,1,2,40,12092,0.0000,vanish
1265_y-nJktexuuM,1,5,40,4469,0.0488,vanish
1265_y-nJktexuuM,2,2,16,6511,0.0000,vanish
1265_y-nJktexuuM,3,1,16,1491,0.0000,vanish
1265_y-nJktexuuM,4,4,40,2597,0.0000,vanish
1265_y-nJktexuuM,7,5,40,35073,0.1964,shrink
1265_y-nJktexuuM,8,5,40,33427,0.0810,vanish
1265_y-nJktexuuM,9,5,40,31738,0.0003,vanish
1265_y-nJktexuuM,11,1,75,507,0.0000,vanish
1265_y-nJktexuuM,11,5,77,79268,0.1628,shrink
1265_y-nJktexuuM,11,5,77,69356,0.2305,shrink
1265_y-nJktexuuM,12,5,77,70720,0.0900,vanish
1265_y-nJktexuuM,12,5,77,63194,0.1675,shrink
1265_y-nJktexuuM,13,5,77,56483,0.0185,vanish
1265_y-nJktexuuM,13,5,77,37955,0.0435,vanish
1265_y-nJktexuuM,13,3,77,13955,0.1058,shrink
1265_y-nJktexuuM,14,5,77,41213,0.0000,vanish
1265_y-nJktexuuM,14,5,77,36339,0.0207,vanish
1265_y-nJktexuuM,14,2,77,7079,0.1171,shrink
1265_y-nJktexuuM,15,4,77,31314,0.0000,vanish
1265_y-nJktexuuM,15,5,77,38024,0.0344,vanish
1265_y-nJktexuuM,15,1,77,822,0.0000,vanish
1265_y-nJktexuuM,16,4,77,20553,0.0000,vanish
1265_y-nJktexuuM,16,5,77,40446,0.0932,vanish
1265_y-nJktexuuM,17,4,0,1289,0.0000,vanish
1265_y-nJktexuuM,17,1,40,2471,0.0000,vanish
1265_y-nJktexuuM,17,3,75,852,0.0000,vanish
1265_y-nJktexuuM,17,3,77,13441,0.0000,vanish
1265_y-nJktexuuM,17,5,77,40618,0.1883,shrink
1265_y-nJktexuuM,18,3,0,825,0.0000,vanish
1265_y-nJktexuuM,18,1,40,398,0.0000,vanish
1265_y-nJktexuuM,18,2,40,4122,0.0000,vanish
1265_y-nJktexuuM,18,1,40,477,0.0000,vanish
1265_y-nJktexuuM,18,3,75,2788,0.0000,vanish
1265_y-nJktexuuM,18,2,77,6373,0.0000,vanish
1265_y-nJktexuuM,19,1,0,1005,0.0000,vanish
1265_y-nJktexuuM,19,4,40,4871,0.0926,vanish
1265_y-nJktexuuM,19,3,75,4962,0.0000,vanish
1265_y-nJktexuuM,19,2,77,1990,0.0000,vanish
1265_y-nJktexuuM,20,1,40,1238,0.0000,vanish
1265_y-nJktexuuM,21,1,40,1163,0.0000,vanish
1265_y-nJktexuuM,22,3,40,5806,0.0000,vanish
1265_y-nJktexuuM,23,2,40,5893,0.0000,vanish
1265_y-nJktexuuM,24,1,40,1064,0.0000,vanish
1265_y-nJktexuuM,29,5,77,11115,0.0090,vanish
1265_y-nJktexuuM,30,4,77,9735,0.0045,vanish
1265_y-nJktexuuM,31,5,61,53455,0.2254,shrink
1265_y-nJktexuuM,31,2,75,573,0.0000,vanish
1265_y-nJktexuuM,31,3,77,9366,0.0079,vanish
1265_y-nJktexuuM,32,5,61,51351,0.1653,shrink
1265_y-nJktexuuM,32,2,75,573,0.0000,vanish
1265_y-nJktexuuM,32,3,77,8896,0.0000,vanish
1265_y-nJktexuuM,33,5,61,50149,0.1932,shrink
1265_y-nJktexuuM,33,2,77,5818,0.0000,vanish
1265_y-nJktexuuM,34,2,77,2601,0.0000,vanish
1265_y-nJktexuuM,34,2,77,1924,0.0000,vanish
1265_y-nJktexuuM,35,1,77,560,0.0000,vanish
1265_y-nJktexuuM,35,2,77,13700,0.0972,vanish
1265_y-nJktexuuM,36,4,75,12970,0.0000,vanish
1265_y-nJktexuuM,37,1,40,544,0.1121,shrink
1265_y-nJktexuuM,37,4,75,13002,0.0000,vanish
1265_y-nJktexuuM,38,3,75,4723,0.0000,vanish
1265_y-nJktexuuM,38,2,75,4117,0.0000,vanish
1265_y-nJktexuuM,39,2,75,2557,0.0000,vanish
1265_y-nJktexuuM,39,1,75,941,0.0000,vanish
1265_y-nJktexuuM,40,2,75,1687,0.0000,vanish
1265_y-nJktexuuM,40,1,75,657,0.0000,vanish
1265_y-nJktexuuM,41,1,75,495,0.0000,vanish
893_cGE0S3V9uSc,0,2,29,691,0.0000,vanish
893_cGE0S3V9uSc,0,3,61,100402,0.0000,vanish
893_cGE0S3V9uSc,1,2,61,20819,0.0000,vanish
893_cGE0S3V9uSc,2,1,61,432,0.0000,vanish
893_cGE0S3V9uSc,2,1,61,3432,0.0000,vanish
893_cGE0S3V9uSc,3,2,66,1498,0.1716,shrink
893_cGE0S3V9uSc,4,3,61,3837,0.0000,vanish
893_cGE0S3V9uSc,4,5,66,36629,0.1912,shrink
893_cGE0S3V9uSc,4,1,66,1275,0.0000,vanish
893_cGE0S3V9uSc,5,2,61,5433,0.0000,vanish
893_cGE0S3V9uSc,5,4,61,2634,0.0000,vanish
893_cGE0S3V9uSc,5,5,66,32320,0.0000,vanish
893_cGE0S3V9uSc,6,5,61,38953,0.1507,shrink
893_cGE0S3V9uSc,6,4,66,23652,0.0000,vanish
893_cGE0S3V9uSc,6,1,66,1903,0.0000,vanish
893_cGE0S3V9uSc,7,2,16,500,0.0000,vanish
893_cGE0S3V9uSc,7,3,66,16999,0.0000,vanish
893_cGE0S3V9uSc,8,5,61,62968,0.1655,shrink
893_cGE0S3V9uSc,8,2,66,13711,0.0000,vanish
893_cGE0S3V9uSc,9,5,61,67560,0.0896,vanish
893_cGE0S3V9uSc,9,1,66,7828,0.0000,vanish
893_cGE0S3V9uSc,10,1,0,310,0.0000,vanish
893_cGE0S3V9uSc,10,5,61,62436,0.0000,vanish
893_cGE0S3V9uSc,11,4,61,60441,0.0000,vanish
893_cGE0S3V9uSc,12,4,61,63179,0.0000,vanish
893_cGE0S3V9uSc,13,3,61,79239,0.0000,vanish
893_cGE0S3V9uSc,14,4,61,87733,0.0049,vanish
893_cGE0S3V9uSc,18,1,16,795,0.0000,vanish
893_cGE0S3V9uSc,18,3,66,359,0.0000,vanish
893_cGE0S3V9uSc,18,4,66,1387,0.0692,vanish
893_cGE0S3V9uSc,19,3,66,2670,0.0000,vanish
893_cGE0S3V9uSc,19,5,66,12099,0.0000,vanish
893_cGE0S3V9uSc,19,5,66,2287,0.0000,vanish
893_cGE0S3V9uSc,20,2,66,4537,0.0000,vanish
893_cGE0S3V9uSc,20,5,66,31095,0.0000,vanish
893_cGE0S3V9uSc,21,2,16,7642,0.0000,vanish
893_cGE0S3V9uSc,21,1,66,8569,0.0000,vanish
893_cGE0S3V9uSc,21,1,69,6160,0.0000,vanish
893_cGE0S3V9uSc,21,4,69,8485,0.0000,vanish
893_cGE0S3V9uSc,22,2,16,15599,0.0000,vanish
893_cGE0S3V9uSc,22,3,69,5214,0.0000,vanish
893_cGE0S3V9uSc,22,1,69,324,0.0000,vanish
893_cGE0S3V9uSc,23,5,29,3184,0.0948,vanish
893_cGE0S3V9uSc,23,5,66,101565,0.1872,shrink
893_cGE0S3V9uSc,23,2,69,4779,0.0000,vanish
893_cGE0S3V9uSc,24,4,16,684,0.0000,vanish
893_cGE0S3V9uSc,24,5,29,2601,0.0100,vanish
893_cGE0S3V9uSc,24,5,66,88808,0.2074,shrink
893_cGE0S3V9uSc,25,3,16,907,0.0000,vanish
893_cGE0S3V9uSc,25,5,29,2181,0.0000,vanish
893_cGE0S3V9uSc,25,1,67,3103,0.0000,vanish
893_cGE0S3V9uSc,26,2,16,984,0.0000,vanish
893_cGE0S3V9uSc,26,4,29,1773,0.0000,vanish
893_cGE0S3V9uSc,27,1,16,513,0.0000,vanish
893_cGE0S3V9uSc,27,3,29,1033,0.0000,vanish
893_cGE0S3V9uSc,28,2,29,302,0.0000,vanish
893_cGE0S3V9uSc,28,5,29,118391,0.2487,shrink
893_cGE0S3V9uSc,33,2,29,1041,0.0000,vanish
893_cGE0S3V9uSc,38,5,66,34442,0.1741,shrink
893_cGE0S3V9uSc,39,4,66,36477,0.1819,shrink
893_cGE0S3V9uSc,39,1,66,1618,0.0000,vanish
893_cGE0S3V9uSc,40,3,66,33131,0.2077,shrink
893_cGE0S3V9uSc,40,1,66,324,0.0000,vanish
893_cGE0S3V9uSc,42,1,66,2164,0.0000,vanish
1855_G6_gbNB_vSo,0,5,29,6088,0.2183,shrink
1855_G6_gbNB_vSo,0,5,31,38044,0.0431,vanish
1855_G6_gbNB_vSo,0,5,105,6352,0.0375,vanish
1855_G6_gbNB_vSo,1,5,29,5719,0.2354,shrink
1855_G6_gbNB_vSo,1,5,31,38951,0.0480,vanish
1855_G6_gbNB_vSo,1,5,105,6347,0.1037,shrink
1855_G6_gbNB_vSo,2,2,29,3802,0.2165,shrink
1855_G6_gbNB_vSo,2,4,31,39156,0.1397,shrink
1855_G6_gbNB_vSo,2,4,105,5687,0.2478,shrink
1855_G6_gbNB_vSo,3,2,29,749,0.0000,vanish
1855_G6_gbNB_vSo,3,5,36,6854,0.2406,shrink
1855_G6_gbNB_vSo,4,4,36,7799,0.2223,shrink
1855_G6_gbNB_vSo,5,3,36,8379,0.1474,shrink
1855_G6_gbNB_vSo,5,5,105,5067,0.1443,shrink
1855_G6_gbNB_vSo,6,3,36,8753,0.1297,shrink
1855_G6_gbNB_vSo,6,5,105,5565,0.0575,vanish
1855_G6_gbNB_vSo,7,1,13,430,0.0000,vanish
1855_G6_gbNB_vSo,7,4,36,9683,0.2091,shrink
1855_G6_gbNB_vSo,7,4,105,6370,0.1008,shrink
1855_G6_gbNB_vSo,18,5,13,799,0.1815,shrink
1855_G6_gbNB_vSo,19,5,13,820,0.0000,vanish
1855_G6_gbNB_vSo,20,4,13,973,0.0000,vanish
1855_G6_gbNB_vSo,21,3,13,764,0.0000,vanish
1855_G6_gbNB_vSo,22,2,13,771,0.0000,vanish
1855_G6_gbNB_vSo,23,1,13,389,0.0000,vanish
1855_G6_gbNB_vSo,30,5,67,17223,0.1830,shrink
1855_G6_gbNB_vSo,30,5,105,9960,0.2438,shrink
1855_G6_gbNB_vSo,31,2,13,322,0.0000,vanish
1855_G6_gbNB_vSo,31,5,67,15428,0.0682,vanish
1855_G6_gbNB_vSo,31,5,105,9269,0.2020,shrink
1855_G6_gbNB_vSo,32,4,67,12957,0.0751,vanish
1855_G6_gbNB_vSo,32,5,105,8669,0.1392,shrink
1855_G6_gbNB_vSo,33,5,67,9491,0.0000,vanish
1855_G6_gbNB_vSo,33,5,105,8040,0.1118,shrink
1855_G6_gbNB_vSo,34,4,67,6620,0.0000,vanish
1855_G6_gbNB_vSo,34,5,105,7340,0.0000,vanish
1855_G6_gbNB_vSo,35,3,67,2162,0.0000,vanish
1855_G6_gbNB_vSo,35,4,105,6684,0.0000,vanish
1855_G6_gbNB_vSo,36,2,13,334,0.0000,vanish
1855_G6_gbNB_vSo,36,3,105,6459,0.0000,vanish
1855_G6_gbNB_vSo,37,2,105,4217,0.0000,vanish
1855_G6_gbNB_vSo,38,5,67,15957,0.1498,shrink
1855_G6_gbNB_vSo,38,1,105,1261,0.0000,vanish
1855_G6_gbNB_vSo,39,4,67,14732,0.0547,vanish
1855_G6_gbNB_vSo,40,4,67,13763,0.0100,vanish
1855_G6_gbNB_vSo,41,3,67,11556,0.0319,vanish
1855_G6_gbNB_vSo,42,2,67,5636,0.1373,shrink
1855_G6_gbNB_vSo,43,1,67,1286,0.0000,vanish
1808_feKZkM2ugP8,34,5,86,5549,0.0207,vanish
1808_feKZkM2ugP8,35,5,86,4476,0.0223,vanish
1808_feKZkM2ugP8,36,4,86,3221,0.0000,vanish
1808_feKZkM2ugP8,37,3,86,2083,0.0000,vanish
1808_feKZkM2ugP8,38,2,86,1090,0.0000,vanish
1808_feKZkM2ugP8,39,1,86,448,0.0000,vanish
12_1mWNahzcsAc,0,5,64,2625,0.0000,vanish
12_1mWNahzcsAc,1,4,15,1615,0.0000,vanish
12_1mWNahzcsAc,1,4,64,1939,0.0000,vanish
12_1mWNahzcsAc,6,5,15,2165,0.0000,vanish
12_1mWNahzcsAc,7,4,15,1820,0.0000,vanish
12_1mWNahzcsAc,8,3,15,1648,0.0000,vanish
12_1mWNahzcsAc,9,2,15,1481,0.0000,vanish
12_1mWNahzcsAc,10,1,15,1094,0.0000,vanish
12_1mWNahzcsAc,12,3,15,336,0.0000,vanish
12_1mWNahzcsAc,19,5,15,1158,0.2453,shrink
12_1mWNahzcsAc,20,5,15,15043,0.0661,vanish
12_1mWNahzcsAc,20,5,15,1080,0.2231,shrink
12_1mWNahzcsAc,21,4,15,14494,0.0605,vanish
12_1mWNahzcsAc,22,4,15,11689,0.0258,vanish
12_1mWNahzcsAc,23,3,15,8504,0.0000,vanish
12_1mWNahzcsAc,24,2,15,5394,0.0000,vanish
12_1mWNahzcsAc,25,1,15,849,0.0000,vanish
12_1mWNahzcsAc,31,5,15,1440,0.2306,shrink
12_1mWNahzcsAc,39,4,15,2520,0.1321,shrink
12_1mWNahzcsAc,40,3,15,1045,0.0421,vanish
12_1mWNahzcsAc,41,2,15,354,0.0593,vanish
113_QsyPECwiolw,14,1,101,1989,0.0000,vanish
113_QsyPECwiolw,15,3,14,7259,0.2036,shrink
113_QsyPECwiolw,16,2,14,5896,0.0273,vanish
113_QsyPECwiolw,17,2,14,3506,0.0000,vanish
384_UmUbafUWDws,0,1,16,481,0.0000,vanish
384_UmUbafUWDws,0,4,23,1054,0.1224,shrink
384_UmUbafUWDws,1,3,23,1058,0.1257,shrink
384_UmUbafUWDws,2,5,23,960,0.0000,vanish
384_UmUbafUWDws,3,4,23,671,0.0000,vanish
384_UmUbafUWDws,15,2,16,1282,0.0062,vanish
384_UmUbafUWDws,16,1,16,472,0.0169,vanish
384_UmUbafUWDws,31,5,8,516,0.0000,vanish
384_UmUbafUWDws,36,5,8,7477,0.2409,shrink
384_UmUbafUWDws,36,5,23,964,0.2261,shrink
384_UmUbafUWDws,37,4,8,7094,0.2161,shrink
384_UmUbafUWDws,37,4,23,971,0.1277,shrink
384_UmUbafUWDws,38,3,23,1228,0.0928,vanish
721_G1mle4WIKdg,3,5,34,29693,0.0484,vanish
721_G1mle4WIKdg,4,5,34,27575,0.0356,vanish
721_G1mle4WIKdg,5,5,34,24536,0.0406,vanish
721_G1mle4WIKdg,6,5,34,20927,0.0015,vanish
721_G1mle4WIKdg,7,5,34,16509,0.0000,vanish
721_G1mle4WIKdg,8,4,34,11777,0.0000,vanish
721_G1mle4WIKdg,9,3,34,9597,0.0000,vanish
721_G1mle4WIKdg,10,2,34,6309,0.0000,vanish
721_G1mle4WIKdg,11,1,34,1073,0.0000,vanish
721_G1mle4WIKdg,14,5,34,39913,0.1263,shrink
721_G1mle4WIKdg,15,5,34,36096,0.0000,vanish
721_G1mle4WIKdg,16,4,34,31494,0.0000,vanish
721_G1mle4WIKdg,17,3,34,23170,0.0000,vanish
721_G1mle4WIKdg,18,2,34,23303,0.0000,vanish
721_G1mle4WIKdg,19,5,34,22341,0.2161,shrink
721_G1mle4WIKdg,19,1,34,17409,0.0000,vanish
721_G1mle4WIKdg,20,5,34,20089,0.0178,vanish
721_G1mle4WIKdg,21,5,34,18367,0.0000,vanish
721_G1mle4WIKdg,22,4,34,14759,0.0000,vanish
721_G1mle4WIKdg,23,3,34,12073,0.0000,vanish
721_G1mle4WIKdg,24,2,34,6069,0.0000,vanish
721_G1mle4WIKdg,37,5,34,16476,0.1801,shrink
721_G1mle4WIKdg,38,5,34,12375,0.1105,shrink
721_G1mle4WIKdg,39,5,34,11123,0.0000,vanish
721_G1mle4WIKdg,40,4,34,9093,0.0000,vanish
721_G1mle4WIKdg,41,3,34,6672,0.0000,vanish
721_G1mle4WIKdg,42,2,34,3850,0.0000,vanish
721_G1mle4WIKdg,43,1,34,1872,0.0000,vanish
453_tcAdVwxSlYo,0,2,15,19648,0.1828,shrink
453_tcAdVwxSlYo,0,4,90,47333,0.2213,shrink
453_tcAdVwxSlYo,1,5,12,4241,0.0849,vanish
453_tcAdVwxSlYo,1,1,15,1137,0.0000,vanish
453_tcAdVwxSlYo,1,4,15,5889,0.0000,vanish
453_tcAdVwxSlYo,2,5,12,12785,0.0000,vanish
453_tcAdVwxSlYo,2,3,15,3592,0.0000,vanish
453_tcAdVwxSlYo,3,5,12,33030,0.0091,vanish
453_tcAdVwxSlYo,3,5,67,8674,0.0076,vanish
453_tcAdVwxSlYo,3,1,90,2982,0.0000,vanish
453_tcAdVwxSlYo,4,5,12,57438,0.0019,vanish
453_tcAdVwxSlYo,4,4,67,3152,0.0000,vanish
453_tcAdVwxSlYo,4,5,77,3192,0.0000,vanish
453_tcAdVwxSlYo,5,5,12,86852,0.0167,vanish
453_tcAdVwxSlYo,5,2,67,560,0.0000,vanish
453_tcAdVwxSlYo,5,5,77,11499,0.0359,vanish
453_tcAdVwxSlYo,6,5,12,106995,0.0000,vanish
453_tcAdVwxSlYo,6,5,15,2841,0.0517,vanish
453_tcAdVwxSlYo,6,4,67,1541,0.0000,vanish
453_tcAdVwxSlYo,6,5,77,11066,0.0000,vanish
453_tcAdVwxSlYo,6,1,90,861,0.0000,vanish
453_tcAdVwxSlYo,7,1,0,2107,0.0000,vanish
453_tcAdVwxSlYo,7,5,12,116736,0.0000,vanish
453_tcAdVwxSlYo,7,5,15,94450,0.0632,vanish
453_tcAdVwxSlYo,7,4,67,1976,0.0000,vanish
453_tcAdVwxSlYo,7,5,77,15425,0.0000,vanish
453_tcAdVwxSlYo,7,5,90,43313,0.1428,shrink
453_tcAdVwxSlYo,8,5,12,119078,0.0000,vanish
453_tcAdVwxSlYo,8,5,15,92863,0.0000,vanish
453_tcAdVwxSlYo,8,4,67,2273,0.0000,vanish
453_tcAdVwxSlYo,8,5,77,18807,0.0000,vanish
453_tcAdVwxSlYo,8,5,90,49913,0.0247,vanish
453_tcAdVwxSlYo,9,5,12,114427,0.0000,vanish
453_tcAdVwxSlYo,9,4,15,82437,0.0000,vanish
453_tcAdVwxSlYo,9,4,67,2479,0.0000,vanish
453_tcAdVwxSlYo,9,5,77,20785,0.0000,vanish
453_tcAdVwxSlYo,9,5,90,48520,0.0000,vanish
453_tcAdVwxSlYo,9,2,90,525,0.0000,vanish
453_tcAdVwxSlYo,10,5,12,109769,0.0000,vanish
453_tcAdVwxSlYo,10,3,15,64668,0.0000,vanish
453_tcAdVwxSlYo,10,4,67,2653,0.0000,vanish
453_tcAdVwxSlYo,10,5,77,24104,0.0000,vanish
453_tcAdVwxSlYo,10,4,90,39424,0.0000,vanish
453_tcAdVwxSlYo,11,5,12,105468,0.0000,vanish
453_tcAdVwxSlYo,11,2,15,36416,0.0000,vanish
453_tcAdVwxSlYo,11,5,67,2691,0.0000,vanish
453_tcAdVwxSlYo,11,3,90,22564,0.0000,vanish
453_tcAdVwxSlYo,12,5,12,101290,0.0033,vanish
453_tcAdVwxSlYo,12,1,15,1338,0.0000,vanish
453_tcAdVwxSlYo,12,1,15,1072,0.0000,vanish
453_tcAdVwxSlYo,12,1,15,3556,0.0000,vanish
453_tcAdVwxSlYo,12,4,67,2710,0.0000,vanish
453_tcAdVwxSlYo,12,2,90,6795,0.0000,vanish
453_tcAdVwxSlYo,13,5,12,97854,0.1216,shrink
453_tcAdVwxSlYo,13,5,67,2971,0.0000,vanish
453_tcAdVwxSlYo,13,1,90,1314,0.0000,vanish
453_tcAdVwxSlYo,14,5,12,96404,0.2132,shrink
453_tcAdVwxSlYo,14,4,67,3008,0.0000,vanish
453_tcAdVwxSlYo,15,4,67,3398,0.0000,vanish
453_tcAdVwxSlYo,16,4,67,3368,0.0000,vanish
453_tcAdVwxSlYo,17,4,67,3942,0.0000,vanish
453_tcAdVwxSlYo,18,5,67,4929,0.0000,vanish
453_tcAdVwxSlYo,19,5,67,6671,0.0369,vanish
453_tcAdVwxSlYo,20,5,67,6796,0.0790,vanish
453_tcAdVwxSlYo,20,2,67,568,0.0123,vanish
453_tcAdVwxSlYo,20,3,90,5708,0.0000,vanish
453_tcAdVwxSlYo,21,5,67,7333,0.1376,shrink
453_tcAdVwxSlYo,21,2,67,888,0.0079,vanish
453_tcAdVwxSlYo,21,2,90,696,0.0000,vanish
453_tcAdVwxSlYo,22,5,67,7412,0.1722,shrink
453_tcAdVwxSlYo,22,2,67,1200,0.0075,vanish
453_tcAdVwxSlYo,22,5,67,23902,0.2073,shrink
453_tcAdVwxSlYo,23,5,67,7521,0.1778,shrink
453_tcAdVwxSlYo,23,2,67,1271,0.0000,vanish
453_tcAdVwxSlYo,23,5,67,18555,0.1046,shrink
453_tcAdVwxSlYo,24,3,67,1215,0.0000,vanish
453_tcAdVwxSlYo,24,5,67,13573,0.0000,vanish
453_tcAdVwxSlYo,25,3,67,1398,0.0193,vanish
453_tcAdVwxSlYo,25,4,67,10490,0.0000,vanish
453_tcAdVwxSlYo,26,4,67,1535,0.0000,vanish
453_tcAdVwxSlYo,26,3,67,7690,0.0000,vanish
453_tcAdVwxSlYo,26,5,77,13012,0.1678,shrink
453_tcAdVwxSlYo,27,5,12,111425,0.1088,shrink
453_tcAdVwxSlYo,27,5,67,1577,0.0000,vanish
453_tcAdVwxSlYo,27,2,67,4954,0.0000,vanish
453_tcAdVwxSlYo,27,5,77,12643,0.0000,vanish
453_tcAdVwxSlYo,28,5,12,111302,0.0001,vanish
453_tcAdVwxSlYo,28,5,67,1639,0.0982,vanish
453_tcAdVwxSlYo,28,1,67,1936,0.0000,vanish
453_tcAdVwxSlYo,28,5,77,12683,0.0000,vanish
453_tcAdVwxSlYo,28,5,90,73160,0.2114,shrink
453_tcAdVwxSlYo,29,5,12,111335,0.0000,vanish
453_tcAdVwxSlYo,29,5,67,1632,0.2200,shrink
453_tcAdVwxSlYo,29,4,77,11942,0.0000,vanish
453_tcAdVwxSlYo,29,5,90,72594,0.1237,shrink
453_tcAdVwxSlYo,30,5,12,111031,0.0000,vanish
453_tcAdVwxSlYo,30,4,77,25167,0.0000,vanish
453_tcAdVwxSlYo,30,4,77,10694,0.0000,vanish
453_tcAdVwxSlYo,30,5,90,74050,0.1290,shrink
453_tcAdVwxSlYo,30,1,90,847,0.0791,vanish
453_tcAdVwxSlYo,31,4,12,112929,0.0000,vanish
453_tcAdVwxSlYo,31,4,77,25608,0.0000,vanish
453_tcAdVwxSlYo,31,4,77,9580,0.0000,vanish
453_tcAdVwxSlYo,31,5,90,77772,0.1564,shrink
453_tcAdVwxSlYo,32,4,12,113819,0.0000,vanish
453_tcAdVwxSlYo,32,4,77,24837,0.0000,vanish
453_tcAdVwxSlYo,32,3,77,8501,0.0000,vanish
453_tcAdVwxSlYo,32,5,90,83037,0.2096,shrink
453_tcAdVwxSlYo,33,4,12,112847,0.0000,vanish
453_tcAdVwxSlYo,33,4,77,25382,0.0000,vanish
453_tcAdVwxSlYo,33,3,77,7898,0.0000,vanish
453_tcAdVwxSlYo,34,4,12,113253,0.0000,vanish
453_tcAdVwxSlYo,34,1,61,9151,0.0000,vanish
453_tcAdVwxSlYo,34,4,77,25915,0.0000,vanish
453_tcAdVwxSlYo,34,3,77,6281,0.0000,vanish
453_tcAdVwxSlYo,35,4,12,113868,0.0000,vanish
453_tcAdVwxSlYo,35,3,77,58325,0.2117,shrink
453_tcAdVwxSlYo,35,4,77,25661,0.0000,vanish
453_tcAdVwxSlYo,35,3,77,6463,0.0000,vanish
453_tcAdVwxSlYo,36,4,12,116770,0.0000,vanish
453_tcAdVwxSlYo,36,5,61,160038,0.1826,shrink
453_tcAdVwxSlYo,36,3,77,48976,0.1343,shrink
453_tcAdVwxSlYo,36,4,77,24129,0.0000,vanish
453_tcAdVwxSlYo,36,2,77,4382,0.0000,vanish
453_tcAdVwxSlYo,37,5,12,119770,0.0058,vanish
453_tcAdVwxSlYo,37,5,61,140525,0.1512,shrink
453_tcAdVwxSlYo,37,5,67,1260,0.2079,shrink
453_tcAdVwxSlYo,37,2,77,35023,0.1073,shrink
453_tcAdVwxSlYo,37,4,77,22355,0.0000,vanish
453_tcAdVwxSlYo,37,1,77,2099,0.0000,vanish
453_tcAdVwxSlYo,37,1,90,1596,0.0000,vanish
453_tcAdVwxSlYo,37,1,90,592,0.0000,vanish
453_tcAdVwxSlYo,38,5,61,128788,0.1570,shrink
453_tcAdVwxSlYo,38,5,67,1290,0.0000,vanish
453_tcAdVwxSlYo,38,2,77,16405,0.0000,vanish
453_tcAdVwxSlYo,38,5,77,21086,0.0311,vanish
453_tcAdVwxSlYo,38,1,90,537,0.0000,vanish
453_tcAdVwxSlYo,39,4,61,112689,0.1999,shrink
453_tcAdVwxSlYo,39,4,67,1375,0.0000,vanish
453_tcAdVwxSlYo,39,1,77,3799,0.0000,vanish
453_tcAdVwxSlYo,39,3,77,17696,0.0000,vanish
453_tcAdVwxSlYo,39,4,77,20546,0.2314,shrink
453_tcAdVwxSlYo,39,2,90,7226,0.0000,vanish
453_tcAdVwxSlYo,40,3,67,1394,0.0000,vanish
453_tcAdVwxSlYo,40,1,90,1734,0.0000,vanish
453_tcAdVwxSlYo,41,2,67,1499,0.0000,vanish
453_tcAdVwxSlYo,42,2,67,1625,0.0000,vanish
453_tcAdVwxSlYo,42,5,90,23620,0.1789,shrink
453_tcAdVwxSlYo,43,2,67,2082,0.0000,vanish
453_tcAdVwxSlYo,43,5,90,20924,0.0069,vanish
453_tcAdVwxSlYo,44,5,12,137357,0.1842,shrink
453_tcAdVwxSlYo,44,2,67,2241,0.0000,vanish
453_tcAdVwxSlYo,44,5,90,18611,0.0000,vanish
453_tcAdVwxSlYo,45,5,12,137986,0.2244,shrink
453_tcAdVwxSlYo,45,2,67,2429,0.0000,vanish
453_tcAdVwxSlYo,45,4,90,16709,0.0000,vanish
453_tcAdVwxSlYo,45,5,96,23111,0.0065,vanish
453_tcAdVwxSlYo,46,2,67,2569,0.0000,vanish
453_tcAdVwxSlYo,46,3,90,9192,0.0000,vanish
453_tcAdVwxSlYo,46,5,96,25540,0.0000,vanish
453_tcAdVwxSlYo,47,2,67,2480,0.0000,vanish
453_tcAdVwxSlYo,47,2,90,4226,0.0000,vanish
453_tcAdVwxSlYo,47,4,96,28004,0.0000,vanish
453_tcAdVwxSlYo,48,2,67,2267,0.0000,vanish
453_tcAdVwxSlYo,49,1,15,495,0.0000,vanish
453_tcAdVwxSlYo,49,2,67,1522,0.0000,vanish
453_tcAdVwxSlYo,49,1,90,885,0.0000,vanish
453_tcAdVwxSlYo,50,2,67,1124,0.0000,vanish
453_tcAdVwxSlYo,50,4,109,2759,0.0000,vanish
453_tcAdVwxSlYo,51,1,15,879,0.0000,vanish
453_tcAdVwxSlYo,51,4,67,7532,0.0000,vanish
453_tcAdVwxSlYo,51,2,67,899,0.0000,vanish
453_tcAdVwxSlYo,51,5,77,28963,0.1919,shrink
453_tcAdVwxSlYo,51,4,109,4973,0.0000,vanish
453_tcAdVwxSlYo,52,1,15,698,0.1605,shrink
453_tcAdVwxSlYo,52,3,67,5871,0.0000,vanish
453_tcAdVwxSlYo,52,1,67,428,0.0000,vanish
453_tcAdVwxSlYo,52,5,77,33038,0.1103,shrink
453_tcAdVwxSlYo,52,4,109,6979,0.0000,vanish
453_tcAdVwxSlYo,53,2,67,3540,0.0000,vanish
453_tcAdVwxSlYo,53,5,77,37368,0.0895,vanish
453_tcAdVwxSlYo,54,1,67,1135,0.0000,vanish
453_tcAdVwxSlYo,54,5,77,38949,0.1196,shrink
453_tcAdVwxSlYo,56,2,15,606,0.0000,vanish
453_tcAdVwxSlYo,57,5,12,121455,0.1332,shrink
453_tcAdVwxSlYo,57,2,15,938,0.0000,vanish
453_tcAdVwxSlYo,57,5,90,11804,0.0000,vanish
453_tcAdVwxSlYo,58,5,12,117294,0.0000,vanish
453_tcAdVwxSlYo,58,3,15,1119,0.0000,vanish
453_tcAdVwxSlYo,58,5,77,69669,0.2437,shrink
453_tcAdVwxSlYo,58,5,77,44549,0.1529,shrink
453_tcAdVwxSlYo,58,4,90,16174,0.0000,vanish
453_tcAdVwxSlYo,59,5,12,113667,0.0000,vanish
453_tcAdVwxSlYo,59,2,15,956,0.0000,vanish
453_tcAdVwxSlYo,59,5,77,68101,0.1407,shrink
453_tcAdVwxSlYo,59,5,77,47851,0.0636,vanish
453_tcAdVwxSlYo,59,3,90,16975,0.0000,vanish
453_tcAdVwxSlYo,60,2,0,22764,0.0000,vanish
453_tcAdVwxSlYo,60,4,12,110847,0.0000,vanish
453_tcAdVwxSlYo,60,1,15,621,0.0000,vanish
453_tcAdVwxSlYo,60,5,77,47135,0.0517,vanish
453_tcAdVwxSlYo,60,2,90,12841,0.0000,vanish
453_tcAdVwxSlYo,61,1,0,9909,0.0000,vanish
453_tcAdVwxSlYo,61,4,12,109624,0.0000,vanish
453_tcAdVwxSlYo,61,1,90,2312,0.0000,vanish
453_tcAdVwxSlYo,62,4,12,108374,0.0000,vanish
453_tcAdVwxSlYo,62,2,77,1602,0.0000,vanish
453_tcAdVwxSlYo,63,3,12,108008,0.0000,vanish
453_tcAdVwxSlYo,63,1,15,1667,0.0000,vanish
453_tcAdVwxSlYo,64,3,12,107062,0.0000,vanish
453_tcAdVwxSlYo,64,2,15,3119,0.0000,vanish
453_tcAdVwxSlYo,65,1,0,578,0.0000,vanish
453_tcAdVwxSlYo,65,4,12,106151,0.0000,vanish
453_tcAdVwxSlYo,65,2,15,5122,0.0000,vanish
453_tcAdVwxSlYo,65,2,90,2622,0.0000,vanish
453_tcAdVwxSlYo,66,4,12,105537,0.0000,vanish
453_tcAdVwxSlYo,66,3,15,7820,0.0000,vanish
453_tcAdVwxSlYo,66,2,90,14736,0.0000,vanish
453_tcAdVwxSlYo,67,4,12,104735,0.0000,vanish
453_tcAdVwxSlYo,67,3,15,10562,0.0000,vanish
453_tcAdVwxSlYo,68,5,12,103490,0.0000,vanish
453_tcAdVwxSlYo,68,5,15,111752,0.2248,shrink
453_tcAdVwxSlYo,68,4,15,12410,0.0000,vanish
453_tcAdVwxSlYo,69,5,12,102895,0.0478,vanish
453_tcAdVwxSlYo,69,5,15,84498,0.0714,vanish
453_tcAdVwxSlYo,69,3,15,13164,0.0000,vanish
453_tcAdVwxSlYo,69,4,15,14864,0.0000,vanish
453_tcAdVwxSlYo,70,5,15,60082,0.0870,vanish
453_tcAdVwxSlYo,70,2,15,6939,0.0000,vanish
453_tcAdVwxSlYo,70,4,15,16151,0.0000,vanish
453_tcAdVwxSlYo,71,4,15,43087,0.1206,shrink
453_tcAdVwxSlYo,71,1,15,962,0.0000,vanish
453_tcAdVwxSlYo,71,4,15,15334,0.0000,vanish
453_tcAdVwxSlYo,71,4,15,601,0.0150,vanish
453_tcAdVwxSlYo,72,3,15,26051,0.2139,shrink
453_tcAdVwxSlYo,72,5,15,12921,0.0000,vanish
453_tcAdVwxSlYo,73,5,15,10630,0.0766,vanish
453_tcAdVwxSlYo,74,4,15,7541,0.1550,shrink
453_tcAdVwxSlYo,76,4,15,3364,0.0000,vanish
453_tcAdVwxSlYo,76,5,15,12564,0.2291,shrink
453_tcAdVwxSlYo,77,5,15,13099,0.1063,shrink
453_tcAdVwxSlYo,78,5,12,95004,0.2123,shrink
453_tcAdVwxSlYo,78,5,15,41600,0.1092,shrink
453_tcAdVwxSlYo,78,5,15,12900,0.0292,vanish
453_tcAdVwxSlYo,78,5,90,9426,0.0002,vanish
453_tcAdVwxSlYo,79,5,12,95536,0.1154,shrink
453_tcAdVwxSlYo,79,5,15,38286,0.0279,vanish
453_tcAdVwxSlYo,79,5,15,11231,0.0000,vanish
453_tcAdVwxSlYo,79,5,90,8638,0.0000,vanish
453_tcAdVwxSlYo,80,5,12,95992,0.0699,vanish
453_tcAdVwxSlYo,80,5,15,21992,0.2286,shrink
453_tcAdVwxSlYo,80,5,15,29497,0.0000,vanish
453_tcAdVwxSlYo,80,5,15,9091,0.0000,vanish
453_tcAdVwxSlYo,80,4,90,7106,0.0000,vanish
453_tcAdVwxSlYo,81,5,12,97527,0.0676,vanish
453_tcAdVwxSlYo,81,5,15,18733,0.1817,shrink
453_tcAdVwxSlYo,81,4,15,12405,0.0000,vanish
453_tcAdVwxSlYo,81,3,15,6181,0.0000,vanish
453_tcAdVwxSlYo,81,2,15,2413,0.0000,vanish
453_tcAdVwxSlYo,81,4,15,6633,0.0000,vanish
453_tcAdVwxSlYo,81,3,90,5141,0.0000,vanish
453_tcAdVwxSlYo,82,5,12,98111,0.0700,vanish
453_tcAdVwxSlYo,82,5,15,13355,0.1313,shrink
453_tcAdVwxSlYo,82,3,15,8043,0.0000,vanish
453_tcAdVwxSlYo,82,2,15,2784,0.0000,vanish
453_tcAdVwxSlYo,82,2,15,2115,0.0000,vanish
453_tcAdVwxSlYo,82,3,15,4821,0.0000,vanish
453_tcAdVwxSlYo,82,4,67,1838,0.0000,vanish
453_tcAdVwxSlYo,82,2,90,2916,0.0000,vanish
453_tcAdVwxSlYo,83,5,12,98786,0.0744,vanish
453_tcAdVwxSlYo,83,5,15,10741,0.0000,vanish
453_tcAdVwxSlYo,83,2,15,4507,0.0000,vanish
453_tcAdVwxSlYo,83,2,15,3386,0.0000,vanish
453_tcAdVwxSlYo,83,3,15,3311,0.0000,vanish
453_tcAdVwxSlYo,83,5,67,3510,0.0000,vanish
453_tcAdVwxSlYo,84,5,12,99335,0.1230,shrink
453_tcAdVwxSlYo,84,4,15,6977,0.0000,vanish
453_tcAdVwxSlYo,84,1,15,1067,0.0000,vanish
453_tcAdVwxSlYo,84,2,15,3574,0.0000,vanish
453_tcAdVwxSlYo,84,2,15,1865,0.0000,vanish
453_tcAdVwxSlYo,84,5,67,5321,0.0321,vanish
453_tcAdVwxSlYo,85,5,12,100198,0.1772,shrink
453_tcAdVwxSlYo,85,3,15,5027,0.0000,vanish
453_tcAdVwxSlYo,85,3,15,3758,0.0000,vanish
453_tcAdVwxSlYo,85,2,15,828,0.0000,vanish
453_tcAdVwxSlYo,85,5,67,7023,0.1071,shrink
453_tcAdVwxSlYo,85,5,67,510,0.0000,vanish
453_tcAdVwxSlYo,86,2,15,3403,0.0000,vanish
453_tcAdVwxSlYo,86,3,15,3735,0.0000,vanish
453_tcAdVwxSlYo,86,5,67,8056,0.0945,vanish
453_tcAdVwxSlYo,86,5,67,795,0.0025,vanish
453_tcAdVwxSlYo,87,1,15,1753,0.0000,vanish
453_tcAdVwxSlYo,87,3,15,3500,0.0000,vanish
453_tcAdVwxSlYo,87,5,67,8738,0.1618,shrink
453_tcAdVwxSlYo,87,2,67,1137,0.0000,vanish
453_tcAdVwxSlYo,88,5,15,3165,0.0246,vanish
453_tcAdVwxSlYo,88,3,67,1462,0.0000,vanish
453_tcAdVwxSlYo,89,5,15,2874,0.1413,shrink
453_tcAdVwxSlYo,89,5,67,1738,0.0984,vanish
453_tcAdVwxSlYo,94,5,0,4284,0.1531,shrink
453_tcAdVwxSlYo,95,5,0,4667,0.0000,vanish
453_tcAdVwxSlYo,95,5,15,1417,0.1270,shrink
453_tcAdVwxSlYo,95,5,67,2104,0.1426,shrink
453_tcAdVwxSlYo,96,4,0,4698,0.0000,vanish
453_tcAdVwxSlYo,96,5,15,1307,0.0000,vanish
453_tcAdVwxSlYo,96,5,67,2036,0.0000,vanish
453_tcAdVwxSlYo,97,3,0,4256,0.0000,vanish
453_tcAdVwxSlYo,97,5,15,1388,0.0000,vanish
453_tcAdVwxSlYo,97,4,67,1942,0.0000,vanish
453_tcAdVwxSlYo,98,2,0,3405,0.0000,vanish
453_tcAdVwxSlYo,98,4,15,1729,0.0000,vanish
453_tcAdVwxSlYo,98,4,67,1876,0.0000,vanish
453_tcAdVwxSlYo,99,1,0,505,0.0000,vanish
453_tcAdVwxSlYo,99,5,12,99204,0.1679,shrink
453_tcAdVwxSlYo,99,4,15,1943,0.0000,vanish
453_tcAdVwxSlYo,99,3,67,1604,0.0000,vanish
453_tcAdVwxSlYo,100,5,12,99540,0.0394,vanish
453_tcAdVwxSlYo,100,3,15,2317,0.0000,vanish
453_tcAdVwxSlYo,100,5,67,8162,0.1237,shrink
453_tcAdVwxSlYo,100,3,67,1379,0.0000,vanish
453_tcAdVwxSlYo,101,5,12,99614,0.0000,vanish
453_tcAdVwxSlYo,101,3,15,2463,0.0000,vanish
453_tcAdVwxSlYo,101,5,67,8077,0.0141,vanish
453_tcAdVwxSlYo,101,3,67,1230,0.0000,vanish
453_tcAdVwxSlYo,102,5,12,99534,0.0000,vanish
453_tcAdVwxSlYo,102,2,15,980,0.1153,shrink
453_tcAdVwxSlYo,102,2,15,2544,0.0000,vanish
453_tcAdVwxSlYo,102,5,67,8283,0.0000,vanish
453_tcAdVwxSlYo,102,2,67,1123,0.0000,vanish
453_tcAdVwxSlYo,103,5,12,99526,0.0000,vanish
453_tcAdVwxSlYo,103,1,15,686,0.0000,vanish
453_tcAdVwxSlYo,103,2,15,2618,0.0000,vanish
453_tcAdVwxSlYo,103,5,67,8027,0.0000,vanish
453_tcAdVwxSlYo,103,2,67,963,0.0000,vanish
453_tcAdVwxSlYo,104,5,12,98860,0.0000,vanish
453_tcAdVwxSlYo,104,2,15,2783,0.0000,vanish
453_tcAdVwxSlYo,104,4,67,7678,0.0000,vanish
453_tcAdVwxSlYo,104,2,67,666,0.0000,vanish
453_tcAdVwxSlYo,105,5,12,97656,0.0000,vanish
453_tcAdVwxSlYo,105,5,15,108220,0.1713,shrink
453_tcAdVwxSlYo,105,2,15,3147,0.0000,vanish
453_tcAdVwxSlYo,105,2,15,660,0.0000,vanish
453_tcAdVwxSlYo,105,4,67,8379,0.0000,vanish
453_tcAdVwxSlYo,105,1,67,705,0.0000,vanish
453_tcAdVwxSlYo,106,5,12,99288,0.1492,shrink
453_tcAdVwxSlYo,106,5,15,81680,0.0872,vanish
453_tcAdVwxSlYo,106,1,15,2226,0.0000,vanish
453_tcAdVwxSlYo,106,3,15,1393,0.0000,vanish
453_tcAdVwxSlYo,106,5,67,5564,0.0138,vanish
453_tcAdVwxSlYo,106,1,90,466,0.0000,vanish
453_tcAdVwxSlYo,107,5,15,59529,0.1072,shrink
453_tcAdVwxSlYo,107,1,15,1811,0.0000,vanish
453_tcAdVwxSlYo,107,5,15,2473,0.1201,shrink
453_tcAdVwxSlYo,107,4,67,4650,0.1222,shrink
453_tcAdVwxSlYo,108,4,15,40574,0.1670,shrink
453_tcAdVwxSlYo,108,1,15,1041,0.0000,vanish
453_tcAdVwxSlYo,113,5,67,3045,0.2016,shrink
453_tcAdVwxSlYo,114,5,15,6714,0.0769,vanish
453_tcAdVwxSlYo,114,5,67,3745,0.0120,vanish
453_tcAdVwxSlYo,115,5,12,98991,0.0000,vanish
453_tcAdVwxSlYo,115,5,15,122445,0.1123,shrink
453_tcAdVwxSlYo,115,5,15,6442,0.0000,vanish
453_tcAdVwxSlYo,115,5,67,4580,0.0000,vanish
453_tcAdVwxSlYo,115,5,90,31327,0.2344,shrink
453_tcAdVwxSlYo,116,5,12,99885,0.0000,vanish
453_tcAdVwxSlYo,116,5,15,81645,0.0712,vanish
453_tcAdVwxSlYo,116,5,15,116792,0.0000,vanish
453_tcAdVwxSlYo,116,4,15,6297,0.0000,vanish
453_tcAdVwxSlYo,116,5,67,5301,0.0000,vanish
453_tcAdVwxSlYo,116,5,90,30969,0.0000,vanish
453_tcAdVwxSlYo,117,4,12,99423,0.0000,vanish
453_tcAdVwxSlYo,117,5,15,76475,0.0000,vanish
453_tcAdVwxSlYo,117,4,15,107362,0.0000,vanish
453_tcAdVwxSlYo,117,4,15,5900,0.0000,vanish
453_tcAdVwxSlYo,117,4,67,5923,0.0000,vanish
453_tcAdVwxSlYo,117,4,90,30202,0.0000,vanish
453_tcAdVwxSlYo,118,3,12,98686,0.0000,vanish
453_tcAdVwxSlYo,118,4,15,63107,0.0000,vanish
453_tcAdVwxSlYo,118,3,15,83251,0.0000,vanish
453_tcAdVwxSlYo,118,3,15,5321,0.0000,vanish
453_tcAdVwxSlYo,118,4,67,7279,0.0000,vanish
453_tcAdVwxSlYo,118,3,90,25694,0.0000,vanish
453_tcAdVwxSlYo,119,3,12,97521,0.0000,vanish
453_tcAdVwxSlYo,119,4,15,626,0.0000,vanish
453_tcAdVwxSlYo,119,3,15,44478,0.0000,vanish
453_tcAdVwxSlYo,119,2,15,49705,0.0000,vanish
453_tcAdVwxSlYo,119,2,15,4370,0.0000,vanish
453_tcAdVwxSlYo,119,3,67,8142,0.0000,vanish
453_tcAdVwxSlYo,119,1,67,875,0.0000,vanish
453_tcAdVwxSlYo,119,2,90,20127,0.0000,vanish
453_tcAdVwxSlYo,120,3,12,95224,0.0000,vanish
453_tcAdVwxSlYo,120,2,15,23994,0.0000,vanish
453_tcAdVwxSlYo,120,1,15,9342,0.0000,vanish
453_tcAdVwxSlYo,120,1,15,4454,0.0000,vanish
453_tcAdVwxSlYo,120,2,15,3308,0.0000,vanish
453_tcAdVwxSlYo,120,5,67,1510,0.0000,vanish
453_tcAdVwxSlYo,120,1,90,13289,0.0000,vanish
453_tcAdVwxSlYo,121,3,12,98550,0.0000,vanish
453_tcAdVwxSlYo,121,1,15,5813,0.0000,vanish
453_tcAdVwxSlYo,121,1,15,1196,0.0000,vanish
453_tcAdVwxSlYo,121,5,67,2042,0.0000,vanish
453_tcAdVwxSlYo,121,1,90,2311,0.0000,vanish
453_tcAdVwxSlYo,122,2,0,2679,0.0000,vanish
453_tcAdVwxSlYo,122,3,12,98106,0.0000,vanish
453_tcAdVwxSlYo,122,1,15,422,0.0000,vanish
453_tcAdVwxSlYo,122,5,67,2612,0.0000,vanish
453_tcAdVwxSlYo,123,3,0,19227,0.0000,vanish
453_tcAdVwxSlYo,123,3,12,97045,0.0000,vanish
453_tcAdVwxSlYo,123,1,15,571,0.0000,vanish
453_tcAdVwxSlYo,123,5,67,2843,0.0000,vanish
453_tcAdVwxSlYo,124,4,12,95946,0.0000,vanish
453_tcAdVwxSlYo,124,1,15,471,0.0000,vanish
453_tcAdVwxSlYo,125,4,12,95007,0.0000,vanish
453_tcAdVwxSlYo,126,5,12,93747,0.0060,vanish
453_tcAdVwxSlYo,126,2,61,12290,0.0000,vanish
453_tcAdVwxSlYo,127,5,12,92729,0.1995,shrink
453_tcAdVwxSlYo,127,1,61,1833,0.0000,vanish
453_tcAdVwxSlYo,127,5,90,10335,0.0634,vanish
453_tcAdVwxSlYo,129,5,77,8900,0.1565,shrink
453_tcAdVwxSlYo,130,5,77,10402,0.1619,shrink
1975_1qyIMfzlXnY,18,5,61,159519,0.0553,vanish
1975_1qyIMfzlXnY,19,4,61,144017,0.1388,shrink
1975_1qyIMfzlXnY,20,5,61,116600,0.2117,shrink
1975_1qyIMfzlXnY,37,5,112,1246,0.0000,vanish
1975_1qyIMfzlXnY,38,4,112,1246,0.0000,vanish
1975_1qyIMfzlXnY,39,1,23,2205,0.0000,vanish
1975_1qyIMfzlXnY,39,3,112,1245,0.0000,vanish
1975_1qyIMfzlXnY,40,2,0,41073,0.0000,vanish
1975_1qyIMfzlXnY,40,2,112,1237,0.0000,vanish
1975_1qyIMfzlXnY,41,1,0,90768,0.0000,vanish
1975_1qyIMfzlXnY,41,3,15,11967,0.2458,shrink
1975_1qyIMfzlXnY,41,1,112,1247,0.0000,vanish
1975_1qyIMfzlXnY,42,2,0,102310,0.0000,vanish
1975_1qyIMfzlXnY,42,2,61,101183,0.1734,shrink
1975_1qyIMfzlXnY,43,1,0,66897,0.0000,vanish
488_ELyukS3p1n0,7,2,61,495,0.0000,vanish
488_ELyukS3p1n0,22,2,61,857,0.0000,vanish
488_ELyukS3p1n0,26,2,61,692,0.0000,vanish
488_ELyukS3p1n0,27,5,61,1638,0.0165,vanish
488_ELyukS3p1n0,30,1,17,506,0.0415,vanish
488_ELyukS3p1n0,31,4,61,2923,0.0000,vanish
488_ELyukS3p1n0,32,4,81,2551,0.0000,vanish
488_ELyukS3p1n0,33,5,8,11079,0.1773,shrink
488_ELyukS3p1n0,33,5,36,4549,0.1866,shrink
488_ELyukS3p1n0,33,4,81,3746,0.0000,vanish
488_ELyukS3p1n0,34,5,8,8932,0.1772,shrink
488_ELyukS3p1n0,34,5,36,3336,0.1331,shrink
488_ELyukS3p1n0,35,5,8,6823,0.1162,shrink
488_ELyukS3p1n0,35,5,36,2596,0.0000,vanish
488_ELyukS3p1n0,36,5,8,4920,0.0130,vanish
488_ELyukS3p1n0,36,4,36,1780,0.0000,vanish
488_ELyukS3p1n0,37,4,8,3127,0.0297,vanish
488_ELyukS3p1n0,37,3,36,1157,0.0000,vanish
488_ELyukS3p1n0,38,3,8,1373,0.0000,vanish
488_ELyukS3p1n0,38,2,36,457,0.0000,vanish
488_ELyukS3p1n0,39,5,8,2384,0.0000,vanish
488_ELyukS3p1n0,39,1,13,762,0.0000,vanish
488_ELyukS3p1n0,39,1,36,444,0.0000,vanish
488_ELyukS3p1n0,39,1,61,370,0.0000,vanish
488_ELyukS3p1n0,40,4,8,1163,0.0000,vanish
488_ELyukS3p1n0,42,2,8,2036,0.0000,vanish
488_ELyukS3p1n0,42,2,61,1152,0.0000,vanish
488_ELyukS3p1n0,43,1,8,949,0.0000,vanish
648_kCQ_0oyrPJQ,0,3,15,4787,0.0000,vanish
648_kCQ_0oyrPJQ,0,1,38,908,0.0000,vanish
648_kCQ_0oyrPJQ,0,5,67,37760,0.0762,vanish
648_kCQ_0oyrPJQ,1,2,15,2258,0.0000,vanish
648_kCQ_0oyrPJQ,1,2,67,2086,0.0000,vanish
648_kCQ_0oyrPJQ,1,4,67,14568,0.1974,shrink
648_kCQ_0oyrPJQ,2,1,15,539,0.0000,vanish
648_kCQ_0oyrPJQ,2,2,29,15119,0.1660,shrink
648_kCQ_0oyrPJQ,2,5,31,48235,0.1085,shrink
648_kCQ_0oyrPJQ,2,5,67,1322,0.0000,vanish
648_kCQ_0oyrPJQ,3,2,29,11411,0.1158,shrink
648_kCQ_0oyrPJQ,3,5,31,45568,0.1098,shrink
648_kCQ_0oyrPJQ,3,4,67,1056,0.0000,vanish
648_kCQ_0oyrPJQ,4,1,29,2186,0.0000,vanish
648_kCQ_0oyrPJQ,4,5,31,39426,0.0439,vanish
648_kCQ_0oyrPJQ,5,5,31,36197,0.0153,vanish
648_kCQ_0oyrPJQ,6,4,29,12550,0.0000,vanish
648_kCQ_0oyrPJQ,6,5,31,25174,0.0000,vanish
648_kCQ_0oyrPJQ,6,5,38,41848,0.0000,vanish
648_kCQ_0oyrPJQ,6,1,67,5026,0.0537,vanish
648_kCQ_0oyrPJQ,7,3,29,4806,0.0000,vanish
648_kCQ_0oyrPJQ,7,4,31,9176,0.0000,vanish
648_kCQ_0oyrPJQ,7,3,38,1091,0.0000,vanish
648_kCQ_0oyrPJQ,7,4,38,26254,0.0000,vanish
648_kCQ_0oyrPJQ,8,2,29,3867,0.0000,vanish
648_kCQ_0oyrPJQ,8,3,31,8514,0.0000,vanish
648_kCQ_0oyrPJQ,8,3,38,7232,0.0000,vanish
648_kCQ_0oyrPJQ,8,3,38,25596,0.0000,vanish
648_kCQ_0oyrPJQ,9,1,29,1042,0.0000,vanish
648_kCQ_0oyrPJQ,9,2,31,2310,0.0000,vanish
648_kCQ_0oyrPJQ,9,1,38,1602,0.0000,vanish
648_kCQ_0oyrPJQ,9,2,38,2622,0.0000,vanish
648_kCQ_0oyrPJQ,9,2,38,7392,0.0000,vanish
648_kCQ_0oyrPJQ,10,1,31,554,0.0000,vanish
648_kCQ_0oyrPJQ,10,1,38,3444,0.0000,vanish
648_kCQ_0oyrPJQ,12,5,67,29823,0.1776,shrink
648_kCQ_0oyrPJQ,13,5,67,29192,0.1103,shrink
648_kCQ_0oyrPJQ,14,5,67,28015,0.0260,vanish
648_kCQ_0oyrPJQ,15,5,67,23435,0.0000,vanish
648_kCQ_0oyrPJQ,16,5,47,507258,0.2026,shrink
648_kCQ_0oyrPJQ,16,4,67,12565,0.0000,vanish
648_kCQ_0oyrPJQ,17,5,15,19515,0.1590,shrink
648_kCQ_0oyrPJQ,17,5,47,406050,0.1460,shrink
648_kCQ_0oyrPJQ,17,3,67,5297,0.0000,vanish
648_kCQ_0oyrPJQ,18,5,15,18983,0.0000,vanish
648_kCQ_0oyrPJQ,18,5,47,351920,0.0825,vanish
648_kCQ_0oyrPJQ,18,2,67,3221,0.0000,vanish
648_kCQ_0oyrPJQ,19,4,15,19539,0.0000,vanish
648_kCQ_0oyrPJQ,19,5,47,232580,0.0205,vanish
648_kCQ_0oyrPJQ,19,1,67,729,0.0000,vanish
648_kCQ_0oyrPJQ,20,3,15,17757,0.0000,vanish
648_kCQ_0oyrPJQ,20,4,47,178295,0.0309,vanish
648_kCQ_0oyrPJQ,21,2,15,14669,0.0000,vanish
648_kCQ_0oyrPJQ,21,3,47,86668,0.0635,vanish
648_kCQ_0oyrPJQ,22,1,15,3759,0.0000,vanish
648_kCQ_0oyrPJQ,22,2,47,36515,0.1507,shrink
648_kCQ_0oyrPJQ,23,1,47,22447,0.2451,shrink
772_T1VRSMQCqRU,6,5,90,11468,0.1198,shrink
772_T1VRSMQCqRU,7,5,90,11409,0.1672,shrink
772_T1VRSMQCqRU,8,5,90,10869,0.1178,shrink
772_T1VRSMQCqRU,9,5,90,10175,0.0005,vanish
772_T1VRSMQCqRU,10,5,90,9975,0.0642,vanish
772_T1VRSMQCqRU,14,5,90,9594,0.2079,shrink
772_T1VRSMQCqRU,15,4,90,8642,0.2005,shrink
772_T1VRSMQCqRU,16,5,1,76795,0.1858,shrink
772_T1VRSMQCqRU,17,5,1,65166,0.1409,shrink
772_T1VRSMQCqRU,18,5,1,45132,0.1244,shrink
772_T1VRSMQCqRU,18,5,90,13210,0.0000,vanish
772_T1VRSMQCqRU,19,5,1,31020,0.0000,vanish
772_T1VRSMQCqRU,19,5,14,13846,0.1861,shrink
772_T1VRSMQCqRU,19,4,90,14331,0.0000,vanish
772_T1VRSMQCqRU,20,4,1,23143,0.0000,vanish
772_T1VRSMQCqRU,20,5,14,12194,0.0610,vanish
772_T1VRSMQCqRU,20,3,90,14833,0.0000,vanish
772_T1VRSMQCqRU,21,3,1,14270,0.0000,vanish
772_T1VRSMQCqRU,21,5,14,9816,0.0000,vanish
772_T1VRSMQCqRU,21,4,90,18177,0.0074,vanish
772_T1VRSMQCqRU,22,2,1,9183,0.0000,vanish
772_T1VRSMQCqRU,22,4,14,8919,0.0000,vanish
772_T1VRSMQCqRU,22,5,61,154164,0.2136,shrink
772_T1VRSMQCqRU,23,1,1,5614,0.0000,vanish
772_T1VRSMQCqRU,23,3,14,7368,0.0000,vanish
772_T1VRSMQCqRU,23,5,61,140762,0.2283,shrink
772_T1VRSMQCqRU,23,5,90,14365,0.0948,vanish
772_T1VRSMQCqRU,24,2,14,2577,0.0000,vanish
772_T1VRSMQCqRU,24,4,90,11986,0.1089,shrink
772_T1VRSMQCqRU,25,1,14,744,0.0000,vanish
772_T1VRSMQCqRU,25,3,90,12283,0.0813,vanish
772_T1VRSMQCqRU,26,3,90,11138,0.0413,vanish
772_T1VRSMQCqRU,27,3,90,10986,0.0562,vanish
772_T1VRSMQCqRU,28,3,90,12058,0.1380,shrink
772_T1VRSMQCqRU,29,3,90,13459,0.0890,vanish
772_T1VRSMQCqRU,30,5,61,116976,0.1459,shrink
772_T1VRSMQCqRU,30,4,90,16495,0.1315,shrink
772_T1VRSMQCqRU,31,5,61,104124,0.0930,vanish
772_T1VRSMQCqRU,31,4,90,17801,0.0709,vanish
772_T1VRSMQCqRU,32,5,61,85151,0.0870,vanish
772_T1VRSMQCqRU,32,4,90,20665,0.0123,vanish
772_T1VRSMQCqRU,33,5,61,60221,0.1039,shrink
772_T1VRSMQCqRU,33,4,90,22234,0.0033,vanish
772_T1VRSMQCqRU,34,5,61,34153,0.1418,shrink
772_T1VRSMQCqRU,34,5,90,21345,0.0000,vanish
772_T1VRSMQCqRU,35,5,61,8999,0.0000,vanish
772_T1VRSMQCqRU,35,4,90,22297,0.0054,vanish
772_T1VRSMQCqRU,36,5,61,9884,0.0391,vanish
772_T1VRSMQCqRU,37,5,61,7419,0.0000,vanish
772_T1VRSMQCqRU,37,5,90,24857,0.1890,shrink
772_T1VRSMQCqRU,38,3,61,6258,0.0000,vanish
772_T1VRSMQCqRU,38,5,90,25418,0.0000,vanish
772_T1VRSMQCqRU,39,5,1,253912,0.2004,shrink
772_T1VRSMQCqRU,39,4,61,5059,0.0000,vanish
772_T1VRSMQCqRU,39,4,90,24465,0.0000,vanish
772_T1VRSMQCqRU,40,4,1,222222,0.2290,shrink
772_T1VRSMQCqRU,40,4,61,3652,0.0000,vanish
772_T1VRSMQCqRU,40,3,90,25255,0.0000,vanish
772_T1VRSMQCqRU,41,3,61,5305,0.0336,vanish
772_T1VRSMQCqRU,41,3,90,25241,0.0168,vanish
772_T1VRSMQCqRU,42,2,61,6681,0.1429,shrink
1168_1K988L1G0ME,16,1,75,416,0.0000,vanish
2136_C-RGc1V_Zq0,1,4,61,15720,0.1628,shrink
2136_C-RGc1V_Zq0,2,5,61,13309,0.1579,shrink
2136_C-RGc1V_Zq0,4,1,8,659,0.0000,vanish
2136_C-RGc1V_Zq0,4,4,61,5387,0.0000,vanish
2136_C-RGc1V_Zq0,5,3,61,338,0.0000,vanish
2136_C-RGc1V_Zq0,5,1,61,3143,0.0000,vanish
2136_C-RGc1V_Zq0,8,5,0,16608,0.1089,shrink
2136_C-RGc1V_Zq0,9,5,0,20286,0.0610,vanish
2136_C-RGc1V_Zq0,10,5,0,24012,0.0000,vanish
2136_C-RGc1V_Zq0,11,4,0,11805,0.0000,vanish
2136_C-RGc1V_Zq0,12,3,0,2188,0.0000,vanish
2136_C-RGc1V_Zq0,12,5,8,102095,0.1725,shrink
2136_C-RGc1V_Zq0,13,2,0,400,0.0000,vanish
2136_C-RGc1V_Zq0,13,2,0,1406,0.0000,vanish
2136_C-RGc1V_Zq0,13,5,8,77765,0.1993,shrink
2136_C-RGc1V_Zq0,13,2,61,13617,0.0000,vanish
2136_C-RGc1V_Zq0,14,1,0,1238,0.0000,vanish
2136_C-RGc1V_Zq0,14,5,8,52281,0.0420,vanish
2136_C-RGc1V_Zq0,15,5,8,38080,0.0000,vanish
2136_C-RGc1V_Zq0,15,5,61,860,0.0000,vanish
2136_C-RGc1V_Zq0,16,4,8,28494,0.0000,vanish
2136_C-RGc1V_Zq0,17,3,8,17608,0.0000,vanish
2136_C-RGc1V_Zq0,17,3,61,386,0.0000,vanish
2136_C-RGc1V_Zq0,17,3,61,34738,0.0000,vanish
2136_C-RGc1V_Zq0,18,2,8,15496,0.0000,vanish
2136_C-RGc1V_Zq0,18,4,61,1578,0.0000,vanish
2136_C-RGc1V_Zq0,18,2,61,2364,0.0000,vanish
2136_C-RGc1V_Zq0,18,2,75,396,0.0000,vanish
2136_C-RGc1V_Zq0,19,1,8,2777,0.0000,vanish
2136_C-RGc1V_Zq0,19,5,61,2550,0.0000,vanish
2136_C-RGc1V_Zq0,19,1,61,19957,0.0000,vanish
2136_C-RGc1V_Zq0,19,1,75,1256,0.0000,vanish
2136_C-RGc1V_Zq0,23,4,61,2257,0.1090,shrink
2136_C-RGc1V_Zq0,23,3,61,29303,0.0000,vanish
2136_C-RGc1V_Zq0,24,5,61,2864,0.1676,shrink
2136_C-RGc1V_Zq0,24,4,61,40624,0.0000,vanish
2136_C-RGc1V_Zq0,25,5,61,8305,0.2099,shrink
2136_C-RGc1V_Zq0,28,5,61,51852,0.0579,vanish
2136_C-RGc1V_Zq0,29,3,8,1935,0.0000,vanish
2136_C-RGc1V_Zq0,29,4,61,14323,0.0785,vanish
2136_C-RGc1V_Zq0,29,4,61,25609,0.0000,vanish
2136_C-RGc1V_Zq0,29,5,61,3695,0.0000,vanish
2136_C-RGc1V_Zq0,30,2,8,1883,0.0000,vanish
2136_C-RGc1V_Zq0,30,1,8,354,0.0000,vanish
2136_C-RGc1V_Zq0,30,3,61,14760,0.0638,vanish
2136_C-RGc1V_Zq0,30,4,61,25672,0.0000,vanish
2136_C-RGc1V_Zq0,30,3,61,2862,0.0000,vanish
2136_C-RGc1V_Zq0,31,2,8,1999,0.0000,vanish
2136_C-RGc1V_Zq0,31,3,61,14507,0.0645,vanish
2136_C-RGc1V_Zq0,31,4,61,26357,0.0000,vanish
2136_C-RGc1V_Zq0,32,3,8,1910,0.0000,vanish
2136_C-RGc1V_Zq0,32,4,61,14391,0.0462,vanish
2136_C-RGc1V_Zq0,32,5,61,26447,0.0033,vanish
2136_C-RGc1V_Zq0,32,1,61,2163,0.0000,vanish
2136_C-RGc1V_Zq0,33,2,8,1843,0.0000,vanish
2136_C-RGc1V_Zq0,33,5,61,13983,0.0827,vanish
2136_C-RGc1V_Zq0,33,5,61,26410,0.0877,vanish
2136_C-RGc1V_Zq0,34,3,8,1657,0.0000,vanish
2136_C-RGc1V_Zq0,34,1,8,993,0.0000,vanish
2136_C-RGc1V_Zq0,34,2,61,13022,0.0523,vanish
2136_C-RGc1V_Zq0,34,1,61,813,0.0836,vanish
2136_C-RGc1V_Zq0,35,5,8,1050,0.0143,vanish
2136_C-RGc1V_Zq0,35,3,61,678,0.0000,vanish
2136_C-RGc1V_Zq0,36,5,8,1076,0.0000,vanish
2136_C-RGc1V_Zq0,36,2,61,306,0.0000,vanish
2136_C-RGc1V_Zq0,37,4,8,938,0.0000,vanish
2136_C-RGc1V_Zq0,38,3,8,824,0.0000,vanish
2136_C-RGc1V_Zq0,39,2,8,702,0.0000,vanish
2136_C-RGc1V_Zq0,39,5,8,12928,0.0185,vanish
2136_C-RGc1V_Zq0,39,5,61,50962,0.2113,shrink
2136_C-RGc1V_Zq0,40,4,8,10558,0.0226,vanish
2136_C-RGc1V_Zq0,40,4,61,45107,0.2387,shrink
2136_C-RGc1V_Zq0,41,3,8,7928,0.0301,vanish
2136_C-RGc1V_Zq0,42,2,8,7286,0.0328,vanish
2136_C-RGc1V_Zq0,43,1,8,4024,0.0594,vanish
437_-bUZU7-Mbjs,0,5,115,2557,0.0000,vanish
437_-bUZU7-Mbjs,1,4,115,2484,0.0000,vanish
437_-bUZU7-Mbjs,2,3,115,2343,0.0060,vanish
437_-bUZU7-Mbjs,3,4,22,1646,0.1938,shrink
437_-bUZU7-Mbjs,3,2,115,324,0.0000,vanish
437_-bUZU7-Mbjs,4,5,16,2625,0.1890,shrink
437_-bUZU7-Mbjs,5,5,16,38758,0.1693,shrink
437_-bUZU7-Mbjs,5,5,16,2043,0.1586,shrink
437_-bUZU7-Mbjs,5,2,22,2065,0.2208,shrink
437_-bUZU7-Mbjs,5,5,61,35918,0.2442,shrink
437_-bUZU7-Mbjs,6,5,16,29669,0.1060,shrink
437_-bUZU7-Mbjs,6,5,16,1929,0.1203,shrink
437_-bUZU7-Mbjs,6,5,61,33158,0.1979,shrink
437_-bUZU7-Mbjs,7,5,16,23252,0.1254,shrink
437_-bUZU7-Mbjs,7,5,16,2081,0.1201,shrink
437_-bUZU7-Mbjs,7,5,61,27162,0.1696,shrink
437_-bUZU7-Mbjs,8,4,16,18263,0.1857,shrink
437_-bUZU7-Mbjs,8,5,16,1777,0.1356,shrink
437_-bUZU7-Mbjs,8,5,61,21323,0.1472,shrink
437_-bUZU7-Mbjs,8,3,115,555,0.0000,vanish
437_-bUZU7-Mbjs,9,5,16,1855,0.2431,shrink
437_-bUZU7-Mbjs,9,5,61,15308,0.1518,shrink
437_-bUZU7-Mbjs,10,5,61,8591,0.1375,shrink
437_-bUZU7-Mbjs,11,4,61,6563,0.2468,shrink
437_-bUZU7-Mbjs,18,5,16,12547,0.0080,vanish
437_-bUZU7-Mbjs,19,5,16,12270,0.0070,vanish
437_-bUZU7-Mbjs,20,4,16,9939,0.0006,vanish
437_-bUZU7-Mbjs,30,5,61,1683,0.0000,vanish
437_-bUZU7-Mbjs,31,4,61,2537,0.0000,vanish
437_-bUZU7-Mbjs,32,3,61,2068,0.0000,vanish
437_-bUZU7-Mbjs,33,2,61,1580,0.0000,vanish
437_-bUZU7-Mbjs,34,1,61,1198,0.0000,vanish
437_-bUZU7-Mbjs,35,4,16,986,0.2150,shrink
437_-bUZU7-Mbjs,39,4,16,839,0.0977,vanish
1284_KsmmZvHgS-g,4,4,1,635,0.0220,vanish
1284_KsmmZvHgS-g,5,3,1,609,0.0230,vanish
513_eVJ2zX059Mo,0,3,15,2002,0.0005,vanish
513_eVJ2zX059Mo,0,5,15,1973,0.0385,vanish
513_eVJ2zX059Mo,0,5,106,3233,0.0031,vanish
513_eVJ2zX059Mo,1,3,15,1357,0.0000,vanish
513_eVJ2zX059Mo,1,5,15,1145,0.0000,vanish
513_eVJ2zX059Mo,1,5,106,4220,0.0159,vanish
513_eVJ2zX059Mo,2,4,15,1076,0.0000,vanish
513_eVJ2zX059Mo,2,3,15,861,0.0000,vanish
513_eVJ2zX059Mo,2,1,15,306,0.0000,vanish
513_eVJ2zX059Mo,2,5,112,8900,0.1952,shrink
513_eVJ2zX059Mo,3,3,15,985,0.0000,vanish
513_eVJ2zX059Mo,3,4,15,1028,0.0000,vanish
513_eVJ2zX059Mo,3,5,112,8103,0.1562,shrink
513_eVJ2zX059Mo,4,3,15,1093,0.0000,vanish
513_eVJ2zX059Mo,4,4,15,872,0.0000,vanish
513_eVJ2zX059Mo,4,5,112,5663,0.1414,shrink
513_eVJ2zX059Mo,5,3,15,1107,0.0000,vanish
513_eVJ2zX059Mo,5,3,15,818,0.0000,vanish
513_eVJ2zX059Mo,5,5,112,3647,0.0000,vanish
513_eVJ2zX059Mo,6,3,15,879,0.0000,vanish
513_eVJ2zX059Mo,6,3,15,719,0.0000,vanish
513_eVJ2zX059Mo,6,4,112,3122,0.0000,vanish
513_eVJ2zX059Mo,7,3,15,753,0.0000,vanish
513_eVJ2zX059Mo,7,2,15,821,0.0000,vanish
513_eVJ2zX059Mo,7,3,112,1826,0.0000,vanish
513_eVJ2zX059Mo,8,2,15,769,0.0000,vanish
513_eVJ2zX059Mo,8,2,15,660,0.0000,vanish
513_eVJ2zX059Mo,8,2,112,1265,0.0000,vanish
513_eVJ2zX059Mo,9,3,15,540,0.0000,vanish
513_eVJ2zX059Mo,9,1,15,394,0.0000,vanish
513_eVJ2zX059Mo,9,1,112,801,0.0000,vanish
513_eVJ2zX059Mo,10,3,15,631,0.0000,vanish
513_eVJ2zX059Mo,10,2,15,404,0.0000,vanish
513_eVJ2zX059Mo,10,5,61,22113,0.1093,shrink
513_eVJ2zX059Mo,11,1,15,536,0.0000,vanish
513_eVJ2zX059Mo,11,2,15,465,0.0000,vanish
513_eVJ2zX059Mo,11,5,61,21756,0.0514,vanish
513_eVJ2zX059Mo,11,5,112,488,0.0000,vanish
513_eVJ2zX059Mo,12,2,15,384,0.0000,vanish
513_eVJ2zX059Mo,12,1,15,513,0.0000,vanish
513_eVJ2zX059Mo,12,5,61,20670,0.0700,vanish
513_eVJ2zX059Mo,12,5,112,1529,0.0000,vanish
513_eVJ2zX059Mo,13,3,15,324,0.0000,vanish
513_eVJ2zX059Mo,13,5,61,18535,0.0426,vanish
513_eVJ2zX059Mo,13,5,112,2302,0.0000,vanish
513_eVJ2zX059Mo,14,2,15,305,0.0000,vanish
513_eVJ2zX059Mo,14,5,61,16673,0.0000,vanish
513_eVJ2zX059Mo,14,5,112,2451,0.0000,vanish
513_eVJ2zX059Mo,15,2,15,574,0.0000,vanish
513_eVJ2zX059Mo,15,2,15,615,0.0000,vanish
513_eVJ2zX059Mo,15,4,61,13305,0.0000,vanish
513_eVJ2zX059Mo,15,3,86,3116,0.2035,shrink
513_eVJ2zX059Mo,15,5,112,3175,0.0000,vanish
513_eVJ2zX059Mo,16,5,61,12047,0.0000,vanish
513_eVJ2zX059Mo,16,5,112,3413,0.0000,vanish
513_eVJ2zX059Mo,17,4,61,10659,0.0000,vanish
513_eVJ2zX059Mo,17,5,112,3717,0.0000,vanish
513_eVJ2zX059Mo,18,3,61,6502,0.0000,vanish
513_eVJ2zX059Mo,18,5,112,4004,0.0020,vanish
513_eVJ2zX059Mo,18,5,112,736,0.0000,vanish
513_eVJ2zX059Mo,19,2,61,2195,0.0000,vanish
513_eVJ2zX059Mo,20,1,61,981,0.0000,vanish
513_eVJ2zX059Mo,22,5,86,4007,0.2301,shrink
513_eVJ2zX059Mo,22,5,112,1774,0.0000,vanish
513_eVJ2zX059Mo,23,5,86,3743,0.1445,shrink
513_eVJ2zX059Mo,23,5,112,1954,0.0010,vanish
513_eVJ2zX059Mo,24,5,86,2932,0.1054,shrink
513_eVJ2zX059Mo,24,5,112,2031,0.0000,vanish
513_eVJ2zX059Mo,25,5,86,2369,0.0000,vanish
513_eVJ2zX059Mo,25,5,112,2254,0.0031,vanish
513_eVJ2zX059Mo,26,4,86,1854,0.0000,vanish
513_eVJ2zX059Mo,26,5,112,2354,0.0000,vanish
513_eVJ2zX059Mo,27,3,86,972,0.0000,vanish
513_eVJ2zX059Mo,27,5,112,2517,0.0091,vanish
513_eVJ2zX059Mo,28,2,86,541,0.0000,vanish
513_eVJ2zX059Mo,28,5,112,2688,0.0115,vanish
513_eVJ2zX059Mo,29,1,86,309,0.0000,vanish
513_eVJ2zX059Mo,29,5,112,2730,0.0000,vanish
513_eVJ2zX059Mo,30,5,112,2554,0.0384,vanish
513_eVJ2zX059Mo,31,5,112,2869,0.0425,vanish
513_eVJ2zX059Mo,32,5,112,2997,0.0254,vanish
513_eVJ2zX059Mo,33,5,112,3306,0.0835,vanish
513_eVJ2zX059Mo,34,5,112,3525,0.0525,vanish
513_eVJ2zX059Mo,35,5,83,5572,0.1147,shrink
513_eVJ2zX059Mo,35,5,112,3321,0.0003,vanish
513_eVJ2zX059Mo,36,4,83,4316,0.1481,shrink
513_eVJ2zX059Mo,36,4,112,3582,0.0159,vanish
513_eVJ2zX059Mo,37,3,83,3119,0.2049,shrink
513_eVJ2zX059Mo,37,3,112,3706,0.1355,shrink
513_eVJ2zX059Mo,38,2,83,2594,0.2463,shrink
831_LyfG0y8J4OM,0,5,23,17678,0.0597,vanish
831_LyfG0y8J4OM,0,1,46,2694,0.0000,vanish
831_LyfG0y8J4OM,0,2,46,663,0.0000,vanish
831_LyfG0y8J4OM,1,5,23,18085,0.1015,shrink
831_LyfG0y8J4OM,1,4,46,3232,0.0003,vanish
831_LyfG0y8J4OM,10,5,23,21356,0.2468,shrink
831_LyfG0y8J4OM,11,5,23,21882,0.1900,shrink
831_LyfG0y8J4OM,12,5,23,22024,0.1827,shrink
831_LyfG0y8J4OM,13,4,29,778,0.0000,vanish
831_LyfG0y8J4OM,13,5,29,1361,0.0000,vanish
831_LyfG0y8J4OM,14,4,29,1044,0.0000,vanish
831_LyfG0y8J4OM,14,4,29,1665,0.0000,vanish
831_LyfG0y8J4OM,15,3,29,1556,0.0000,vanish
831_LyfG0y8J4OM,15,4,29,2578,0.0000,vanish
831_LyfG0y8J4OM,16,2,29,677,0.0000,vanish
831_LyfG0y8J4OM,16,3,29,2197,0.0000,vanish
831_LyfG0y8J4OM,17,2,29,1754,0.0000,vanish
831_LyfG0y8J4OM,23,5,23,20318,0.1389,shrink
831_LyfG0y8J4OM,24,5,23,20178,0.0005,vanish
831_LyfG0y8J4OM,24,5,37,19414,0.1818,shrink
831_LyfG0y8J4OM,25,5,23,20213,0.0000,vanish
831_LyfG0y8J4OM,25,5,37,19320,0.1440,shrink
831_LyfG0y8J4OM,26,4,23,19744,0.0000,vanish
831_LyfG0y8J4OM,26,5,37,18805,0.1040,shrink
831_LyfG0y8J4OM,27,3,23,19795,0.0000,vanish
831_LyfG0y8J4OM,27,2,29,1722,0.0000,vanish
831_LyfG0y8J4OM,27,5,37,19152,0.1047,shrink
831_LyfG0y8J4OM,28,4,23,19042,0.1678,shrink
831_LyfG0y8J4OM,33,5,29,113286,0.2068,shrink
831_LyfG0y8J4OM,34,5,22,114179,0.1957,shrink
831_LyfG0y8J4OM,34,5,29,112771,0.0694,vanish
831_LyfG0y8J4OM,35,5,22,112968,0.1501,shrink
831_LyfG0y8J4OM,35,5,23,19384,0.0085,vanish
831_LyfG0y8J4OM,35,5,29,30214,0.0993,vanish
831_LyfG0y8J4OM,35,5,29,85639,0.0156,vanish
831_LyfG0y8J4OM,35,5,37,16379,0.0246,vanish
831_LyfG0y8J4OM,36,5,22,111418,0.0843,vanish
831_LyfG0y8J4OM,36,5,23,20223,0.0000,vanish
831_LyfG0y8J4OM,36,5,29,28701,0.0000,vanish
831_LyfG0y8J4OM,36,5,29,41634,0.0000,vanish
831_LyfG0y8J4OM,36,5,29,16899,0.0000,vanish
831_LyfG0y8J4OM,36,5,37,16900,0.0000,vanish
831_LyfG0y8J4OM,37,5,22,110764,0.0816,vanish
831_LyfG0y8J4OM,37,4,23,20543,0.0000,vanish
831_LyfG0y8J4OM,37,4,29,27802,0.0000,vanish
831_LyfG0y8J4OM,37,4,29,35931,0.0000,vanish
831_LyfG0y8J4OM,37,4,29,14839,0.0000,vanish
831_LyfG0y8J4OM,37,4,37,17272,0.0000,vanish
831_LyfG0y8J4OM,38,4,22,97066,0.1647,shrink
831_LyfG0y8J4OM,38,2,23,7456,0.0000,vanish
831_LyfG0y8J4OM,38,3,23,21507,0.0000,vanish
831_LyfG0y8J4OM,38,3,29,21029,0.0000,vanish
831_LyfG0y8J4OM,38,1,29,333,0.0000,vanish
831_LyfG0y8J4OM,38,3,29,3291,0.0000,vanish
831_LyfG0y8J4OM,38,2,29,1833,0.0000,vanish
831_LyfG0y8J4OM,38,3,29,11105,0.0000,vanish
831_LyfG0y8J4OM,38,3,29,7049,0.0000,vanish
831_LyfG0y8J4OM,38,3,37,17203,0.0000,vanish
831_LyfG0y8J4OM,38,2,46,783,0.0000,vanish
831_LyfG0y8J4OM,38,5,61,26422,0.0000,vanish
831_LyfG0y8J4OM,39,3,22,84662,0.2230,shrink
831_LyfG0y8J4OM,39,1,23,4971,0.0000,vanish
831_LyfG0y8J4OM,39,2,23,21699,0.0000,vanish
831_LyfG0y8J4OM,39,2,29,14445,0.0000,vanish
831_LyfG0y8J4OM,39,2,29,889,0.0000,vanish
831_LyfG0y8J4OM,39,1,29,967,0.0000,vanish
831_LyfG0y8J4OM,39,2,29,1821,0.0000,vanish
831_LyfG0y8J4OM,39,2,29,4151,0.0000,vanish
831_LyfG0y8J4OM,39,2,37,16975,0.0000,vanish
831_LyfG0y8J4OM,39,1,46,667,0.0000,vanish
831_LyfG0y8J4OM,39,4,61,25000,0.0000,vanish
831_LyfG0y8J4OM,40,2,23,20405,0.0000,vanish
831_LyfG0y8J4OM,40,1,29,3000,0.0000,vanish
831_LyfG0y8J4OM,40,1,29,1127,0.0000,vanish
831_LyfG0y8J4OM,40,2,37,6364,0.0000,vanish
831_LyfG0y8J4OM,40,3,37,16816,0.0296,vanish
831_LyfG0y8J4OM,40,4,61,20836,0.0000,vanish
831_LyfG0y8J4OM,41,2,23,5254,0.0000,vanish
831_LyfG0y8J4OM,41,3,37,15858,0.1332,shrink
831_LyfG0y8J4OM,41,3,61,13286,0.0000,vanish
831_LyfG0y8J4OM,42,1,23,1346,0.0000,vanish
831_LyfG0y8J4OM,42,2,61,12183,0.0225,vanish
1770_IqRvp9BAvqk,0,5,1,23140,0.0015,vanish
1770_IqRvp9BAvqk,0,2,61,8334,0.0000,vanish
1770_IqRvp9BAvqk,0,2,61,4030,0.0000,vanish
1770_IqRvp9BAvqk,0,5,61,10943,0.0112,vanish
1770_IqRvp9BAvqk,0,5,81,15788,0.1524,shrink
1770_IqRvp9BAvqk,1,4,1,16850,0.0021,vanish
1770_IqRvp9BAvqk,1,5,14,23403,0.0000,vanish
1770_IqRvp9BAvqk,1,1,61,5475,0.0000,vanish
1770_IqRvp9BAvqk,1,1,61,2076,0.0000,vanish
1770_IqRvp9BAvqk,1,4,61,9268,0.0000,vanish
1770_IqRvp9BAvqk,1,5,81,10718,0.2108,shrink
1770_IqRvp9BAvqk,2,3,1,4482,0.0078,vanish
1770_IqRvp9BAvqk,2,4,14,17635,0.0000,vanish
1770_IqRvp9BAvqk,2,5,61,6575,0.0000,vanish
1770_IqRvp9BAvqk,2,1,80,1160,0.0000,vanish
1770_IqRvp9BAvqk,2,5,81,4747,0.0796,vanish
1770_IqRvp9BAvqk,3,2,1,1269,0.0276,vanish
1770_IqRvp9BAvqk,3,5,8,98054,0.1263,shrink
1770_IqRvp9BAvqk,3,5,12,65789,0.0423,vanish
1770_IqRvp9BAvqk,3,5,12,3374,0.0000,vanish
1770_IqRvp9BAvqk,3,3,14,13896,0.0000,vanish
1770_IqRvp9BAvqk,3,4,61,5237,0.0000,vanish
1770_IqRvp9BAvqk,3,5,81,3916,0.0000,vanish
1770_IqRvp9BAvqk,4,3,8,774,0.0000,vanish
1770_IqRvp9BAvqk,4,5,12,65928,0.0000,vanish
1770_IqRvp9BAvqk,4,5,12,7792,0.0000,vanish
1770_IqRvp9BAvqk,4,2,14,6418,0.0000,vanish
1770_IqRvp9BAvqk,4,2,14,1399,0.2102,shrink
1770_IqRvp9BAvqk,4,3,61,5173,0.0000,vanish
1770_IqRvp9BAvqk,4,4,81,4161,0.0000,vanish
1770_IqRvp9BAvqk,5,4,8,98969,0.1606,shrink
1770_IqRvp9BAvqk,5,4,12,70845,0.0207,vanish
1770_IqRvp9BAvqk,5,4,12,9804,0.0000,vanish
1770_IqRvp9BAvqk,5,3,61,6157,0.0000,vanish
1770_IqRvp9BAvqk,5,3,81,5190,0.0000,vanish
1770_IqRvp9BAvqk,6,3,12,73997,0.0579,vanish
1770_IqRvp9BAvqk,6,3,12,15043,0.0337,vanish
1770_IqRvp9BAvqk,6,5,61,613,0.0000,vanish
1770_IqRvp9BAvqk,6,2,61,8669,0.0000,vanish
1770_IqRvp9BAvqk,6,2,80,5214,0.0000,vanish
1770_IqRvp9BAvqk,6,3,81,8528,0.0000,vanish
1770_IqRvp9BAvqk,7,2,1,709,0.0000,vanish
1770_IqRvp9BAvqk,7,2,12,62668,0.1097,shrink
1770_IqRvp9BAvqk,7,5,14,6668,0.0070,vanish
1770_IqRvp9BAvqk,7,5,61,3389,0.0000,vanish
1770_IqRvp9BAvqk,7,5,61,13073,0.0000,vanish
1770_IqRvp9BAvqk,7,1,80,6531,0.0000,vanish
1770_IqRvp9BAvqk,7,2,81,11409,0.0000,vanish
1770_IqRvp9BAvqk,8,4,1,893,0.0000,vanish
1770_IqRvp9BAvqk,8,5,14,143843,0.2017,shrink
1770_IqRvp9BAvqk,8,5,14,26204,0.0851,vanish
1770_IqRvp9BAvqk,8,4,61,9559,0.0000,vanish
1770_IqRvp9BAvqk,8,4,61,17490,0.0000,vanish
1770_IqRvp9BAvqk,8,5,61,145111,0.2462,shrink
1770_IqRvp9BAvqk,8,3,81,17358,0.2469,shrink
1770_IqRvp9BAvqk,9,3,1,26061,0.0000,vanish
1770_IqRvp9BAvqk,9,4,12,10930,0.1098,shrink
1770_IqRvp9BAvqk,9,4,14,148983,0.1949,shrink
1770_IqRvp9BAvqk,9,5,14,42546,0.1728,shrink
1770_IqRvp9BAvqk,9,3,61,9856,0.0000,vanish
1770_IqRvp9BAvqk,9,3,61,18030,0.0000,vanish
1770_IqRvp9BAvqk,9,5,61,144923,0.1662,shrink
1770_IqRvp9BAvqk,9,2,81,16042,0.1610,shrink
1770_IqRvp9BAvqk,10,2,1,16076,0.0000,vanish
1770_IqRvp9BAvqk,10,3,14,142745,0.2041,shrink
1770_IqRvp9BAvqk,10,5,14,28080,0.0949,vanish
1770_IqRvp9BAvqk,10,2,61,7769,0.0000,vanish
1770_IqRvp9BAvqk,10,2,61,14866,0.0000,vanish
1770_IqRvp9BAvqk,11,1,1,3646,0.0000,vanish
1770_IqRvp9BAvqk,11,5,14,20919,0.0641,vanish
1770_IqRvp9BAvqk,11,1,61,3562,0.0000,vanish
1770_IqRvp9BAvqk,11,1,61,10062,0.0000,vanish
1770_IqRvp9BAvqk,11,1,80,5435,0.0000,vanish
1770_IqRvp9BAvqk,11,1,81,4357,0.0000,vanish
1770_IqRvp9BAvqk,13,2,14,685,0.0000,vanish
1770_IqRvp9BAvqk,13,5,81,3635,0.0699,vanish
1770_IqRvp9BAvqk,14,2,14,729,0.0000,vanish
1770_IqRvp9BAvqk,14,4,81,3893,0.1053,shrink
1770_IqRvp9BAvqk,15,2,14,1174,0.0000,vanish
1770_IqRvp9BAvqk,15,5,81,4758,0.0515,vanish
1770_IqRvp9BAvqk,16,5,14,23900,0.2354,shrink
1770_IqRvp9BAvqk,16,4,81,2279,0.0000,vanish
1770_IqRvp9BAvqk,16,2,81,4323,0.0000,vanish
1770_IqRvp9BAvqk,17,5,81,5099,0.0912,vanish
1770_IqRvp9BAvqk,19,5,12,49320,0.1877,shrink
1770_IqRvp9BAvqk,20,5,12,52213,0.0179,vanish
1770_IqRvp9BAvqk,20,5,14,27367,0.2391,shrink
1770_IqRvp9BAvqk,20,1,80,322,0.0000,vanish
1770_IqRvp9BAvqk,21,5,12,41751,0.0146,vanish
1770_IqRvp9BAvqk,21,4,14,19090,0.2471,shrink
1770_IqRvp9BAvqk,22,4,12,40702,0.0502,vanish
1770_IqRvp9BAvqk,23,2,6,935,0.0000,vanish
1770_IqRvp9BAvqk,23,5,12,38927,0.0897,vanish
1770_IqRvp9BAvqk,23,2,61,765,0.0000,vanish
1770_IqRvp9BAvqk,24,1,6,440,0.0000,vanish
1770_IqRvp9BAvqk,24,5,12,30250,0.0008,vanish
1770_IqRvp9BAvqk,24,5,14,14013,0.0879,vanish
1770_IqRvp9BAvqk,24,5,61,4054,0.0000,vanish
1770_IqRvp9BAvqk,24,5,80,2400,0.0000,vanish
1770_IqRvp9BAvqk,24,5,80,1699,0.1077,shrink
1770_IqRvp9BAvqk,25,2,6,337,0.0000,vanish
1770_IqRvp9BAvqk,25,4,12,14085,0.0273,vanish
1770_IqRvp9BAvqk,25,4,80,2163,0.0000,vanish
1770_IqRvp9BAvqk,25,4,80,1947,0.0000,vanish
1770_IqRvp9BAvqk,26,5,12,9590,0.0000,vanish
1770_IqRvp9BAvqk,26,3,61,1026,0.0000,vanish
1770_IqRvp9BAvqk,26,5,80,4606,0.0000,vanish
1770_IqRvp9BAvqk,26,5,80,3855,0.0000,vanish
1770_IqRvp9BAvqk,27,5,12,3579,0.0000,vanish
1770_IqRvp9BAvqk,27,4,12,16424,0.0000,vanish
1770_IqRvp9BAvqk,27,5,61,7205,0.0000,vanish
1770_IqRvp9BAvqk,27,2,61,3139,0.0096,vanish
1770_IqRvp9BAvqk,27,3,80,4337,0.0000,vanish
1770_IqRvp9BAvqk,27,2,80,4309,0.0000,vanish
1770_IqRvp9BAvqk,28,4,12,3175,0.0000,vanish
1770_IqRvp9BAvqk,28,3,12,9181,0.0000,vanish
1770_IqRvp9BAvqk,28,4,61,7312,0.0000,vanish
1770_IqRvp9BAvqk,28,1,61,2158,0.0037,vanish
1770_IqRvp9BAvqk,28,2,80,3939,0.0000,vanish
1770_IqRvp9BAvqk,28,3,80,4408,0.0000,vanish
1770_IqRvp9BAvqk,29,4,12,3289,0.0000,vanish
1770_IqRvp9BAvqk,29,2,12,757,0.0000,vanish
1770_IqRvp9BAvqk,29,4,61,7941,0.0000,vanish
1770_IqRvp9BAvqk,29,3,80,3853,0.0000,vanish
1770_IqRvp9BAvqk,29,3,80,4230,0.0000,vanish
1770_IqRvp9BAvqk,30,3,12,7500,0.0000,vanish
1770_IqRvp9BAvqk,30,1,12,2093,0.0000,vanish
1770_IqRvp9BAvqk,30,3,61,10194,0.0000,vanish
1770_IqRvp9BAvqk,30,5,61,7603,0.0158,vanish
1770_IqRvp9BAvqk,31,3,12,9762,0.0000,vanish
1770_IqRvp9BAvqk,31,2,61,11754,0.0000,vanish
1770_IqRvp9BAvqk,31,5,61,12191,0.0685,vanish
1770_IqRvp9BAvqk,32,3,12,10921,0.0000,vanish
1770_IqRvp9BAvqk,32,3,61,12199,0.0000,vanish
1770_IqRvp9BAvqk,33,2,12,15891,0.0000,vanish
1770_IqRvp9BAvqk,33,2,61,14794,0.0000,vanish
1770_IqRvp9BAvqk,34,2,6,1625,0.0000,vanish
1770_IqRvp9BAvqk,34,3,12,18993,0.0000,vanish
1770_IqRvp9BAvqk,34,1,14,5259,0.0882,vanish
1770_IqRvp9BAvqk,34,3,61,16948,0.0078,vanish
1770_IqRvp9BAvqk,35,1,6,465,0.0000,vanish
1770_IqRvp9BAvqk,35,3,12,11623,0.0291,vanish
1770_IqRvp9BAvqk,35,5,14,5891,0.1037,shrink
1770_IqRvp9BAvqk,36,2,12,4264,0.2383,shrink
1770_IqRvp9BAvqk,36,5,14,1378,0.0000,vanish
1770_IqRvp9BAvqk,37,5,1,49614,0.1105,shrink
1770_IqRvp9BAvqk,37,5,12,2083,0.0019,vanish
1770_IqRvp9BAvqk,37,5,14,33627,0.2299,shrink
1770_IqRvp9BAvqk,37,5,14,19971,0.1310,shrink
1770_IqRvp9BAvqk,37,3,81,5220,0.0000,vanish
1770_IqRvp9BAvqk,38,5,1,44993,0.0905,vanish
1770_IqRvp9BAvqk,38,4,12,1200,0.0000,vanish
1770_IqRvp9BAvqk,38,5,14,31339,0.2164,shrink
1770_IqRvp9BAvqk,38,5,14,20214,0.0372,vanish
1770_IqRvp9BAvqk,38,3,81,5239,0.0000,vanish
1770_IqRvp9BAvqk,39,5,1,38020,0.0168,vanish
1770_IqRvp9BAvqk,39,3,12,1706,0.0000,vanish
1770_IqRvp9BAvqk,39,5,14,28463,0.1069,shrink
1770_IqRvp9BAvqk,39,5,14,20618,0.0000,vanish
1770_IqRvp9BAvqk,39,2,81,5157,0.0000,vanish
1770_IqRvp9BAvqk,40,4,1,18653,0.0343,vanish
1770_IqRvp9BAvqk,40,2,12,1709,0.0000,vanish
1770_IqRvp9BAvqk,40,2,14,664,0.0000,vanish
1770_IqRvp9BAvqk,40,4,14,18679,0.0061,vanish
1770_IqRvp9BAvqk,41,3,1,12684,0.0505,vanish
1770_IqRvp9BAvqk,41,2,12,1551,0.0000,vanish
1770_IqRvp9BAvqk,41,3,14,16061,0.0181,vanish
1770_IqRvp9BAvqk,42,2,1,5481,0.1168,shrink
1770_IqRvp9BAvqk,42,2,14,12946,0.2000,shrink
1770_IqRvp9BAvqk,43,1,1,4074,0.1571,shrink
2179_b7ArWQt3Fx4,8,1,100,3729,0.0359,vanish
2179_b7ArWQt3Fx4,35,5,14,2031,0.1507,shrink
2179_b7ArWQt3Fx4,36,1,100,15723,0.1694,shrink
2179_b7ArWQt3Fx4,37,5,14,3488,0.0000,vanish
2179_b7ArWQt3Fx4,37,5,100,1267,0.0000,vanish
2179_b7ArWQt3Fx4,38,4,14,3488,0.0000,vanish
2179_b7ArWQt3Fx4,39,3,14,3228,0.0000,vanish
2179_b7ArWQt3Fx4,40,2,14,2528,0.0000,vanish
857_jQ3bi5wbPO4,0,5,67,7432,0.2462,shrink
857_jQ3bi5wbPO4,1,5,15,26398,0.2159,shrink
857_jQ3bi5wbPO4,1,5,67,7479,0.1665,shrink
857_jQ3bi5wbPO4,2,5,15,22240,0.1171,shrink
857_jQ3bi5wbPO4,2,5,67,7721,0.1767,shrink
857_jQ3bi5wbPO4,3,5,15,17804,0.0285,vanish
857_jQ3bi5wbPO4,3,5,67,7771,0.1498,shrink
857_jQ3bi5wbPO4,4,5,15,13915,0.0000,vanish
857_jQ3bi5wbPO4,4,5,67,7614,0.1070,shrink
857_jQ3bi5wbPO4,5,4,15,9485,0.0000,vanish
857_jQ3bi5wbPO4,5,5,67,7216,0.0188,vanish
857_jQ3bi5wbPO4,6,3,15,5699,0.0000,vanish
857_jQ3bi5wbPO4,6,5,67,6369,0.0000,vanish
857_jQ3bi5wbPO4,7,2,15,2592,0.0000,vanish
857_jQ3bi5wbPO4,7,4,67,5174,0.0000,vanish
857_jQ3bi5wbPO4,8,1,15,508,0.0000,vanish
857_jQ3bi5wbPO4,8,3,67,3775,0.0000,vanish
857_jQ3bi5wbPO4,9,2,67,2437,0.0000,vanish
857_jQ3bi5wbPO4,10,5,67,16492,0.1636,shrink
857_jQ3bi5wbPO4,10,1,67,658,0.0000,vanish
857_jQ3bi5wbPO4,11,5,67,13466,0.0916,vanish
857_jQ3bi5wbPO4,12,5,67,10058,0.0489,vanish
857_jQ3bi5wbPO4,13,5,67,7533,0.0000,vanish
857_jQ3bi5wbPO4,14,4,67,5028,0.0000,vanish
857_jQ3bi5wbPO4,15,3,67,2698,0.0000,vanish
857_jQ3bi5wbPO4,16,2,67,1233,0.0000,vanish
857_jQ3bi5wbPO4,17,1,67,492,0.0000,vanish
857_jQ3bi5wbPO4,41,3,29,1108,0.1760,shrink
183_8Rpdn-7CEGs,2,3,14,13952,0.0000,vanish
183_8Rpdn-7CEGs,2,3,14,778,0.0000,vanish
183_8Rpdn-7CEGs,3,2,14,24924,0.0000,vanish
183_8Rpdn-7CEGs,3,2,14,1285,0.0000,vanish
183_8Rpdn-7CEGs,4,1,14,12221,0.0000,vanish
183_8Rpdn-7CEGs,4,1,14,783,0.0000,vanish
183_8Rpdn-7CEGs,10,1,14,4182,0.0000,vanish
183_8Rpdn-7CEGs,11,1,0,3143,0.0000,vanish
183_8Rpdn-7CEGs,11,3,14,10010,0.2009,shrink
183_8Rpdn-7CEGs,12,2,14,11969,0.1680,shrink
183_8Rpdn-7CEGs,13,1,14,9376,0.2145,shrink
183_8Rpdn-7CEGs,15,5,62,2630,0.0000,vanish
183_8Rpdn-7CEGs,16,4,62,2699,0.0000,vanish
183_8Rpdn-7CEGs,24,5,62,311,0.0000,vanish
183_8Rpdn-7CEGs,25,5,14,2031,0.2447,shrink
183_8Rpdn-7CEGs,25,4,62,514,0.0000,vanish
183_8Rpdn-7CEGs,26,1,14,358,0.0000,vanish
183_8Rpdn-7CEGs,26,5,14,2875,0.0000,vanish
183_8Rpdn-7CEGs,27,4,14,2836,0.0000,vanish
183_8Rpdn-7CEGs,28,3,14,2220,0.0000,vanish
183_8Rpdn-7CEGs,29,5,13,41917,0.0287,vanish
183_8Rpdn-7CEGs,29,2,14,1340,0.0000,vanish
183_8Rpdn-7CEGs,29,5,62,107450,0.1959,shrink
183_8Rpdn-7CEGs,30,5,13,37276,0.0000,vanish
183_8Rpdn-7CEGs,30,1,14,497,0.0000,vanish
183_8Rpdn-7CEGs,30,5,62,106024,0.1419,shrink
183_8Rpdn-7CEGs,31,4,13,30501,0.0000,vanish
183_8Rpdn-7CEGs,31,5,62,109481,0.1219,shrink
183_8Rpdn-7CEGs,32,3,13,26617,0.0000,vanish
183_8Rpdn-7CEGs,32,5,62,109406,0.1307,shrink
183_8Rpdn-7CEGs,33,2,13,15076,0.0000,vanish
183_8Rpdn-7CEGs,34,1,13,1559,0.0000,vanish
183_8Rpdn-7CEGs,38,5,1,41212,0.1640,shrink
183_8Rpdn-7CEGs,38,5,13,54207,0.2021,shrink
183_8Rpdn-7CEGs,39,5,1,42152,0.0433,vanish
183_8Rpdn-7CEGs,39,5,13,79159,0.1373,shrink
183_8Rpdn-7CEGs,40,4,1,41021,0.0445,vanish
183_8Rpdn-7CEGs,40,4,75,26833,0.0000,vanish
183_8Rpdn-7CEGs,41,3,1,38044,0.0479,vanish
183_8Rpdn-7CEGs,41,3,75,22308,0.0000,vanish
183_8Rpdn-7CEGs,42,2,1,22706,0.0803,vanish
183_8Rpdn-7CEGs,42,2,75,33766,0.0000,vanish
40_fKjWkc7n7as,9,5,61,11803,0.2379,shrink
40_fKjWkc7n7as,10,5,61,11549,0.1644,shrink
40_fKjWkc7n7as,11,5,61,12695,0.1248,shrink
40_fKjWkc7n7as,12,5,61,13351,0.1956,shrink
40_fKjWkc7n7as,36,5,61,10423,0.2488,shrink
40_fKjWkc7n7as,37,5,61,10066,0.2291,shrink
40_fKjWkc7n7as,38,5,61,10546,0.2009,shrink
1759_1SctDbKe7xQ,0,2,28,1091,0.0000,vanish
1759_1SctDbKe7xQ,0,4,28,2573,0.0000,vanish
1759_1SctDbKe7xQ,0,5,69,4962,0.0000,vanish
1759_1SctDbKe7xQ,0,3,91,4389,0.0000,vanish
1759_1SctDbKe7xQ,1,5,23,937,0.0000,vanish
1759_1SctDbKe7xQ,1,3,28,1841,0.0000,vanish
1759_1SctDbKe7xQ,1,4,69,4169,0.0000,vanish
1759_1SctDbKe7xQ,1,5,90,6820,0.2441,shrink
1759_1SctDbKe7xQ,1,2,91,2927,0.0000,vanish
1759_1SctDbKe7xQ,2,1,16,889,0.0000,vanish
1759_1SctDbKe7xQ,2,5,23,11267,0.2406,shrink
1759_1SctDbKe7xQ,2,4,23,623,0.0000,vanish
1759_1SctDbKe7xQ,2,2,28,1114,0.0000,vanish
1759_1SctDbKe7xQ,2,1,67,2697,0.0000,vanish
1759_1SctDbKe7xQ,2,3,69,2772,0.0000,vanish
1759_1SctDbKe7xQ,2,5,90,5573,0.1012,shrink
1759_1SctDbKe7xQ,2,1,91,1508,0.0000,vanish
1759_1SctDbKe7xQ,3,5,12,8106,0.0000,vanish
1759_1SctDbKe7xQ,3,4,23,9241,0.1856,shrink
1759_1SctDbKe7xQ,3,4,23,483,0.0000,vanish
1759_1SctDbKe7xQ,3,5,23,8082,0.1167,shrink
1759_1SctDbKe7xQ,3,1,28,416,0.0000,vanish
1759_1SctDbKe7xQ,3,2,69,1539,0.0000,vanish
1759_1SctDbKe7xQ,3,5,90,4436,0.0000,vanish
1759_1SctDbKe7xQ,4,4,12,4567,0.0000,vanish
1759_1SctDbKe7xQ,4,3,23,7235,0.1681,shrink
1759_1SctDbKe7xQ,4,3,23,427,0.0000,vanish
1759_1SctDbKe7xQ,4,5,23,6997,0.0000,vanish
1759_1SctDbKe7xQ,4,5,28,11601,0.1762,shrink
1759_1SctDbKe7xQ,4,4,90,3427,0.0000,vanish
1759_1SctDbKe7xQ,5,3,23,5239,0.1342,shrink
1759_1SctDbKe7xQ,5,4,23,5657,0.0000,vanish
1759_1SctDbKe7xQ,5,5,28,10222,0.0000,vanish
1759_1SctDbKe7xQ,5,1,67,1117,0.0000,vanish
1759_1SctDbKe7xQ,5,3,90,2542,0.0000,vanish
1759_1SctDbKe7xQ,5,5,91,39713,0.1537,shrink
1759_1SctDbKe7xQ,6,2,12,5895,0.0000,vanish
1759_1SctDbKe7xQ,6,2,15,2163,0.0000,vanish
1759_1SctDbKe7xQ,6,2,23,3349,0.1075,shrink
1759_1SctDbKe7xQ,6,3,23,4387,0.0000,vanish
1759_1SctDbKe7xQ,6,4,28,8428,0.0000,vanish
1759_1SctDbKe7xQ,6,2,90,1802,0.0000,vanish
1759_1SctDbKe7xQ,6,5,91,35888,0.1126,shrink
1759_1SctDbKe7xQ,7,1,12,1937,0.0000,vanish
1759_1SctDbKe7xQ,7,1,15,458,0.0000,vanish
1759_1SctDbKe7xQ,7,2,23,1112,0.0782,vanish
1759_1SctDbKe7xQ,7,2,23,2847,0.0000,vanish
1759_1SctDbKe7xQ,7,3,28,6658,0.0000,vanish
1759_1SctDbKe7xQ,7,1,90,564,0.0000,vanish
1759_1SctDbKe7xQ,7,5,91,33207,0.0772,vanish
1759_1SctDbKe7xQ,8,5,23,17124,0.1257,shrink
1759_1SctDbKe7xQ,8,1,23,1212,0.0000,vanish
1759_1SctDbKe7xQ,8,2,28,4408,0.0000,vanish
1759_1SctDbKe7xQ,8,5,91,29220,0.0314,vanish
1759_1SctDbKe7xQ,9,4,23,17435,0.2186,shrink
1759_1SctDbKe7xQ,9,1,28,2100,0.0000,vanish
1759_1SctDbKe7xQ,9,4,91,24721,0.0097,vanish
1759_1SctDbKe7xQ,10,2,15,9042,0.2326,shrink
1759_1SctDbKe7xQ,10,2,23,495,0.0000,vanish
1759_1SctDbKe7xQ,10,3,91,17602,0.0203,vanish
1759_1SctDbKe7xQ,11,2,15,2603,0.0830,vanish
1759_1SctDbKe7xQ,11,2,15,2192,0.0105,vanish
1759_1SctDbKe7xQ,11,2,23,589,0.2445,shrink
1759_1SctDbKe7xQ,11,2,91,9426,0.0829,vanish
1759_1SctDbKe7xQ,11,2,91,4270,0.1780,shrink
1759_1SctDbKe7xQ,12,1,15,1349,0.1601,shrink
1759_1SctDbKe7xQ,12,1,15,803,0.0262,vanish
1263_I7VuJ7ZppMU,15,1,16,514,0.0000,vanish
1508_kTkHgf-6fCQ,37,5,25,21887,0.2117,shrink
1508_kTkHgf-6fCQ,38,5,25,21807,0.1154,shrink
1508_kTkHgf-6fCQ,39,5,25,22042,0.0264,vanish
1508_kTkHgf-6fCQ,40,4,25,22131,0.1843,shrink
633_nDt-MoHTzN4,0,4,17,10366,0.0104,vanish
633_nDt-MoHTzN4,1,5,17,914,0.1871,shrink
633_nDt-MoHTzN4,1,3,17,7842,0.0138,vanish
633_nDt-MoHTzN4,2,2,17,5000,0.0216,vanish
633_nDt-MoHTzN4,3,2,17,2056,0.0054,vanish
633_nDt-MoHTzN4,6,5,17,4082,0.0000,vanish
633_nDt-MoHTzN4,7,4,17,4493,0.0000,vanish
633_nDt-MoHTzN4,7,3,17,2488,0.0000,vanish
633_nDt-MoHTzN4,8,3,17,4640,0.0000,vanish
633_nDt-MoHTzN4,9,2,17,3876,0.0000,vanish
633_nDt-MoHTzN4,10,1,17,638,0.0000,vanish
633_nDt-MoHTzN4,11,5,49,19147,0.0935,vanish
633_nDt-MoHTzN4,12,5,17,1054,0.0000,vanish
633_nDt-MoHTzN4,12,5,49,18266,0.0000,vanish
633_nDt-MoHTzN4,13,4,17,1069,0.0000,vanish
633_nDt-MoHTzN4,13,4,17,1042,0.0000,vanish
633_nDt-MoHTzN4,13,4,49,15067,0.0000,vanish
633_nDt-MoHTzN4,14,3,17,1135,0.0000,vanish
633_nDt-MoHTzN4,14,3,17,3857,0.0086,vanish
633_nDt-MoHTzN4,14,3,49,10411,0.0000,vanish
633_nDt-MoHTzN4,15,2,17,5911,0.0403,vanish
633_nDt-MoHTzN4,16,1,17,521,0.0000,vanish
633_nDt-MoHTzN4,16,1,17,5733,0.0944,vanish
633_nDt-MoHTzN4,16,1,49,1823,0.0000,vanish
633_nDt-MoHTzN4,17,1,17,2591,0.0413,vanish
633_nDt-MoHTzN4,26,5,61,153983,0.0075,vanish
633_nDt-MoHTzN4,27,5,61,145856,0.0068,vanish
633_nDt-MoHTzN4,28,5,61,126925,0.0001,vanish
633_nDt-MoHTzN4,29,5,61,95493,0.0000,vanish
633_nDt-MoHTzN4,30,4,61,45850,0.0000,vanish
633_nDt-MoHTzN4,31,3,49,62003,0.0000,vanish
633_nDt-MoHTzN4,31,2,61,552,0.0000,vanish
633_nDt-MoHTzN4,31,3,61,325,0.0000,vanish
633_nDt-MoHTzN4,31,2,61,300,0.0000,vanish
633_nDt-MoHTzN4,32,2,49,31727,0.0000,vanish
633_nDt-MoHTzN4,32,1,54,502,0.0000,vanish
633_nDt-MoHTzN4,32,1,61,417,0.0000,vanish
633_nDt-MoHTzN4,32,2,61,582,0.0000,vanish
633_nDt-MoHTzN4,33,1,49,5349,0.0000,vanish
633_nDt-MoHTzN4,71,5,17,67128,0.1448,shrink
633_nDt-MoHTzN4,72,5,17,51989,0.1265,shrink
633_nDt-MoHTzN4,73,5,17,38615,0.1303,shrink
633_nDt-MoHTzN4,73,1,17,409,0.0000,vanish
633_nDt-MoHTzN4,74,5,17,26766,0.1666,shrink
633_nDt-MoHTzN4,75,5,17,18338,0.2315,shrink
633_nDt-MoHTzN4,90,5,17,7707,0.1608,shrink
633_nDt-MoHTzN4,91,5,17,6520,0.1285,shrink
633_nDt-MoHTzN4,92,5,17,5502,0.1423,shrink
633_nDt-MoHTzN4,93,5,17,4097,0.1540,shrink
633_nDt-MoHTzN4,94,5,17,2680,0.0000,vanish
633_nDt-MoHTzN4,95,4,17,1239,0.0000,vanish
633_nDt-MoHTzN4,96,3,17,838,0.0000,vanish
633_nDt-MoHTzN4,97,2,17,793,0.0000,vanish
633_nDt-MoHTzN4,98,1,17,683,0.0000,vanish
1414__1XP47lR43s,0,4,13,22620,0.0243,vanish
1414__1XP47lR43s,0,5,14,10673,0.0179,vanish
1414__1XP47lR43s,0,2,14,2697,0.0000,vanish
1414__1XP47lR43s,0,3,41,36134,0.0000,vanish
1414__1XP47lR43s,0,4,60,2247,0.0000,vanish
1414__1XP47lR43s,1,3,13,3018,0.0000,vanish
1414__1XP47lR43s,1,4,13,3627,0.0121,vanish
1414__1XP47lR43s,1,4,14,10714,0.0192,vanish
1414__1XP47lR43s,1,2,14,2171,0.0000,vanish
1414__1XP47lR43s,1,2,41,16575,0.0000,vanish
1414__1XP47lR43s,1,4,60,2044,0.0000,vanish
1414__1XP47lR43s,2,5,13,4126,0.0061,vanish
1414__1XP47lR43s,2,4,14,10110,0.0302,vanish
1414__1XP47lR43s,2,1,14,818,0.0000,vanish
1414__1XP47lR43s,2,1,41,3835,0.0000,vanish
1414__1XP47lR43s,2,4,60,2142,0.0000,vanish
1414__1XP47lR43s,2,5,61,43376,0.0111,vanish
1414__1XP47lR43s,3,5,13,4052,0.0558,vanish
1414__1XP47lR43s,3,5,14,9410,0.0425,vanish
1414__1XP47lR43s,3,4,60,2084,0.0000,vanish
1414__1XP47lR43s,3,4,61,33871,0.0000,vanish
1414__1XP47lR43s,4,4,13,3807,0.1221,shrink
1414__1XP47lR43s,4,5,14,8501,0.0306,vanish
1414__1XP47lR43s,4,3,60,1920,0.0000,vanish
1414__1XP47lR43s,4,3,61,22887,0.0000,vanish
1414__1XP47lR43s,5,1,1,1072,0.0000,vanish
1414__1XP47lR43s,5,5,13,4317,0.0929,vanish
1414__1XP47lR43s,5,5,14,8006,0.0234,vanish
1414__1XP47lR43s,5,4,60,1793,0.0000,vanish
1414__1XP47lR43s,5,2,61,7385,0.0000,vanish
1414__1XP47lR43s,5,2,61,741,0.0000,vanish
1414__1XP47lR43s,6,4,13,5061,0.1423,shrink
1414__1XP47lR43s,6,5,14,12862,0.1935,shrink
1414__1XP47lR43s,6,5,14,7249,0.0048,vanish
1414__1XP47lR43s,6,1,61,1901,0.0000,vanish
1414__1XP47lR43s,6,5,76,22138,0.0524,vanish
1414__1XP47lR43s,7,5,13,5317,0.1531,shrink
1414__1XP47lR43s,7,5,14,10611,0.0917,vanish
1414__1XP47lR43s,7,4,14,6704,0.0000,vanish
1414__1XP47lR43s,7,2,14,1196,0.0000,vanish
1414__1XP47lR43s,8,5,13,3942,0.0850,vanish
1414__1XP47lR43s,8,5,14,8883,0.0000,vanish
1414__1XP47lR43s,8,4,14,6106,0.0000,vanish
1414__1XP47lR43s,8,2,14,1272,0.0000,vanish
1414__1XP47lR43s,9,5,13,4985,0.1888,shrink
1414__1XP47lR43s,9,4,14,6754,0.0000,vanish
1414__1XP47lR43s,9,4,14,5210,0.0000,vanish
1414__1XP47lR43s,9,2,14,1231,0.0000,vanish
1414__1XP47lR43s,9,4,76,6519,0.0000,vanish
1414__1XP47lR43s,10,5,13,4244,0.1906,shrink
1414__1XP47lR43s,10,3,14,4318,0.0000,vanish
1414__1XP47lR43s,10,3,14,4160,0.0000,vanish
1414__1XP47lR43s,10,2,14,1118,0.0000,vanish
1414__1XP47lR43s,10,3,76,2445,0.0000,vanish
1414__1XP47lR43s,10,3,111,858,0.0000,vanish
1414__1XP47lR43s,11,5,13,4604,0.1388,shrink
1414__1XP47lR43s,11,5,13,415,0.0506,vanish
1414__1XP47lR43s,11,2,14,2512,0.0000,vanish
1414__1XP47lR43s,11,3,14,3191,0.0000,vanish
1414__1XP47lR43s,11,2,14,822,0.0000,vanish
1414__1XP47lR43s,11,2,76,1482,0.0000,vanish
1414__1XP47lR43s,11,2,111,1064,0.0000,vanish
1414__1XP47lR43s,12,5,13,4108,0.1005,shrink
1414__1XP47lR43s,12,5,13,338,0.0000,vanish
1414__1XP47lR43s,12,1,14,973,0.0000,vanish
1414__1XP47lR43s,12,2,14,2708,0.0000,vanish
1414__1XP47lR43s,12,1,14,418,0.0000,vanish
1414__1XP47lR43s,12,5,76,18414,0.0153,vanish
1414__1XP47lR43s,12,1,76,624,0.0000,vanish
1414__1XP47lR43s,12,3,111,4825,0.0000,vanish
1414__1XP47lR43s,12,1,111,445,0.0000,vanish
1414__1XP47lR43s,13,1,13,352,0.0000,vanish
1414__1XP47lR43s,13,5,13,6295,0.0613,vanish
1414__1XP47lR43s,13,4,13,473,0.0000,vanish
1414__1XP47lR43s,13,2,14,1874,0.0000,vanish
1414__1XP47lR43s,13,2,111,1432,0.0000,vanish
1414__1XP47lR43s,14,5,13,4914,0.0979,vanish
1414__1XP47lR43s,14,4,13,1065,0.0000,vanish
1414__1XP47lR43s,14,1,14,912,0.0000,vanish
1414__1XP47lR43s,15,4,1,3984,0.0000,vanish
1414__1XP47lR43s,15,4,13,28533,0.1853,shrink
1414__1XP47lR43s,16,2,13,1183,0.0000,vanish
1414__1XP47lR43s,16,4,13,4828,0.0787,vanish
1414__1XP47lR43s,16,5,13,957,0.0042,vanish
1414__1XP47lR43s,16,2,14,3582,0.0000,vanish
1414__1XP47lR43s,16,1,14,555,0.0000,vanish
1414__1XP47lR43s,16,4,111,575,0.0000,vanish
1414__1XP47lR43s,16,3,111,2152,0.0000,vanish
1414__1XP47lR43s,17,2,13,967,0.0000,vanish
1414__1XP47lR43s,17,3,13,4341,0.0714,vanish
1414__1XP47lR43s,17,2,14,5065,0.0000,vanish
1414__1XP47lR43s,17,5,14,1290,0.0000,vanish
1414__1XP47lR43s,18,4,13,4113,0.0564,vanish
1414__1XP47lR43s,18,5,14,4693,0.0222,vanish
1414__1XP47lR43s,18,3,14,5584,0.0000,vanish
1414__1XP47lR43s,19,4,13,4149,0.0853,vanish
1414__1XP47lR43s,19,5,14,7823,0.0000,vanish
1414__1XP47lR43s,19,3,14,5797,0.0000,vanish
1414__1XP47lR43s,19,5,61,73690,0.0940,vanish
1414__1XP47lR43s,19,2,61,370,0.0000,vanish
1414__1XP47lR43s,20,1,13,568,0.0000,vanish
1414__1XP47lR43s,20,4,13,4264,0.1030,shrink
1414__1XP47lR43s,20,5,14,12016,0.0000,vanish
1414__1XP47lR43s,20,3,14,6035,0.0000,vanish
1414__1XP47lR43s,20,4,14,5075,0.0000,vanish
1414__1XP47lR43s,20,5,61,60669,0.0000,vanish
1414__1XP47lR43s,21,4,13,4269,0.1178,shrink
1414__1XP47lR43s,21,4,14,16882,0.0000,vanish
1414__1XP47lR43s,21,3,14,6042,0.0000,vanish
1414__1XP47lR43s,21,4,61,46648,0.0000,vanish
1414__1XP47lR43s,21,2,61,3827,0.0000,vanish
1414__1XP47lR43s,22,5,13,4393,0.0936,vanish
1414__1XP47lR43s,22,3,14,24824,0.0000,vanish
1414__1XP47lR43s,22,3,14,5960,0.0000,vanish
1414__1XP47lR43s,22,3,14,6302,0.0000,vanish
1414__1XP47lR43s,22,3,61,34514,0.0000,vanish
1414__1XP47lR43s,22,2,90,349,0.0000,vanish
1414__1XP47lR43s,23,3,13,4438,0.1354,shrink
1414__1XP47lR43s,23,3,14,25830,0.0000,vanish
1414__1XP47lR43s,23,3,14,5658,0.0000,vanish
1414__1XP47lR43s,23,2,61,21751,0.0000,vanish
1414__1XP47lR43s,24,3,13,4588,0.1077,shrink
1414__1XP47lR43s,24,3,13,823,0.0243,vanish
1414__1XP47lR43s,24,2,14,22160,0.0000,vanish
1414__1XP47lR43s,24,2,14,5278,0.0000,vanish
1414__1XP47lR43s,24,1,14,315,0.0000,vanish
1414__1XP47lR43s,24,1,61,6509,0.0000,vanish
1414__1XP47lR43s,24,1,61,417,0.0000,vanish
1414__1XP47lR43s,25,2,13,5183,0.0876,vanish
1414__1XP47lR43s,25,1,14,1227,0.0000,vanish
1414__1XP47lR43s,25,1,14,351,0.0000,vanish
1414__1XP47lR43s,26,2,13,3594,0.0835,vanish
1414__1XP47lR43s,26,4,13,796,0.0000,vanish
1414__1XP47lR43s,27,5,13,3577,0.0970,vanish
1414__1XP47lR43s,28,5,13,3564,0.0614,vanish
1414__1XP47lR43s,28,3,13,909,0.0000,vanish
1414__1XP47lR43s,29,5,13,3888,0.0334,vanish
1414__1XP47lR43s,29,3,13,1027,0.0000,vanish
1414__1XP47lR43s,29,3,60,2048,0.0000,vanish
1414__1XP47lR43s,30,1,1,521,0.0000,vanish
1414__1XP47lR43s,30,4,13,16147,0.0464,vanish
1414__1XP47lR43s,30,5,13,14475,0.1471,shrink
1414__1XP47lR43s,30,2,60,1291,0.0000,vanish
1414__1XP47lR43s,31,5,13,7166,0.1535,shrink
1414__1XP47lR43s,31,4,13,1582,0.0000,vanish
1414__1XP47lR43s,31,1,60,458,0.0000,vanish
1414__1XP47lR43s,32,5,13,4714,0.0165,vanish
1414__1XP47lR43s,32,4,60,3028,0.0872,vanish
1414__1XP47lR43s,33,5,13,3489,0.0000,vanish
1414__1XP47lR43s,33,2,13,763,0.0000,vanish
1414__1XP47lR43s,33,4,60,2378,0.0357,vanish
1414__1XP47lR43s,34,5,13,3676,0.0112,vanish
1414__1XP47lR43s,34,3,60,1461,0.0000,vanish
1414__1XP47lR43s,35,5,13,3573,0.0070,vanish
1414__1XP47lR43s,35,2,60,580,0.0000,vanish
1414__1XP47lR43s,36,5,13,3391,0.0000,vanish
1414__1XP47lR43s,36,5,60,5944,0.1203,shrink
1414__1XP47lR43s,36,2,61,1192,0.0000,vanish
1414__1XP47lR43s,36,3,90,1088,0.0000,vanish
1414__1XP47lR43s,36,5,111,897,0.1204,shrink
1414__1XP47lR43s,37,5,13,3446,0.0000,vanish
1414__1XP47lR43s,37,5,60,5703,0.1015,shrink
1414__1XP47lR43s,37,1,61,583,0.0000,vanish
1414__1XP47lR43s,37,1,90,1573,0.0000,vanish
1414__1XP47lR43s,37,2,90,3529,0.0000,vanish
1414__1XP47lR43s,38,5,60,5584,0.2138,shrink
1414__1XP47lR43s,38,2,90,2541,0.0000,vanish
1414__1XP47lR43s,39,5,13,3593,0.0161,vanish
1414__1XP47lR43s,39,5,60,5283,0.2285,shrink
1414__1XP47lR43s,39,1,90,905,0.0000,vanish
1414__1XP47lR43s,40,4,13,3004,0.0000,vanish
1414__1XP47lR43s,41,3,13,2917,0.0785,vanish
1414__1XP47lR43s,42,2,13,2729,0.1499,shrink
391_kjsCYFr-aqU,0,1,1,2521,0.0000,vanish
391_kjsCYFr-aqU,1,1,14,895,0.0000,vanish
391_kjsCYFr-aqU,3,5,76,16069,0.0000,vanish
391_kjsCYFr-aqU,4,5,3,555909,0.1330,shrink
391_kjsCYFr-aqU,5,5,3,442961,0.0000,vanish
391_kjsCYFr-aqU,5,1,76,59576,0.0000,vanish
391_kjsCYFr-aqU,6,4,3,388905,0.0000,vanish
391_kjsCYFr-aqU,7,3,3,30672,0.1822,shrink
391_kjsCYFr-aqU,7,3,3,272252,0.0000,vanish
391_kjsCYFr-aqU,7,4,76,2605,0.0000,vanish
391_kjsCYFr-aqU,8,2,3,210762,0.0000,vanish
391_kjsCYFr-aqU,8,3,76,7708,0.0000,vanish
391_kjsCYFr-aqU,8,2,76,31794,0.0000,vanish
391_kjsCYFr-aqU,8,1,76,1182,0.0000,vanish
391_kjsCYFr-aqU,9,5,1,601113,0.2312,shrink
391_kjsCYFr-aqU,9,1,3,82223,0.0000,vanish
391_kjsCYFr-aqU,9,2,76,27088,0.0000,vanish
391_kjsCYFr-aqU,9,1,76,689,0.0000,vanish
391_kjsCYFr-aqU,9,1,76,4003,0.0000,vanish
391_kjsCYFr-aqU,10,5,1,491144,0.0590,vanish
391_kjsCYFr-aqU,10,1,76,44587,0.0000,vanish
391_kjsCYFr-aqU,10,2,76,2436,0.0000,vanish
391_kjsCYFr-aqU,11,5,1,433015,0.0000,vanish
391_kjsCYFr-aqU,12,4,1,316420,0.0000,vanish
391_kjsCYFr-aqU,12,3,9,48052,0.0000,vanish
391_kjsCYFr-aqU,13,3,1,258394,0.0000,vanish
391_kjsCYFr-aqU,13,2,9,73138,0.0000,vanish
391_kjsCYFr-aqU,14,2,1,143008,0.0000,vanish
391_kjsCYFr-aqU,15,1,1,28955,0.0000,vanish
391_kjsCYFr-aqU,19,1,76,20040,0.0000,vanish
391_kjsCYFr-aqU,20,4,76,1853,0.0000,vanish
391_kjsCYFr-aqU,21,3,76,4567,0.0000,vanish
391_kjsCYFr-aqU,22,5,14,73289,0.1783,shrink
391_kjsCYFr-aqU,22,5,76,26107,0.0000,vanish
391_kjsCYFr-aqU,23,5,14,67256,0.1315,shrink
391_kjsCYFr-aqU,23,4,76,35705,0.0000,vanish
391_kjsCYFr-aqU,24,5,14,58865,0.0729,vanish
391_kjsCYFr-aqU,25,5,14,45993,0.0177,vanish
391_kjsCYFr-aqU,25,3,76,757,0.0000,vanish
391_kjsCYFr-aqU,26,5,3,377857,0.2106,shrink
391_kjsCYFr-aqU,26,5,14,37184,0.0000,vanish
391_kjsCYFr-aqU,27,5,3,309748,0.0003,vanish
391_kjsCYFr-aqU,27,4,14,23131,0.0000,vanish
391_kjsCYFr-aqU,27,5,76,12312,0.0000,vanish
391_kjsCYFr-aqU,28,5,3,274987,0.0000,vanish
391_kjsCYFr-aqU,28,3,14,17350,0.0000,vanish
391_kjsCYFr-aqU,28,5,14,9446,0.0768,vanish
391_kjsCYFr-aqU,28,5,76,19046,0.0057,vanish
391_kjsCYFr-aqU,29,4,3,201808,0.0000,vanish
391_kjsCYFr-aqU,29,3,14,6792,0.0000,vanish
391_kjsCYFr-aqU,29,5,14,8150,0.0000,vanish
391_kjsCYFr-aqU,29,5,76,86490,0.0169,vanish
391_kjsCYFr-aqU,30,3,3,122685,0.0000,vanish
391_kjsCYFr-aqU,30,3,14,7224,0.0000,vanish
391_kjsCYFr-aqU,31,2,3,79593,0.0000,vanish
391_kjsCYFr-aqU,31,3,14,9257,0.0000,vanish
391_kjsCYFr-aqU,31,5,76,110144,0.0867,vanish
391_kjsCYFr-aqU,32,2,14,12236,0.0000,vanish
391_kjsCYFr-aqU,32,5,76,127209,0.1522,shrink
391_kjsCYFr-aqU,33,2,14,18737,0.0000,vanish
391_kjsCYFr-aqU,33,5,76,138795,0.1922,shrink
391_kjsCYFr-aqU,34,1,14,10520,0.0000,vanish
391_kjsCYFr-aqU,34,4,61,205642,0.0050,vanish
391_kjsCYFr-aqU,35,5,14,67442,0.2349,shrink
391_kjsCYFr-aqU,35,3,61,145290,0.0000,vanish
391_kjsCYFr-aqU,36,5,14,77058,0.1871,shrink
391_kjsCYFr-aqU,36,2,61,105558,0.0000,vanish
391_kjsCYFr-aqU,37,5,14,94469,0.1273,shrink
391_kjsCYFr-aqU,38,5,14,94543,0.1139,shrink
391_kjsCYFr-aqU,39,5,14,84115,0.1025,shrink
391_kjsCYFr-aqU,40,5,14,72765,0.0775,vanish
391_kjsCYFr-aqU,41,5,14,67086,0.0669,vanish
391_kjsCYFr-aqU,42,5,14,57016,0.0570,vanish
391_kjsCYFr-aqU,43,5,14,51749,0.0558,vanish
391_kjsCYFr-aqU,44,5,14,41371,0.0476,vanish
391_kjsCYFr-aqU,45,5,14,29303,0.0508,vanish
391_kjsCYFr-aqU,46,5,14,27268,0.0554,vanish
391_kjsCYFr-aqU,47,5,14,22930,0.0483,vanish
391_kjsCYFr-aqU,48,5,1,48990,0.2398,shrink
391_kjsCYFr-aqU,48,5,14,20964,0.0462,vanish
391_kjsCYFr-aqU,49,5,1,39520,0.1496,shrink
391_kjsCYFr-aqU,49,5,1,86913,0.1648,shrink
391_kjsCYFr-aqU,49,5,9,122517,0.1547,shrink
391_kjsCYFr-aqU,49,5,14,17826,0.0364,vanish
391_kjsCYFr-aqU,50,5,1,29970,0.0000,vanish
391_kjsCYFr-aqU,50,5,1,66990,0.0000,vanish
391_kjsCYFr-aqU,50,5,9,92824,0.0000,vanish
391_kjsCYFr-aqU,50,5,14,15467,0.0000,vanish
391_kjsCYFr-aqU,51,4,1,25345,0.0000,vanish
391_kjsCYFr-aqU,51,4,1,57697,0.0000,vanish
391_kjsCYFr-aqU,51,4,9,79047,0.0000,vanish
391_kjsCYFr-aqU,51,4,14,13323,0.0000,vanish
391_kjsCYFr-aqU,52,3,1,18423,0.0000,vanish
391_kjsCYFr-aqU,52,3,1,40675,0.0000,vanish
391_kjsCYFr-aqU,52,3,9,54203,0.0000,vanish
391_kjsCYFr-aqU,52,3,14,9498,0.0000,vanish
391_kjsCYFr-aqU,53,2,1,14892,0.0000,vanish
391_kjsCYFr-aqU,53,2,1,33164,0.0000,vanish
391_kjsCYFr-aqU,53,2,9,41620,0.0000,vanish
391_kjsCYFr-aqU,53,2,14,8003,0.0000,vanish
391_kjsCYFr-aqU,54,1,1,7078,0.0000,vanish
391_kjsCYFr-aqU,54,1,1,15794,0.0000,vanish
391_kjsCYFr-aqU,54,1,9,18956,0.0000,vanish
391_kjsCYFr-aqU,54,1,14,3920,0.0000,vanish
391_kjsCYFr-aqU,56,1,3,488,0.0000,vanish
391_kjsCYFr-aqU,58,1,14,2230,0.0000,vanish
391_kjsCYFr-aqU,63,1,14,610,0.0000,vanish
391_kjsCYFr-aqU,65,3,61,6632,0.0979,vanish
391_kjsCYFr-aqU,66,4,3,4152,0.0000,vanish
391_kjsCYFr-aqU,67,3,3,4617,0.0000,vanish
391_kjsCYFr-aqU,68,2,3,18433,0.0000,vanish
391_kjsCYFr-aqU,69,2,3,6943,0.0000,vanish
391_kjsCYFr-aqU,69,1,3,493,0.0000,vanish
391_kjsCYFr-aqU,70,1,3,1745,0.0000,vanish
391_kjsCYFr-aqU,75,1,76,352,0.0000,vanish
391_kjsCYFr-aqU,79,4,76,635,0.0000,vanish
391_kjsCYFr-aqU,98,5,76,56643,0.2152,shrink
391_kjsCYFr-aqU,99,5,76,46156,0.0759,vanish
391_kjsCYFr-aqU,100,5,76,34163,0.0044,vanish
391_kjsCYFr-aqU,101,5,76,28843,0.0000,vanish
391_kjsCYFr-aqU,102,4,76,17867,0.0000,vanish
391_kjsCYFr-aqU,103,3,76,12190,0.0000,vanish
391_kjsCYFr-aqU,104,2,76,1690,0.0000,vanish
391_kjsCYFr-aqU,104,1,76,1815,0.0000,vanish
391_kjsCYFr-aqU,112,5,76,7621,0.1177,shrink
391_kjsCYFr-aqU,113,5,76,6799,0.0306,vanish
391_kjsCYFr-aqU,114,5,76,4476,0.0000,vanish
391_kjsCYFr-aqU,115,4,76,2977,0.0000,vanish
391_kjsCYFr-aqU,116,3,76,2368,0.0000,vanish
391_kjsCYFr-aqU,117,2,76,2377,0.0000,vanish
391_kjsCYFr-aqU,117,2,76,897,0.0000,vanish
364_X9zXbEKIF08,3,2,34,6069,0.0000,vanish
364_X9zXbEKIF08,4,1,34,3999,0.0000,vanish
364_X9zXbEKIF08,9,1,67,417,0.0000,vanish
364_X9zXbEKIF08,11,3,67,5754,0.0000,vanish
364_X9zXbEKIF08,12,2,67,3479,0.0000,vanish
364_X9zXbEKIF08,13,1,67,2335,0.0000,vanish
364_X9zXbEKIF08,20,5,67,38663,0.0648,vanish
364_X9zXbEKIF08,22,4,67,21115,0.0000,vanish
364_X9zXbEKIF08,23,3,67,17881,0.0000,vanish
364_X9zXbEKIF08,24,2,67,15938,0.0000,vanish
364_X9zXbEKIF08,26,1,67,1255,0.0000,vanish
364_X9zXbEKIF08,29,5,34,29512,0.2286,shrink
364_X9zXbEKIF08,30,5,34,25817,0.1779,shrink
364_X9zXbEKIF08,31,5,34,19609,0.1345,shrink
364_X9zXbEKIF08,32,5,34,14612,0.0532,vanish
364_X9zXbEKIF08,33,5,34,11024,0.0047,vanish
364_X9zXbEKIF08,34,5,34,6745,0.0000,vanish
364_X9zXbEKIF08,35,4,34,4558,0.0000,vanish
364_X9zXbEKIF08,36,3,34,2637,0.0000,vanish
364_X9zXbEKIF08,37,2,34,777,0.0000,vanish
364_X9zXbEKIF08,57,5,67,2572,0.1341,shrink
364_X9zXbEKIF08,58,5,67,2396,0.1002,shrink
364_X9zXbEKIF08,59,5,67,2066,0.0131,vanish
364_X9zXbEKIF08,60,5,67,2329,0.0000,vanish
364_X9zXbEKIF08,61,4,67,1103,0.0000,vanish
364_X9zXbEKIF08,61,1,67,1043,0.0000,vanish
364_X9zXbEKIF08,62,3,67,312,0.0000,vanish
505_qF-Cl2BOMqs,0,5,91,502,0.1733,shrink
505_qF-Cl2BOMqs,34,5,29,1474,0.0163,vanish
505_qF-Cl2BOMqs,35,5,29,1333,0.0000,vanish
505_qF-Cl2BOMqs,36,4,29,1232,0.0000,vanish
505_qF-Cl2BOMqs,37,3,29,998,0.0000,vanish
505_qF-Cl2BOMqs,38,2,29,784,0.0000,vanish
505_qF-Cl2BOMqs,66,1,61,2502,0.0340,vanish
505_qF-Cl2BOMqs,68,5,0,542,0.0000,vanish
505_qF-Cl2BOMqs,74,1,0,708,0.0000,vanish
1824_6G4vunxpKQs,22,5,16,600,0.0000,vanish
1824_6G4vunxpKQs,30,1,29,504,0.0000,vanish
1824_6G4vunxpKQs,31,1,0,437,0.0000,vanish
109_zJqDyrZfJpI,0,5,15,8432,0.1181,shrink
109_zJqDyrZfJpI,1,5,15,7352,0.1914,shrink
109_zJqDyrZfJpI,2,5,15,7153,0.2160,shrink
109_zJqDyrZfJpI,2,5,15,112585,0.1661,shrink
109_zJqDyrZfJpI,3,5,15,92159,0.1772,shrink
109_zJqDyrZfJpI,4,5,15,16930,0.1153,shrink
109_zJqDyrZfJpI,4,5,15,50263,0.1275,shrink
109_zJqDyrZfJpI,5,5,15,14400,0.0000,vanish
109_zJqDyrZfJpI,5,5,15,44020,0.0403,vanish
109_zJqDyrZfJpI,6,4,15,9585,0.0000,vanish
109_zJqDyrZfJpI,6,5,15,26208,0.0000,vanish
109_zJqDyrZfJpI,7,3,15,5745,0.0000,vanish
109_zJqDyrZfJpI,7,4,15,12955,0.0000,vanish
109_zJqDyrZfJpI,8,2,15,4276,0.0000,vanish
109_zJqDyrZfJpI,8,3,15,11986,0.0000,vanish
109_zJqDyrZfJpI,9,1,15,1952,0.0000,vanish
109_zJqDyrZfJpI,9,2,15,5737,0.0000,vanish
109_zJqDyrZfJpI,9,2,15,661,0.0000,vanish
109_zJqDyrZfJpI,10,1,15,1557,0.0000,vanish
109_zJqDyrZfJpI,14,5,67,2846,0.0021,vanish
109_zJqDyrZfJpI,15,5,67,2986,0.0000,vanish
109_zJqDyrZfJpI,16,4,67,2156,0.0000,vanish
109_zJqDyrZfJpI,17,3,67,1711,0.0000,vanish
109_zJqDyrZfJpI,18,2,67,1003,0.0000,vanish
109_zJqDyrZfJpI,19,5,15,7234,0.0000,vanish
109_zJqDyrZfJpI,19,5,30,13926,0.0242,vanish
109_zJqDyrZfJpI,20,4,15,7223,0.0000,vanish
109_zJqDyrZfJpI,20,5,29,27644,0.0222,vanish
109_zJqDyrZfJpI,20,5,30,13756,0.0000,vanish
109_zJqDyrZfJpI,20,5,67,27798,0.0454,vanish
109_zJqDyrZfJpI,21,3,15,7167,0.0000,vanish
109_zJqDyrZfJpI,21,5,24,32156,0.2100,shrink
109_zJqDyrZfJpI,21,5,29,25997,0.0000,vanish
109_zJqDyrZfJpI,21,4,30,11726,0.0000,vanish
109_zJqDyrZfJpI,21,5,67,27415,0.0000,vanish
109_zJqDyrZfJpI,22,3,15,7343,0.0000,vanish
109_zJqDyrZfJpI,22,5,24,31910,0.0810,vanish
109_zJqDyrZfJpI,22,4,29,20986,0.0000,vanish
109_zJqDyrZfJpI,22,3,30,8266,0.0000,vanish
109_zJqDyrZfJpI,22,5,67,25664,0.0000,vanish
109_zJqDyrZfJpI,23,2,15,7100,0.0000,vanish
109_zJqDyrZfJpI,23,5,24,31254,0.0452,vanish
109_zJqDyrZfJpI,23,3,29,17827,0.0000,vanish
109_zJqDyrZfJpI,23,2,30,6603,0.0000,vanish
109_zJqDyrZfJpI,23,4,67,26010,0.0000,vanish
109_zJqDyrZfJpI,24,1,15,6856,0.0000,vanish
109_zJqDyrZfJpI,24,5,24,30540,0.0591,vanish
109_zJqDyrZfJpI,24,2,29,9802,0.0000,vanish
109_zJqDyrZfJpI,24,1,30,1038,0.0000,vanish
109_zJqDyrZfJpI,24,1,30,337,0.0000,vanish
109_zJqDyrZfJpI,24,3,67,24278,0.0000,vanish
109_zJqDyrZfJpI,25,3,15,470,0.0000,vanish
109_zJqDyrZfJpI,25,3,15,10167,0.0000,vanish
109_zJqDyrZfJpI,25,2,15,6897,0.0000,vanish
109_zJqDyrZfJpI,25,5,24,21033,0.0760,vanish
109_zJqDyrZfJpI,25,1,29,612,0.0000,vanish
109_zJqDyrZfJpI,25,2,67,14527,0.0000,vanish
109_zJqDyrZfJpI,25,2,67,4157,0.0000,vanish
109_zJqDyrZfJpI,26,2,15,7973,0.0000,vanish
109_zJqDyrZfJpI,26,2,15,11780,0.0000,vanish
109_zJqDyrZfJpI,26,5,24,14043,0.0000,vanish
109_zJqDyrZfJpI,26,1,67,9147,0.0000,vanish
109_zJqDyrZfJpI,27,2,15,6447,0.0000,vanish
109_zJqDyrZfJpI,27,1,15,3241,0.0000,vanish
109_zJqDyrZfJpI,27,4,24,4883,0.0000,vanish
109_zJqDyrZfJpI,28,1,15,305,0.0000,vanish
109_zJqDyrZfJpI,28,3,24,2588,0.0000,vanish
109_zJqDyrZfJpI,29,2,24,2142,0.0000,vanish
109_zJqDyrZfJpI,30,1,24,1598,0.0000,vanish
109_zJqDyrZfJpI,31,2,49,569,0.0000,vanish
109_zJqDyrZfJpI,32,1,49,829,0.0000,vanish
109_zJqDyrZfJpI,33,3,67,782,0.0000,vanish
109_zJqDyrZfJpI,34,3,67,1665,0.0000,vanish
109_zJqDyrZfJpI,35,2,67,1712,0.0000,vanish
109_zJqDyrZfJpI,36,1,67,459,0.0000,vanish
109_zJqDyrZfJpI,40,2,15,3944,0.0000,vanish
109_zJqDyrZfJpI,40,1,37,3994,0.0000,vanish
109_zJqDyrZfJpI,41,1,15,1943,0.0000,vanish
109_zJqDyrZfJpI,42,1,24,648,0.0000,vanish
109_zJqDyrZfJpI,44,5,15,1001,0.0000,vanish
109_zJqDyrZfJpI,44,2,15,435,0.0000,vanish
109_zJqDyrZfJpI,45,4,15,8817,0.0000,vanish
109_zJqDyrZfJpI,45,1,15,1071,0.0000,vanish
109_zJqDyrZfJpI,46,4,15,8378,0.0000,vanish
109_zJqDyrZfJpI,46,5,15,13347,0.0000,vanish
109_zJqDyrZfJpI,47,5,15,8105,0.0000,vanish
109_zJqDyrZfJpI,47,5,15,9759,0.0000,vanish
109_zJqDyrZfJpI,47,5,67,3450,0.1180,shrink
109_zJqDyrZfJpI,48,5,15,7267,0.0028,vanish
109_zJqDyrZfJpI,49,5,15,6901,0.1261,shrink
109_zJqDyrZfJpI,50,5,15,6847,0.0475,vanish
109_zJqDyrZfJpI,51,5,15,6930,0.1199,shrink
109_zJqDyrZfJpI,52,5,15,6816,0.1382,shrink
109_zJqDyrZfJpI,53,5,15,7208,0.2339,shrink
109_zJqDyrZfJpI,57,5,30,3068,0.1874,shrink
109_zJqDyrZfJpI,58,5,30,3131,0.1367,shrink
109_zJqDyrZfJpI,59,4,30,3025,0.1617,shrink
109_zJqDyrZfJpI,60,3,30,3350,0.2075,shrink
109_zJqDyrZfJpI,65,5,67,3834,0.0962,vanish
109_zJqDyrZfJpI,66,5,67,3168,0.0139,vanish
109_zJqDyrZfJpI,67,5,67,2986,0.0000,vanish
109_zJqDyrZfJpI,68,5,67,2874,0.0000,vanish
109_zJqDyrZfJpI,69,4,67,1765,0.0000,vanish
109_zJqDyrZfJpI,70,3,67,406,0.0000,vanish
109_zJqDyrZfJpI,71,5,15,369,0.0190,vanish
109_zJqDyrZfJpI,71,2,67,321,0.0000,vanish
109_zJqDyrZfJpI,73,4,15,434,0.0000,vanish
109_zJqDyrZfJpI,74,3,15,455,0.0000,vanish
109_zJqDyrZfJpI,75,2,15,610,0.0000,vanish
109_zJqDyrZfJpI,88,4,15,323,0.0000,vanish
109_zJqDyrZfJpI,89,3,15,335,0.0000,vanish
109_zJqDyrZfJpI,90,4,15,6787,0.2098,shrink
109_zJqDyrZfJpI,90,2,15,667,0.0000,vanish
109_zJqDyrZfJpI,91,3,15,6976,0.2031,shrink
109_zJqDyrZfJpI,93,5,15,6986,0.0345,vanish
109_zJqDyrZfJpI,93,5,30,7331,0.1295,shrink
109_zJqDyrZfJpI,94,5,15,6762,0.0000,vanish
109_zJqDyrZfJpI,94,5,29,20629,0.1051,shrink
109_zJqDyrZfJpI,94,5,30,8528,0.0369,vanish
109_zJqDyrZfJpI,95,4,15,7140,0.0000,vanish
109_zJqDyrZfJpI,95,5,29,16797,0.0516,vanish
109_zJqDyrZfJpI,95,5,30,8213,0.0075,vanish
109_zJqDyrZfJpI,96,4,15,6951,0.0134,vanish
109_zJqDyrZfJpI,96,5,29,11795,0.0604,vanish
109_zJqDyrZfJpI,96,5,30,6455,0.0122,vanish
109_zJqDyrZfJpI,97,4,15,7254,0.2101,shrink
109_zJqDyrZfJpI,97,4,29,7795,0.0913,vanish
109_zJqDyrZfJpI,97,4,30,1916,0.1451,shrink
109_zJqDyrZfJpI,97,4,30,824,0.0000,vanish
109_zJqDyrZfJpI,98,3,29,5506,0.1293,shrink
109_zJqDyrZfJpI,98,3,30,615,0.0000,vanish
109_zJqDyrZfJpI,100,5,15,6924,0.1808,shrink
109_zJqDyrZfJpI,101,5,15,7091,0.1328,shrink
109_zJqDyrZfJpI,101,5,30,572,0.2395,shrink
361_DClvvVQxCa4,0,5,3,4482,0.0000,vanish
361_DClvvVQxCa4,0,5,60,611,0.1620,shrink
361_DClvvVQxCa4,0,4,90,2221,0.0000,vanish
361_DClvvVQxCa4,0,3,90,986,0.0274,vanish
361_DClvvVQxCa4,0,5,91,26993,0.2237,shrink
361_DClvvVQxCa4,1,5,3,6446,0.0000,vanish
361_DClvvVQxCa4,1,5,60,342,0.1637,shrink
361_DClvvVQxCa4,1,2,90,403,0.0000,vanish
361_DClvvVQxCa4,1,3,90,1601,0.0000,vanish
361_DClvvVQxCa4,1,5,91,26058,0.2203,shrink
361_DClvvVQxCa4,1,3,115,616,0.0000,vanish
361_DClvvVQxCa4,2,5,3,8271,0.0000,vanish
361_DClvvVQxCa4,2,5,60,390,0.2256,shrink
361_DClvvVQxCa4,2,2,90,997,0.0000,vanish
361_DClvvVQxCa4,2,5,91,24899,0.2134,shrink
361_DClvvVQxCa4,2,2,115,695,0.1022,shrink
361_DClvvVQxCa4,3,3,2,536,0.0000,vanish
361_DClvvVQxCa4,3,5,60,517,0.2379,shrink
361_DClvvVQxCa4,3,5,91,23520,0.2224,shrink
361_DClvvVQxCa4,3,4,115,1419,0.2396,shrink
361_DClvvVQxCa4,4,5,60,594,0.2003,shrink
361_DClvvVQxCa4,4,5,91,19310,0.2172,shrink
361_DClvvVQxCa4,5,5,60,636,0.1226,shrink
361_DClvvVQxCa4,5,5,90,1597,0.1353,shrink
361_DClvvVQxCa4,5,5,90,4052,0.2493,shrink
361_DClvvVQxCa4,5,5,91,13775,0.1840,shrink
361_DClvvVQxCa4,5,5,115,417,0.0000,vanish
361_DClvvVQxCa4,6,5,60,669,0.1629,shrink
361_DClvvVQxCa4,6,5,90,2527,0.0641,vanish
361_DClvvVQxCa4,6,5,90,3121,0.2182,shrink
361_DClvvVQxCa4,6,5,91,10451,0.0248,vanish
361_DClvvVQxCa4,6,5,91,5118,0.2321,shrink
361_DClvvVQxCa4,7,5,60,1409,0.2385,shrink
361_DClvvVQxCa4,7,5,60,680,0.1353,shrink
361_DClvvVQxCa4,7,5,90,3266,0.1151,shrink
361_DClvvVQxCa4,7,5,90,2387,0.0281,vanish
361_DClvvVQxCa4,7,4,91,8507,0.0092,vanish
361_DClvvVQxCa4,7,5,91,4829,0.1907,shrink
361_DClvvVQxCa4,8,5,60,1493,0.2177,shrink
361_DClvvVQxCa4,8,5,60,700,0.1343,shrink
361_DClvvVQxCa4,8,4,90,3150,0.1787,shrink
361_DClvvVQxCa4,8,5,90,2055,0.0000,vanish
361_DClvvVQxCa4,8,5,90,1952,0.0000,vanish
361_DClvvVQxCa4,8,3,91,1360,0.0000,vanish
361_DClvvVQxCa4,8,4,91,6640,0.0069,vanish
361_DClvvVQxCa4,8,5,91,4608,0.1706,shrink
361_DClvvVQxCa4,8,2,115,500,0.0000,vanish
361_DClvvVQxCa4,9,5,60,1502,0.1911,shrink
361_DClvvVQxCa4,9,5,60,766,0.0979,vanish
361_DClvvVQxCa4,9,4,90,4081,0.0000,vanish
361_DClvvVQxCa4,9,4,90,1567,0.0000,vanish
361_DClvvVQxCa4,9,2,91,870,0.0000,vanish
361_DClvvVQxCa4,9,3,91,4194,0.0000,vanish
361_DClvvVQxCa4,9,5,91,4510,0.1506,shrink
361_DClvvVQxCa4,10,5,60,1693,0.1536,shrink
361_DClvvVQxCa4,10,5,60,1038,0.1387,shrink
361_DClvvVQxCa4,10,2,90,1238,0.0000,vanish
361_DClvvVQxCa4,10,4,90,5946,0.0000,vanish
361_DClvvVQxCa4,10,3,90,1088,0.0000,vanish
361_DClvvVQxCa4,10,1,91,363,0.0000,vanish
361_DClvvVQxCa4,10,2,91,2478,0.0000,vanish
361_DClvvVQxCa4,10,5,91,4391,0.1241,shrink
361_DClvvVQxCa4,11,5,60,1887,0.1659,shrink
361_DClvvVQxCa4,11,5,60,1295,0.0803,vanish
361_DClvvVQxCa4,11,5,90,7120,0.0881,vanish
361_DClvvVQxCa4,11,5,90,7702,0.0000,vanish
361_DClvvVQxCa4,11,2,90,725,0.0000,vanish
361_DClvvVQxCa4,11,5,91,4215,0.1125,shrink
361_DClvvVQxCa4,12,5,2,343,0.0875,vanish
361_DClvvVQxCa4,12,5,60,2072,0.2476,shrink
361_DClvvVQxCa4,12,5,60,1389,0.0958,vanish
361_DClvvVQxCa4,12,5,90,5548,0.0000,vanish
361_DClvvVQxCa4,12,5,91,4048,0.0988,vanish
361_DClvvVQxCa4,13,4,2,440,0.1091,shrink
361_DClvvVQxCa4,13,5,60,2259,0.2262,shrink
361_DClvvVQxCa4,13,5,60,1476,0.1064,shrink
361_DClvvVQxCa4,13,5,90,2084,0.1977,shrink
361_DClvvVQxCa4,13,4,90,4208,0.0000,vanish
361_DClvvVQxCa4,13,3,91,1258,0.0000,vanish
361_DClvvVQxCa4,13,5,91,3971,0.0874,vanish
361_DClvvVQxCa4,14,5,2,746,0.0885,vanish
361_DClvvVQxCa4,14,5,60,1610,0.0944,vanish
361_DClvvVQxCa4,14,5,90,3547,0.1926,shrink
361_DClvvVQxCa4,14,3,90,2241,0.0000,vanish
361_DClvvVQxCa4,14,1,91,302,0.0000,vanish
361_DClvvVQxCa4,14,5,91,3818,0.0762,vanish
361_DClvvVQxCa4,15,5,60,2178,0.0317,vanish
361_DClvvVQxCa4,15,5,60,821,0.0000,vanish
361_DClvvVQxCa4,15,5,90,4964,0.1593,shrink
361_DClvvVQxCa4,15,2,90,1551,0.0000,vanish
361_DClvvVQxCa4,15,5,91,4258,0.0904,vanish
361_DClvvVQxCa4,16,4,2,1062,0.0028,vanish
361_DClvvVQxCa4,16,5,60,1860,0.1113,shrink
361_DClvvVQxCa4,16,5,60,620,0.0048,vanish
361_DClvvVQxCa4,16,5,90,5946,0.1357,shrink
361_DClvvVQxCa4,16,1,90,689,0.0000,vanish
361_DClvvVQxCa4,16,5,91,3442,0.0572,vanish
361_DClvvVQxCa4,17,5,60,1830,0.1350,shrink
361_DClvvVQxCa4,17,5,60,694,0.0202,vanish
361_DClvvVQxCa4,17,5,90,5468,0.1476,shrink
361_DClvvVQxCa4,17,5,91,2934,0.0528,vanish
361_DClvvVQxCa4,18,4,2,411,0.0000,vanish
361_DClvvVQxCa4,18,5,60,1855,0.1633,shrink
361_DClvvVQxCa4,18,5,60,714,0.0406,vanish
361_DClvvVQxCa4,18,5,91,2801,0.0271,vanish
361_DClvvVQxCa4,19,5,60,1882,0.1605,shrink
361_DClvvVQxCa4,19,5,60,729,0.0261,vanish
361_DClvvVQxCa4,19,5,91,2569,0.0261,vanish
361_DClvvVQxCa4,20,5,60,1987,0.1817,shrink
361_DClvvVQxCa4,20,5,60,816,0.0466,vanish
361_DClvvVQxCa4,20,5,91,2441,0.0348,vanish
361_DClvvVQxCa4,21,5,60,2170,0.1977,shrink
361_DClvvVQxCa4,21,5,60,863,0.0603,vanish
361_DClvvVQxCa4,21,5,91,2000,0.0160,vanish
361_DClvvVQxCa4,21,5,115,25294,0.1662,shrink
361_DClvvVQxCa4,21,5,115,5588,0.2203,shrink
361_DClvvVQxCa4,22,5,60,2180,0.1872,shrink
361_DClvvVQxCa4,22,5,60,919,0.0794,vanish
361_DClvvVQxCa4,22,5,91,1670,0.0000,vanish
361_DClvvVQxCa4,22,5,115,21241,0.0136,vanish
361_DClvvVQxCa4,23,5,60,2171,0.2174,shrink
361_DClvvVQxCa4,23,5,60,955,0.0974,vanish
361_DClvvVQxCa4,23,4,91,969,0.0000,vanish
361_DClvvVQxCa4,23,5,115,16882,0.0000,vanish
361_DClvvVQxCa4,24,5,60,2337,0.2409,shrink
361_DClvvVQxCa4,24,5,60,985,0.1249,shrink
361_DClvvVQxCa4,24,5,90,2599,0.0477,vanish
361_DClvvVQxCa4,24,3,91,950,0.0000,vanish
361_DClvvVQxCa4,24,4,115,12479,0.0000,vanish
361_DClvvVQxCa4,24,5,115,15215,0.2210,shrink
361_DClvvVQxCa4,25,5,60,2531,0.2122,shrink
361_DClvvVQxCa4,25,5,60,1044,0.0498,vanish
361_DClvvVQxCa4,25,5,90,2000,0.0000,vanish
361_DClvvVQxCa4,25,2,91,1926,0.0000,vanish
361_DClvvVQxCa4,25,3,115,8674,0.0000,vanish
361_DClvvVQxCa4,25,5,115,12866,0.0989,vanish
361_DClvvVQxCa4,26,5,60,2609,0.2488,shrink
361_DClvvVQxCa4,26,5,60,1062,0.1121,shrink
361_DClvvVQxCa4,26,4,90,1644,0.0000,vanish
361_DClvvVQxCa4,26,5,91,22023,0.2477,shrink
361_DClvvVQxCa4,26,1,91,1627,0.0000,vanish
361_DClvvVQxCa4,26,2,115,4237,0.0000,vanish
361_DClvvVQxCa4,26,5,115,10391,0.0000,vanish
361_DClvvVQxCa4,27,5,60,1078,0.1187,shrink
361_DClvvVQxCa4,27,3,90,1068,0.0000,vanish
361_DClvvVQxCa4,27,5,91,21976,0.1928,shrink
361_DClvvVQxCa4,27,1,115,349,0.0000,vanish
361_DClvvVQxCa4,27,4,115,7972,0.0000,vanish
361_DClvvVQxCa4,28,5,60,1158,0.1718,shrink
361_DClvvVQxCa4,28,2,90,646,0.0000,vanish
361_DClvvVQxCa4,28,5,91,21131,0.1678,shrink
361_DClvvVQxCa4,28,1,91,359,0.0000,vanish
361_DClvvVQxCa4,28,3,115,5499,0.0000,vanish
361_DClvvVQxCa4,29,5,60,1193,0.1945,shrink
361_DClvvVQxCa4,29,1,91,479,0.0188,vanish
361_DClvvVQxCa4,29,5,91,19832,0.1475,shrink
361_DClvvVQxCa4,29,2,115,3431,0.0000,vanish
361_DClvvVQxCa4,30,5,60,1050,0.1800,shrink
361_DClvvVQxCa4,30,5,91,18727,0.1450,shrink
361_DClvvVQxCa4,30,1,115,1272,0.0000,vanish
361_DClvvVQxCa4,31,5,60,1239,0.2349,shrink
361_DClvvVQxCa4,31,5,91,16079,0.0764,vanish
361_DClvvVQxCa4,32,5,91,12113,0.0033,vanish
361_DClvvVQxCa4,33,5,91,9106,0.0000,vanish
361_DClvvVQxCa4,34,4,91,5741,0.0000,vanish
361_DClvvVQxCa4,35,2,91,434,0.0000,vanish
361_DClvvVQxCa4,35,3,91,2649,0.0000,vanish
361_DClvvVQxCa4,36,2,91,1009,0.0000,vanish
1096_atkIaj9LDYg,0,4,12,103766,0.0000,vanish
1096_atkIaj9LDYg,0,1,22,432,0.0000,vanish
1096_atkIaj9LDYg,0,5,49,5178,0.0000,vanish
1096_atkIaj9LDYg,1,4,49,4430,0.0000,vanish
1096_atkIaj9LDYg,2,5,22,754,0.0040,vanish
1096_atkIaj9LDYg,2,3,49,3670,0.0000,vanish
1096_atkIaj9LDYg,3,5,22,2154,0.0000,vanish
1096_atkIaj9LDYg,3,2,49,3060,0.0000,vanish
1096_atkIaj9LDYg,4,5,22,3893,0.0000,vanish
1096_atkIaj9LDYg,4,1,49,1941,0.0000,vanish
1096_atkIaj9LDYg,5,4,22,6541,0.0428,vanish
1096_atkIaj9LDYg,5,1,22,372,0.0000,vanish
1096_atkIaj9LDYg,6,5,8,68522,0.1889,shrink
1096_atkIaj9LDYg,6,1,12,2056,0.0000,vanish
1096_atkIaj9LDYg,6,5,22,8258,0.0750,vanish
1096_atkIaj9LDYg,7,5,8,56880,0.0000,vanish
1096_atkIaj9LDYg,8,4,8,46614,0.0000,vanish
1096_atkIaj9LDYg,9,3,8,41203,0.0000,vanish
1096_atkIaj9LDYg,10,2,8,32398,0.0000,vanish
1096_atkIaj9LDYg,10,5,29,633,0.0000,vanish
1096_atkIaj9LDYg,11,1,8,15803,0.0000,vanish
1096_atkIaj9LDYg,11,4,29,875,0.0000,vanish
1096_atkIaj9LDYg,12,5,8,30458,0.1677,shrink
1096_atkIaj9LDYg,12,5,29,25961,0.1735,shrink
1096_atkIaj9LDYg,12,3,29,992,0.0000,vanish
1096_atkIaj9LDYg,13,5,8,26706,0.0895,vanish
1096_atkIaj9LDYg,13,5,22,9215,0.0000,vanish
1096_atkIaj9LDYg,13,5,29,25440,0.1087,shrink
1096_atkIaj9LDYg,13,2,29,721,0.0000,vanish
1096_atkIaj9LDYg,14,1,8,449,0.0000,vanish
1096_atkIaj9LDYg,14,4,8,19967,0.1297,shrink
1096_atkIaj9LDYg,14,4,22,12485,0.0000,vanish
1096_atkIaj9LDYg,14,5,29,24693,0.1073,shrink
1096_atkIaj9LDYg,14,1,29,399,0.0000,vanish
1096_atkIaj9LDYg,14,5,67,27115,0.1996,shrink
1096_atkIaj9LDYg,15,5,8,18064,0.1843,shrink
1096_atkIaj9LDYg,15,3,22,14198,0.0000,vanish
1096_atkIaj9LDYg,15,5,29,18015,0.0000,vanish
1096_atkIaj9LDYg,15,5,49,36923,0.0506,vanish
1096_atkIaj9LDYg,15,5,67,27139,0.1022,shrink
1096_atkIaj9LDYg,16,4,8,17163,0.2229,shrink
1096_atkIaj9LDYg,16,2,22,10180,0.0000,vanish
1096_atkIaj9LDYg,16,4,29,8912,0.0000,vanish
1096_atkIaj9LDYg,16,5,49,35265,0.1694,shrink
1096_atkIaj9LDYg,16,5,67,30044,0.1951,shrink
1096_atkIaj9LDYg,17,3,8,13387,0.1392,shrink
1096_atkIaj9LDYg,17,2,22,10253,0.0003,vanish
1096_atkIaj9LDYg,17,3,29,2964,0.0000,vanish
1096_atkIaj9LDYg,17,1,29,1570,0.0000,vanish
1096_atkIaj9LDYg,18,3,8,7580,0.0770,vanish
1096_atkIaj9LDYg,18,2,29,2928,0.0000,vanish
1096_atkIaj9LDYg,19,1,29,2649,0.0000,vanish
1096_atkIaj9LDYg,21,5,8,21628,0.0001,vanish
1096_atkIaj9LDYg,22,4,8,27939,0.0001,vanish
1096_atkIaj9LDYg,23,3,8,32980,0.0001,vanish
1096_atkIaj9LDYg,23,5,49,35379,0.0000,vanish
1096_atkIaj9LDYg,24,2,8,29711,0.0001,vanish
1096_atkIaj9LDYg,24,3,29,2965,0.2182,shrink
1096_atkIaj9LDYg,24,4,49,106670,0.0000,vanish
1096_atkIaj9LDYg,25,1,2,727,0.0000,vanish
1096_atkIaj9LDYg,25,1,4,21534,0.0000,vanish
1096_atkIaj9LDYg,25,1,8,12552,0.0031,vanish
1096_atkIaj9LDYg,25,3,29,2671,0.1924,shrink
1096_atkIaj9LDYg,25,3,49,86915,0.0000,vanish
1096_atkIaj9LDYg,25,3,49,1348,0.0000,vanish
1096_atkIaj9LDYg,26,3,22,9652,0.0000,vanish
1096_atkIaj9LDYg,26,2,29,1870,0.1358,shrink
1096_atkIaj9LDYg,26,2,49,138888,0.0000,vanish
1096_atkIaj9LDYg,27,2,22,4244,0.0000,vanish
1096_atkIaj9LDYg,27,1,29,1253,0.0000,vanish
1096_atkIaj9LDYg,27,1,49,98979,0.0000,vanish
1096_atkIaj9LDYg,28,1,22,1304,0.0000,vanish
1096_atkIaj9LDYg,31,5,29,526,0.0000,vanish
1096_atkIaj9LDYg,32,4,29,751,0.0000,vanish
1096_atkIaj9LDYg,33,3,29,572,0.0000,vanish
1096_atkIaj9LDYg,34,2,29,787,0.0000,vanish
1096_atkIaj9LDYg,34,2,61,10797,0.0000,vanish
1096_atkIaj9LDYg,34,3,61,26663,0.0000,vanish
1096_atkIaj9LDYg,34,2,80,15770,0.0000,vanish
1096_atkIaj9LDYg,35,1,29,413,0.0000,vanish
1096_atkIaj9LDYg,35,3,61,27808,0.0000,vanish
1096_atkIaj9LDYg,35,1,80,4398,0.0000,vanish
1096_atkIaj9LDYg,36,2,61,7979,0.0000,vanish
1096_atkIaj9LDYg,37,1,61,5112,0.0000,vanish
1096_atkIaj9LDYg,38,1,61,1413,0.0000,vanish
957_R59oUSJUNX8,5,5,67,4551,0.0000,vanish
957_R59oUSJUNX8,7,2,16,615,0.0000,vanish
957_R59oUSJUNX8,8,3,85,620,0.0000,vanish
957_R59oUSJUNX8,9,2,85,1625,0.0000,vanish
957_R59oUSJUNX8,12,2,29,376,0.0027,vanish
957_R59oUSJUNX8,13,1,29,519,0.0000,vanish
957_R59oUSJUNX8,14,1,29,413,0.0000,vanish
957_R59oUSJUNX8,14,2,29,713,0.0000,vanish
957_R59oUSJUNX8,15,1,29,587,0.0000,vanish
957_R59oUSJUNX8,15,2,29,1048,0.0000,vanish
957_R59oUSJUNX8,15,1,29,1262,0.2092,shrink
957_R59oUSJUNX8,15,1,29,1273,0.0000,vanish
957_R59oUSJUNX8,15,1,29,1217,0.0000,vanish
957_R59oUSJUNX8,16,2,29,602,0.0897,vanish
957_R59oUSJUNX8,24,5,67,1329,0.0226,vanish
957_R59oUSJUNX8,29,5,29,25781,0.2383,shrink
957_R59oUSJUNX8,29,2,67,1400,0.0000,vanish
957_R59oUSJUNX8,30,5,29,22357,0.0878,vanish
957_R59oUSJUNX8,30,2,67,3204,0.0000,vanish
957_R59oUSJUNX8,31,5,29,17863,0.0057,vanish
957_R59oUSJUNX8,32,4,29,13336,0.0000,vanish
957_R59oUSJUNX8,33,2,16,10094,0.0000,vanish
957_R59oUSJUNX8,33,4,23,637,0.0000,vanish
957_R59oUSJUNX8,33,3,29,10187,0.0000,vanish
957_R59oUSJUNX8,34,1,16,769,0.0000,vanish
957_R59oUSJUNX8,34,4,23,2511,0.0000,vanish
957_R59oUSJUNX8,34,2,29,6143,0.0000,vanish
957_R59oUSJUNX8,34,1,67,3255,0.0000,vanish
957_R59oUSJUNX8,35,4,23,6184,0.0000,vanish
957_R59oUSJUNX8,35,1,29,1962,0.0000,vanish
957_R59oUSJUNX8,36,4,23,15048,0.0000,vanish
957_R59oUSJUNX8,37,1,29,3013,0.0534,vanish
957_R59oUSJUNX8,37,5,29,51049,0.2353,shrink
957_R59oUSJUNX8,37,3,61,2146,0.0000,vanish
957_R59oUSJUNX8,38,1,29,3014,0.0534,vanish
957_R59oUSJUNX8,38,5,29,47486,0.2427,shrink
957_R59oUSJUNX8,38,3,61,10994,0.0000,vanish
957_R59oUSJUNX8,39,1,29,2726,0.0341,vanish
957_R59oUSJUNX8,39,4,61,18662,0.0000,vanish
957_R59oUSJUNX8,45,1,16,2324,0.0000,vanish
957_R59oUSJUNX8,45,3,29,5875,0.2376,shrink
957_R59oUSJUNX8,45,1,29,3478,0.1443,shrink
957_R59oUSJUNX8,46,2,29,4395,0.0189,vanish
957_R59oUSJUNX8,46,1,29,3990,0.2083,shrink
957_R59oUSJUNX8,47,1,29,2383,0.0000,vanish
957_R59oUSJUNX8,47,1,61,2987,0.0000,vanish
957_R59oUSJUNX8,48,2,67,12585,0.0000,vanish
957_R59oUSJUNX8,49,1,67,1814,0.0000,vanish
957_R59oUSJUNX8,54,4,29,84546,0.2311,shrink
957_R59oUSJUNX8,55,3,29,73741,0.1050,shrink
957_R59oUSJUNX8,56,2,29,54301,0.0667,vanish
957_R59oUSJUNX8,57,1,16,1829,0.0000,vanish
957_R59oUSJUNX8,57,1,29,28718,0.0449,vanish
957_R59oUSJUNX8,57,3,61,23065,0.0000,vanish
957_R59oUSJUNX8,57,1,85,4376,0.0000,vanish
957_R59oUSJUNX8,58,1,29,1176,0.0000,vanish
957_R59oUSJUNX8,58,5,61,99426,0.0000,vanish
957_R59oUSJUNX8,59,4,61,252118,0.0000,vanish
957_R59oUSJUNX8,60,4,61,289763,0.0000,vanish
957_R59oUSJUNX8,60,1,67,2236,0.0000,vanish
957_R59oUSJUNX8,60,1,67,755,0.0000,vanish
957_R59oUSJUNX8,61,1,23,11564,0.0000,vanish
957_R59oUSJUNX8,61,4,61,334441,0.0000,vanish
957_R59oUSJUNX8,62,4,61,342594,0.0000,vanish
957_R59oUSJUNX8,62,4,67,171148,0.2205,shrink
957_R59oUSJUNX8,63,1,16,36185,0.0000,vanish
957_R59oUSJUNX8,63,5,61,352916,0.0000,vanish
957_R59oUSJUNX8,63,4,67,134082,0.1250,shrink
957_R59oUSJUNX8,63,1,85,8576,0.0000,vanish
957_R59oUSJUNX8,64,2,16,332170,0.1830,shrink
957_R59oUSJUNX8,64,1,16,46550,0.0000,vanish
957_R59oUSJUNX8,64,5,61,379426,0.0000,vanish
957_R59oUSJUNX8,64,3,67,96619,0.0678,vanish
957_R59oUSJUNX8,64,1,85,6584,0.0000,vanish
957_R59oUSJUNX8,65,2,16,143448,0.0213,vanish
957_R59oUSJUNX8,65,1,16,54956,0.0000,vanish
957_R59oUSJUNX8,65,5,61,428456,0.0097,vanish
957_R59oUSJUNX8,65,3,67,58840,0.0246,vanish
957_R59oUSJUNX8,65,1,85,4799,0.0000,vanish
957_R59oUSJUNX8,66,1,16,1803,0.0000,vanish
957_R59oUSJUNX8,66,1,16,47618,0.0000,vanish
957_R59oUSJUNX8,66,4,23,1528,0.0000,vanish
957_R59oUSJUNX8,66,5,61,444779,0.0755,vanish
957_R59oUSJUNX8,66,1,67,15915,0.0000,vanish
957_R59oUSJUNX8,67,5,61,323041,0.0263,vanish
957_R59oUSJUNX8,68,3,23,1697,0.0000,vanish
957_R59oUSJUNX8,68,5,61,100334,0.0000,vanish
957_R59oUSJUNX8,68,1,61,700,0.0000,vanish
957_R59oUSJUNX8,69,2,23,4431,0.0000,vanish
957_R59oUSJUNX8,69,4,61,74303,0.0000,vanish
957_R59oUSJUNX8,70,3,61,64768,0.0000,vanish
957_R59oUSJUNX8,70,1,67,8995,0.0436,vanish
957_R59oUSJUNX8,71,2,61,48676,0.0000,vanish
957_R59oUSJUNX8,72,2,23,3188,0.0000,vanish
957_R59oUSJUNX8,72,1,61,8493,0.0000,vanish
957_R59oUSJUNX8,78,5,67,958,0.0000,vanish
957_R59oUSJUNX8,82,5,16,997,0.0722,vanish
957_R59oUSJUNX8,89,5,23,5456,0.1475,shrink
957_R59oUSJUNX8,91,5,23,5950,0.1205,shrink
957_R59oUSJUNX8,92,5,23,5431,0.1077,shrink
957_R59oUSJUNX8,95,4,16,318,0.2013,shrink
957_R59oUSJUNX8,95,5,23,6085,0.0910,vanish
957_R59oUSJUNX8,96,3,16,584,0.1387,shrink
957_R59oUSJUNX8,96,5,23,6314,0.1449,shrink
957_R59oUSJUNX8,97,3,16,1159,0.1855,shrink
957_R59oUSJUNX8,97,5,23,6212,0.1962,shrink
957_R59oUSJUNX8,98,4,16,904,0.1007,shrink
957_R59oUSJUNX8,98,5,23,6155,0.2310,shrink
957_R59oUSJUNX8,99,3,16,510,0.1412,shrink
957_R59oUSJUNX8,100,2,16,880,0.2170,shrink
957_R59oUSJUNX8,101,5,16,549,0.0000,vanish
957_R59oUSJUNX8,101,5,23,1329,0.0000,vanish
957_R59oUSJUNX8,102,4,16,548,0.0000,vanish
957_R59oUSJUNX8,103,3,16,449,0.0000,vanish
957_R59oUSJUNX8,104,2,16,830,0.0000,vanish
957_R59oUSJUNX8,105,1,23,614,0.0668,vanish
957_R59oUSJUNX8,115,5,23,4076,0.1663,shrink
957_R59oUSJUNX8,121,5,23,5994,0.1803,shrink
957_R59oUSJUNX8,122,5,23,6950,0.0000,vanish
957_R59oUSJUNX8,123,4,23,7609,0.0000,vanish
957_R59oUSJUNX8,124,4,23,8001,0.0000,vanish
957_R59oUSJUNX8,125,3,23,8544,0.0000,vanish
957_R59oUSJUNX8,126,3,23,8511,0.0000,vanish
957_R59oUSJUNX8,126,4,61,62737,0.1098,shrink
957_R59oUSJUNX8,127,3,16,57332,0.1491,shrink
957_R59oUSJUNX8,127,3,23,8511,0.0000,vanish
957_R59oUSJUNX8,128,4,23,7752,0.0000,vanish
957_R59oUSJUNX8,128,5,61,255441,0.1876,shrink
957_R59oUSJUNX8,128,5,67,1787,0.0000,vanish
957_R59oUSJUNX8,129,4,23,7282,0.0683,vanish
957_R59oUSJUNX8,129,5,61,312565,0.0333,vanish
957_R59oUSJUNX8,129,5,67,3375,0.0000,vanish
957_R59oUSJUNX8,130,5,61,297798,0.0230,vanish
957_R59oUSJUNX8,130,5,67,3218,0.0920,vanish
957_R59oUSJUNX8,131,4,61,272823,0.1173,shrink
957_R59oUSJUNX8,132,1,85,3388,0.0000,vanish
957_R59oUSJUNX8,133,1,85,698,0.0000,vanish
1107_YXyd44eY_VY,0,4,15,6553,0.0000,vanish
1107_YXyd44eY_VY,0,5,16,68405,0.0084,vanish
1107_YXyd44eY_VY,0,4,66,142622,0.0314,vanish
1107_YXyd44eY_VY,0,4,67,96562,0.0624,vanish
1107_YXyd44eY_VY,0,5,69,334156,0.1686,shrink
1107_YXyd44eY_VY,0,5,69,105200,0.0428,vanish
1107_YXyd44eY_VY,1,5,15,15356,0.0000,vanish
1107_YXyd44eY_VY,1,5,16,76519,0.0311,vanish
1107_YXyd44eY_VY,1,4,66,130335,0.0070,vanish
1107_YXyd44eY_VY,1,3,67,111925,0.1398,shrink
1107_YXyd44eY_VY,1,5,69,264445,0.1342,shrink
1107_YXyd44eY_VY,1,5,69,117672,0.0396,vanish
1107_YXyd44eY_VY,2,5,16,85320,0.0000,vanish
1107_YXyd44eY_VY,2,3,66,99571,0.0000,vanish
1107_YXyd44eY_VY,2,5,67,118799,0.0957,vanish
1107_YXyd44eY_VY,2,5,69,195264,0.0392,vanish
1107_YXyd44eY_VY,3,4,16,96498,0.0032,vanish
1107_YXyd44eY_VY,3,3,29,7356,0.0000,vanish
1107_YXyd44eY_VY,3,4,38,187400,0.2209,shrink
1107_YXyd44eY_VY,3,2,66,41904,0.0000,vanish
1107_YXyd44eY_VY,3,4,69,124472,0.0000,vanish
1107_YXyd44eY_VY,3,2,77,8225,0.0000,vanish
1107_YXyd44eY_VY,4,5,15,397492,0.2443,shrink
1107_YXyd44eY_VY,4,3,16,98884,0.0470,vanish
1107_YXyd44eY_VY,4,2,29,6097,0.0000,vanish
1107_YXyd44eY_VY,4,4,38,160949,0.2271,shrink
1107_YXyd44eY_VY,4,1,66,4749,0.0000,vanish
1107_YXyd44eY_VY,4,4,69,107409,0.0000,vanish
1107_YXyd44eY_VY,5,5,15,397850,0.2376,shrink
1107_YXyd44eY_VY,5,2,16,74812,0.2423,shrink
1107_YXyd44eY_VY,5,1,29,1257,0.0000,vanish
1107_YXyd44eY_VY,5,3,38,130759,0.2443,shrink
1107_YXyd44eY_VY,5,3,61,54722,0.0000,vanish
1107_YXyd44eY_VY,5,2,69,56246,0.0000,vanish
1107_YXyd44eY_VY,6,4,15,211651,0.0017,vanish
1107_YXyd44eY_VY,6,4,16,64248,0.1720,shrink
1107_YXyd44eY_VY,6,3,61,123843,0.0000,vanish
1107_YXyd44eY_VY,6,3,66,120483,0.0000,vanish
1107_YXyd44eY_VY,6,1,69,30415,0.0000,vanish
1107_YXyd44eY_VY,7,5,15,329561,0.1612,shrink
1107_YXyd44eY_VY,7,2,15,3540,0.0000,vanish
1107_YXyd44eY_VY,7,3,16,41448,0.1287,shrink
1107_YXyd44eY_VY,7,1,38,40383,0.1830,shrink
1107_YXyd44eY_VY,7,5,61,165469,0.0000,vanish
1107_YXyd44eY_VY,7,3,66,134525,0.0000,vanish
1107_YXyd44eY_VY,7,1,69,7648,0.0000,vanish
1107_YXyd44eY_VY,8,4,15,208960,0.0248,vanish
1107_YXyd44eY_VY,8,5,15,53817,0.0004,vanish
1107_YXyd44eY_VY,8,5,15,15470,0.0185,vanish
1107_YXyd44eY_VY,8,5,15,8462,0.0815,vanish
1107_YXyd44eY_VY,8,5,16,39166,0.2111,shrink
1107_YXyd44eY_VY,8,5,38,72929,0.2374,shrink
1107_YXyd44eY_VY,8,3,66,138039,0.0000,vanish
1107_YXyd44eY_VY,8,3,69,10989,0.0000,vanish
1107_YXyd44eY_VY,9,5,15,177214,0.0069,vanish
1107_YXyd44eY_VY,9,5,15,88630,0.0476,vanish
1107_YXyd44eY_VY,9,5,15,5769,0.0922,vanish
1107_YXyd44eY_VY,9,5,16,31410,0.1870,shrink
1107_YXyd44eY_VY,9,2,66,53093,0.0000,vanish
1107_YXyd44eY_VY,9,4,69,24291,0.0000,vanish
1107_YXyd44eY_VY,10,4,15,146504,0.0459,vanish
1107_YXyd44eY_VY,10,4,15,94993,0.1142,shrink
1107_YXyd44eY_VY,10,3,16,30262,0.0489,vanish
1107_YXyd44eY_VY,10,1,66,771,0.0000,vanish
1107_YXyd44eY_VY,10,3,69,31636,0.0449,vanish
1107_YXyd44eY_VY,11,3,15,98931,0.0757,vanish
1107_YXyd44eY_VY,11,2,16,25952,0.1444,shrink
1107_YXyd44eY_VY,12,2,15,46556,0.1608,shrink
1107_YXyd44eY_VY,12,1,66,795,0.0000,vanish
1107_YXyd44eY_VY,13,5,15,11479,0.0000,vanish
1107_YXyd44eY_VY,13,5,16,15272,0.0000,vanish
1107_YXyd44eY_VY,14,4,15,7488,0.0000,vanish
1107_YXyd44eY_VY,14,4,16,10955,0.0000,vanish
1107_YXyd44eY_VY,14,1,38,476,0.0000,vanish
1107_YXyd44eY_VY,15,4,15,11041,0.0000,vanish
1107_YXyd44eY_VY,15,4,16,10312,0.0000,vanish
1107_YXyd44eY_VY,16,3,15,11910,0.0035,vanish
1107_YXyd44eY_VY,16,3,16,12707,0.0000,vanish
1107_YXyd44eY_VY,17,5,16,13838,0.0443,vanish
1107_YXyd44eY_VY,22,5,16,15300,0.1711,shrink
1107_YXyd44eY_VY,26,5,16,16368,0.2358,shrink
1107_YXyd44eY_VY,27,5,15,29548,0.0676,vanish
1107_YXyd44eY_VY,27,5,16,16143,0.0759,vanish
1107_YXyd44eY_VY,28,5,15,30418,0.0000,vanish
1107_YXyd44eY_VY,28,5,16,15776,0.0000,vanish
1107_YXyd44eY_VY,28,5,69,123544,0.1170,shrink
1107_YXyd44eY_VY,29,4,15,29746,0.0000,vanish
1107_YXyd44eY_VY,29,5,69,117256,0.0000,vanish
1107_YXyd44eY_VY,30,3,15,27771,0.0000,vanish
1107_YXyd44eY_VY,31,2,15,16966,0.0000,vanish
1107_YXyd44eY_VY,31,1,29,4009,0.0000,vanish
1107_YXyd44eY_VY,37,5,69,47211,0.0000,vanish
1107_YXyd44eY_VY,38,4,69,48228,0.0003,vanish
1107_YXyd44eY_VY,39,5,29,224245,0.2180,shrink
1107_YXyd44eY_VY,39,5,67,108890,0.1678,shrink
1107_YXyd44eY_VY,39,3,69,50125,0.0000,vanish
1107_YXyd44eY_VY,40,5,29,200999,0.2125,shrink
1107_YXyd44eY_VY,40,3,69,52696,0.0000,vanish
1107_YXyd44eY_VY,41,4,69,55637,0.0000,vanish
1107_YXyd44eY_VY,42,5,69,53686,0.0748,vanish
1107_YXyd44eY_VY,43,4,29,4058,0.0000,vanish
1107_YXyd44eY_VY,44,3,29,1197,0.0000,vanish
1107_YXyd44eY_VY,45,2,29,812,0.0000,vanish
1107_YXyd44eY_VY,46,5,15,2231,0.1385,shrink
1107_YXyd44eY_VY,47,5,15,1725,0.0794,vanish
1107_YXyd44eY_VY,48,5,15,1291,0.0000,vanish
1107_YXyd44eY_VY,49,4,15,1294,0.0000,vanish
1107_YXyd44eY_VY,50,3,15,1051,0.0000,vanish
1107_YXyd44eY_VY,50,5,29,2033,0.1038,shrink
1107_YXyd44eY_VY,51,2,15,309,0.0000,vanish
1107_YXyd44eY_VY,51,5,29,1897,0.1344,shrink
1107_YXyd44eY_VY,52,5,29,1550,0.2277,shrink
1107_YXyd44eY_VY,52,2,29,696,0.0000,vanish
1107_YXyd44eY_VY,53,5,15,772,0.0194,vanish
1107_YXyd44eY_VY,53,1,29,826,0.0000,vanish
1107_YXyd44eY_VY,54,5,15,719,0.0014,vanish
1107_YXyd44eY_VY,56,5,15,3624,0.2114,shrink
1107_YXyd44eY_VY,61,5,29,34429,0.1950,shrink
1107_YXyd44eY_VY,62,5,15,13530,0.0000,vanish
1107_YXyd44eY_VY,62,5,16,11026,0.0000,vanish
1107_YXyd44eY_VY,62,4,29,27164,0.2373,shrink
1107_YXyd44eY_VY,62,5,38,20433,0.0650,vanish
1107_YXyd44eY_VY,62,5,67,7718,0.0000,vanish
1107_YXyd44eY_VY,62,5,69,45413,0.0000,vanish
1107_YXyd44eY_VY,63,4,15,13360,0.0000,vanish
1107_YXyd44eY_VY,63,4,16,11192,0.0000,vanish
1107_YXyd44eY_VY,63,5,38,20725,0.0000,vanish
1107_YXyd44eY_VY,63,5,67,107529,0.1954,shrink
1107_YXyd44eY_VY,63,4,67,9384,0.0000,vanish
1107_YXyd44eY_VY,63,4,69,45108,0.0000,vanish
1107_YXyd44eY_VY,64,3,15,12126,0.0000,vanish
1107_YXyd44eY_VY,64,3,16,11845,0.0000,vanish
1107_YXyd44eY_VY,64,4,38,22076,0.0000,vanish
1107_YXyd44eY_VY,64,5,67,108824,0.0936,vanish
1107_YXyd44eY_VY,64,3,67,9400,0.0000,vanish
1107_YXyd44eY_VY,64,3,69,43088,0.0000,vanish
1107_YXyd44eY_VY,65,5,15,259478,0.2286,shrink
1107_YXyd44eY_VY,65,2,15,8700,0.0000,vanish
1107_YXyd44eY_VY,65,2,16,10926,0.0000,vanish
1107_YXyd44eY_VY,65,4,38,23360,0.0000,vanish
1107_YXyd44eY_VY,65,5,67,98739,0.0411,vanish
1107_YXyd44eY_VY,65,2,67,9902,0.0000,vanish
1107_YXyd44eY_VY,65,2,69,40823,0.0000,vanish
1107_YXyd44eY_VY,66,5,15,212809,0.1992,shrink
1107_YXyd44eY_VY,66,1,15,4025,0.0000,vanish
1107_YXyd44eY_VY,66,2,16,10600,0.0000,vanish
1107_YXyd44eY_VY,66,5,38,164352,0.2402,shrink
1107_YXyd44eY_VY,66,4,38,25443,0.0000,vanish
1107_YXyd44eY_VY,66,5,67,102445,0.0289,vanish
1107_YXyd44eY_VY,66,1,67,10373,0.0000,vanish
1107_YXyd44eY_VY,66,2,69,46628,0.0000,vanish
1107_YXyd44eY_VY,67,5,15,116622,0.2371,shrink
1107_YXyd44eY_VY,67,2,16,11437,0.0000,vanish
1107_YXyd44eY_VY,67,5,38,28847,0.0000,vanish
1107_YXyd44eY_VY,67,5,67,110593,0.0967,vanish
1107_YXyd44eY_VY,67,2,67,11009,0.0000,vanish
1107_YXyd44eY_VY,67,3,69,50510,0.0000,vanish
1107_YXyd44eY_VY,68,5,15,99326,0.2025,shrink
1107_YXyd44eY_VY,68,3,16,10759,0.0000,vanish
1107_YXyd44eY_VY,68,5,38,31755,0.1038,shrink
1107_YXyd44eY_VY,68,5,67,113579,0.1463,shrink
1107_YXyd44eY_VY,68,3,67,11191,0.0000,vanish
1107_YXyd44eY_VY,68,3,69,50267,0.0000,vanish
1107_YXyd44eY_VY,69,5,15,84473,0.2426,shrink
1107_YXyd44eY_VY,69,3,16,11431,0.0000,vanish
1107_YXyd44eY_VY,69,2,67,10508,0.0000,vanish
1107_YXyd44eY_VY,69,3,69,51693,0.0000,vanish
1107_YXyd44eY_VY,70,3,16,11199,0.0000,vanish
1107_YXyd44eY_VY,70,3,67,10522,0.0000,vanish
1107_YXyd44eY_VY,70,5,69,52415,0.0000,vanish
1107_YXyd44eY_VY,71,3,16,10745,0.1458,shrink
1107_YXyd44eY_VY,71,3,67,10067,0.0938,vanish
1107_YXyd44eY_VY,71,4,69,53549,0.1224,shrink
1107_YXyd44eY_VY,72,5,16,10325,0.2305,shrink
1107_YXyd44eY_VY,72,5,38,34279,0.1750,shrink
1107_YXyd44eY_VY,72,5,67,9589,0.1974,shrink
1107_YXyd44eY_VY,73,1,15,1396,0.0000,vanish
1107_YXyd44eY_VY,73,5,16,9884,0.0374,vanish
1107_YXyd44eY_VY,73,5,29,60839,0.1062,shrink
1107_YXyd44eY_VY,73,5,38,32724,0.0354,vanish
1107_YXyd44eY_VY,73,5,67,8427,0.0000,vanish
1107_YXyd44eY_VY,74,5,16,8638,0.0000,vanish
1107_YXyd44eY_VY,74,5,29,54189,0.0000,vanish
1107_YXyd44eY_VY,74,5,38,28533,0.0000,vanish
1107_YXyd44eY_VY,74,5,67,7765,0.0000,vanish
1107_YXyd44eY_VY,75,2,15,3651,0.0000,vanish
1107_YXyd44eY_VY,75,4,16,5739,0.0000,vanish
1107_YXyd44eY_VY,75,4,29,48437,0.0000,vanish
1107_YXyd44eY_VY,75,4,38,22821,0.0000,vanish
1107_YXyd44eY_VY,75,4,67,7012,0.0000,vanish
1107_YXyd44eY_VY,75,5,69,47495,0.2483,shrink
1107_YXyd44eY_VY,76,3,16,5275,0.0000,vanish
1107_YXyd44eY_VY,76,3,29,38925,0.0000,vanish
1107_YXyd44eY_VY,76,3,38,14615,0.0000,vanish
1107_YXyd44eY_VY,76,3,67,5035,0.0000,vanish
1107_YXyd44eY_VY,77,2,16,3008,0.0000,vanish
1107_YXyd44eY_VY,77,2,29,19596,0.0000,vanish
1107_YXyd44eY_VY,77,2,38,6525,0.0000,vanish
1107_YXyd44eY_VY,77,2,67,2149,0.0000,vanish
1107_YXyd44eY_VY,78,1,16,1676,0.0000,vanish
1107_YXyd44eY_VY,78,1,29,6850,0.0000,vanish
1107_YXyd44eY_VY,78,1,38,1847,0.0000,vanish
1107_YXyd44eY_VY,78,1,67,506,0.0000,vanish
1107_YXyd44eY_VY,80,5,69,65089,0.1497,shrink
1107_YXyd44eY_VY,81,5,69,65524,0.1074,shrink
1107_YXyd44eY_VY,82,4,69,65942,0.1160,shrink
1107_YXyd44eY_VY,83,5,69,63248,0.1282,shrink
1107_YXyd44eY_VY,84,3,16,2113,0.0000,vanish
1107_YXyd44eY_VY,84,3,29,5420,0.0000,vanish
1107_YXyd44eY_VY,84,3,38,1589,0.0000,vanish
1107_YXyd44eY_VY,84,5,69,56337,0.2023,shrink
1107_YXyd44eY_VY,85,2,16,5092,0.0000,vanish
1107_YXyd44eY_VY,85,2,29,25397,0.0000,vanish
1107_YXyd44eY_VY,85,2,38,5025,0.0000,vanish
1107_YXyd44eY_VY,85,2,67,2037,0.0000,vanish
1107_YXyd44eY_VY,86,1,16,3528,0.0000,vanish
1107_YXyd44eY_VY,86,1,29,15510,0.0000,vanish
1107_YXyd44eY_VY,86,1,38,2312,0.0000,vanish
1107_YXyd44eY_VY,86,1,67,448,0.0000,vanish
1107_YXyd44eY_VY,88,5,16,1836,0.0000,vanish
1107_YXyd44eY_VY,88,5,38,2107,0.2321,shrink
1107_YXyd44eY_VY,88,5,67,1832,0.0104,vanish
1107_YXyd44eY_VY,89,5,15,8855,0.0192,vanish
1107_YXyd44eY_VY,89,5,16,2734,0.0560,vanish
1107_YXyd44eY_VY,89,5,67,3742,0.1788,shrink
1107_YXyd44eY_VY,90,5,15,9378,0.0705,vanish
1107_YXyd44eY_VY,91,5,15,7648,0.0639,vanish
1107_YXyd44eY_VY,92,5,15,6352,0.0356,vanish
1107_YXyd44eY_VY,93,5,15,6698,0.0157,vanish
1107_YXyd44eY_VY,94,3,15,1321,0.0000,vanish
1107_YXyd44eY_VY,95,5,15,5376,0.0000,vanish
1107_YXyd44eY_VY,95,4,69,481,0.0000,vanish
1107_YXyd44eY_VY,96,4,15,4375,0.0000,vanish
1107_YXyd44eY_VY,97,3,15,471,0.0000,vanish
1107_YXyd44eY_VY,99,1,15,2221,0.0000,vanish
2194_---rrlgSY48,13,5,31,14026,0.1401,shrink
2194_---rrlgSY48,14,5,31,13878,0.1448,shrink
2194_---rrlgSY48,14,5,31,9737,0.1738,shrink
2194_---rrlgSY48,15,5,31,14226,0.2274,shrink
2194_---rrlgSY48,15,5,31,8827,0.1720,shrink
2194_---rrlgSY48,16,5,31,13079,0.2492,shrink
2194_---rrlgSY48,16,5,31,7488,0.1191,shrink
2194_---rrlgSY48,17,5,31,3398,0.0909,vanish
2194_---rrlgSY48,18,5,31,3287,0.0155,vanish
2194_---rrlgSY48,19,5,31,1692,0.0000,vanish
2194_---rrlgSY48,20,4,31,1518,0.0000,vanish
2194_---rrlgSY48,21,3,31,892,0.0000,vanish
2194_---rrlgSY48,22,2,31,309,0.0000,vanish
2199_0GweagQWpAY,6,5,67,473,0.2220,shrink
2199_0GweagQWpAY,7,5,67,418,0.1411,shrink
2199_0GweagQWpAY,8,4,67,337,0.1751,shrink
2199_0GweagQWpAY,14,5,15,502,0.0000,vanish
2199_0GweagQWpAY,15,4,15,500,0.0000,vanish
2199_0GweagQWpAY,16,3,15,453,0.0000,vanish
2199_0GweagQWpAY,17,2,15,351,0.0000,vanish
2199_0GweagQWpAY,18,3,5,321,0.0280,vanish
2199_0GweagQWpAY,29,4,5,9068,0.2461,shrink
2199_0GweagQWpAY,30,1,23,365,0.0000,vanish
2199_0GweagQWpAY,36,5,81,2703,0.0000,vanish
2199_0GweagQWpAY,36,5,81,1400,0.0000,vanish
2199_0GweagQWpAY,37,4,81,1758,0.0023,vanish
2199_0GweagQWpAY,37,4,81,2605,0.0000,vanish
2199_0GweagQWpAY,38,3,81,1961,0.0046,vanish
2199_0GweagQWpAY,38,3,81,2386,0.0000,vanish
2199_0GweagQWpAY,39,2,81,2732,0.0154,vanish
2199_0GweagQWpAY,39,2,81,2260,0.0000,vanish
2199_0GweagQWpAY,40,1,81,2901,0.0121,vanish
2199_0GweagQWpAY,40,1,81,1796,0.0000,vanish
2202_1GDAnA4hAqQ,5,5,15,1402,0.1961,shrink
2202_1GDAnA4hAqQ,9,5,15,1800,0.1639,shrink
2202_1GDAnA4hAqQ,10,5,15,2267,0.0251,vanish
2202_1GDAnA4hAqQ,11,4,15,2719,0.0750,vanish
2202_1GDAnA4hAqQ,12,5,15,2481,0.0673,vanish
2202_1GDAnA4hAqQ,14,5,15,2715,0.1013,shrink
2202_1GDAnA4hAqQ,16,5,15,4846,0.1713,shrink
2202_1GDAnA4hAqQ,17,5,15,4149,0.0410,vanish
2202_1GDAnA4hAqQ,20,2,67,1270,0.0000,vanish
2202_1GDAnA4hAqQ,21,1,67,543,0.0000,vanish
2202_1GDAnA4hAqQ,22,5,15,25038,0.2014,shrink
2202_1GDAnA4hAqQ,23,5,15,1073,0.0233,vanish
2202_1GDAnA4hAqQ,24,4,15,379,0.0000,vanish
2202_1GDAnA4hAqQ,25,5,15,454,0.0000,vanish
2202_1GDAnA4hAqQ,26,4,15,1646,0.1531,shrink
2202_1GDAnA4hAqQ,26,4,15,15680,0.0982,vanish
2202_1GDAnA4hAqQ,27,5,15,1931,0.1585,shrink
2202_1GDAnA4hAqQ,31,5,15,11936,0.2337,shrink
2202_1GDAnA4hAqQ,34,5,15,12347,0.2224,shrink
2202_1GDAnA4hAqQ,35,5,15,14089,0.1151,shrink
2202_1GDAnA4hAqQ,36,5,15,14995,0.0353,vanish
2202_1GDAnA4hAqQ,37,5,15,12645,0.0004,vanish
2202_1GDAnA4hAqQ,38,3,15,337,0.0000,vanish
2202_1GDAnA4hAqQ,38,5,23,5689,0.0689,vanish
2202_1GDAnA4hAqQ,39,2,15,725,0.0000,vanish
2202_1GDAnA4hAqQ,39,5,23,5357,0.0000,vanish
2202_1GDAnA4hAqQ,40,1,15,516,0.0000,vanish
2202_1GDAnA4hAqQ,40,4,23,4043,0.0000,vanish
2202_1GDAnA4hAqQ,42,2,23,1523,0.0000,vanish
2202_1GDAnA4hAqQ,43,1,23,478,0.0000,vanish
2202_1GDAnA4hAqQ,47,5,15,3017,0.1439,shrink
2202_1GDAnA4hAqQ,48,4,15,2559,0.1696,shrink
2202_1GDAnA4hAqQ,49,5,15,2220,0.1910,shrink
2202_1GDAnA4hAqQ,50,5,15,1512,0.1396,shrink
2202_1GDAnA4hAqQ,51,5,15,1024,0.0625,vanish
2202_1GDAnA4hAqQ,52,5,15,434,0.0000,vanish
2202_1GDAnA4hAqQ,53,4,15,509,0.0000,vanish
2202_1GDAnA4hAqQ,54,3,15,424,0.0000,vanish
2205_1eo2-7k_Wds,0,5,53,8494,0.1304,shrink
2205_1eo2-7k_Wds,0,5,61,3681,0.0000,vanish
2205_1eo2-7k_Wds,0,5,67,672,0.0551,vanish
2205_1eo2-7k_Wds,1,4,53,6154,0.1040,shrink
2205_1eo2-7k_Wds,1,4,61,2567,0.0000,vanish
2205_1eo2-7k_Wds,1,5,67,8596,0.0000,vanish
2205_1eo2-7k_Wds,2,3,53,5988,0.0843,vanish
2205_1eo2-7k_Wds,2,3,61,602,0.0000,vanish
2205_1eo2-7k_Wds,2,5,67,16640,0.0168,vanish
2205_1eo2-7k_Wds,3,2,53,3572,0.0552,vanish
2205_1eo2-7k_Wds,3,4,67,15914,0.0099,vanish
2205_1eo2-7k_Wds,4,1,13,9139,0.0000,vanish
2205_1eo2-7k_Wds,4,5,53,2528,0.0044,vanish
2205_1eo2-7k_Wds,4,3,67,16800,0.0169,vanish
2205_1eo2-7k_Wds,5,1,13,9331,0.0048,vanish
2205_1eo2-7k_Wds,5,2,67,15644,0.0187,vanish
2205_1eo2-7k_Wds,6,2,13,13732,0.0756,vanish
2205_1eo2-7k_Wds,6,1,53,2323,0.0000,vanish
2205_1eo2-7k_Wds,6,2,67,14160,0.0850,vanish
2205_1eo2-7k_Wds,7,5,13,13355,0.0665,vanish
2205_1eo2-7k_Wds,7,3,53,1697,0.0000,vanish
2205_1eo2-7k_Wds,8,5,8,20876,0.1695,shrink
2205_1eo2-7k_Wds,8,1,13,15961,0.1358,shrink
2205_1eo2-7k_Wds,9,5,8,19718,0.0149,vanish
2205_1eo2-7k_Wds,9,1,13,11944,0.0000,vanish
2205_1eo2-7k_Wds,9,1,19,567,0.0000,vanish
2205_1eo2-7k_Wds,10,5,8,18590,0.1352,shrink
2205_1eo2-7k_Wds,10,1,13,12487,0.0000,vanish
2205_1eo2-7k_Wds,11,3,8,15665,0.0000,vanish
2205_1eo2-7k_Wds,11,1,13,13103,0.0000,vanish
2205_1eo2-7k_Wds,12,3,8,12978,0.0000,vanish
2205_1eo2-7k_Wds,12,1,13,13288,0.0000,vanish
2205_1eo2-7k_Wds,12,2,53,1815,0.0000,vanish
2205_1eo2-7k_Wds,13,3,8,10967,0.0326,vanish
2205_1eo2-7k_Wds,13,1,13,12758,0.0000,vanish
2205_1eo2-7k_Wds,13,5,16,5847,0.0000,vanish
2205_1eo2-7k_Wds,14,5,8,9018,0.0000,vanish
2205_1eo2-7k_Wds,14,1,13,12273,0.0000,vanish
2205_1eo2-7k_Wds,14,4,16,5967,0.0332,vanish
2205_1eo2-7k_Wds,15,4,8,7605,0.0000,vanish
2205_1eo2-7k_Wds,15,3,8,2621,0.0004,vanish
2205_1eo2-7k_Wds,15,3,16,5329,0.0278,vanish
2205_1eo2-7k_Wds,16,1,8,7027,0.0000,vanish
2205_1eo2-7k_Wds,16,5,8,3107,0.0000,vanish
2205_1eo2-7k_Wds,16,1,13,3488,0.0000,vanish
2205_1eo2-7k_Wds,16,5,16,4227,0.0000,vanish
2205_1eo2-7k_Wds,17,4,8,6436,0.0000,vanish
2205_1eo2-7k_Wds,17,5,8,2567,0.0000,vanish
2205_1eo2-7k_Wds,17,2,13,3661,0.0000,vanish
2205_1eo2-7k_Wds,17,4,16,2284,0.0000,vanish
2205_1eo2-7k_Wds,18,1,8,5764,0.0000,vanish
2205_1eo2-7k_Wds,18,3,8,2018,0.0000,vanish
2205_1eo2-7k_Wds,18,1,13,3180,0.0000,vanish
2205_1eo2-7k_Wds,18,1,16,1521,0.0000,vanish
2205_1eo2-7k_Wds,18,5,67,39924,0.1838,shrink
2205_1eo2-7k_Wds,19,4,8,5278,0.0027,vanish
2205_1eo2-7k_Wds,19,3,8,1443,0.0000,vanish
2205_1eo2-7k_Wds,19,1,13,2880,0.0000,vanish
2205_1eo2-7k_Wds,20,3,8,4090,0.0484,vanish
2205_1eo2-7k_Wds,20,2,8,1060,0.0000,vanish
2205_1eo2-7k_Wds,20,5,13,3263,0.0420,vanish
2205_1eo2-7k_Wds,20,2,16,943,0.0000,vanish
2205_1eo2-7k_Wds,21,5,8,3513,0.0823,vanish
2205_1eo2-7k_Wds,21,5,13,3449,0.0168,vanish
2205_1eo2-7k_Wds,21,5,61,33051,0.1543,shrink
2205_1eo2-7k_Wds,22,4,8,3508,0.0000,vanish
2205_1eo2-7k_Wds,22,5,13,3620,0.0000,vanish
2205_1eo2-7k_Wds,22,5,61,29963,0.1003,shrink
2205_1eo2-7k_Wds,23,5,61,23772,0.0000,vanish
2205_1eo2-7k_Wds,24,4,61,14581,0.0000,vanish
2205_1eo2-7k_Wds,25,3,61,8233,0.0000,vanish
2205_1eo2-7k_Wds,26,2,49,4614,0.1634,shrink
2205_1eo2-7k_Wds,26,2,61,5108,0.0000,vanish
2205_1eo2-7k_Wds,27,1,61,3004,0.0000,vanish
2205_1eo2-7k_Wds,33,5,16,5321,0.0000,vanish
2205_1eo2-7k_Wds,33,5,49,5275,0.2114,shrink
2205_1eo2-7k_Wds,33,5,67,7760,0.2322,shrink
2205_1eo2-7k_Wds,34,4,16,6336,0.0000,vanish
2205_1eo2-7k_Wds,34,5,49,5754,0.0000,vanish
2205_1eo2-7k_Wds,34,5,67,34815,0.0884,vanish
2205_1eo2-7k_Wds,34,5,67,7163,0.0000,vanish
2205_1eo2-7k_Wds,35,4,16,8217,0.0000,vanish
2205_1eo2-7k_Wds,35,4,49,5681,0.0000,vanish
2205_1eo2-7k_Wds,35,5,67,36546,0.0847,vanish
2205_1eo2-7k_Wds,35,4,67,7073,0.0379,vanish
2205_1eo2-7k_Wds,36,3,16,10809,0.0000,vanish
2205_1eo2-7k_Wds,36,5,49,4963,0.0000,vanish
2205_1eo2-7k_Wds,36,4,67,38743,0.1177,shrink
2205_1eo2-7k_Wds,36,5,67,6084,0.1397,shrink
2205_1eo2-7k_Wds,37,3,16,12351,0.0000,vanish
2205_1eo2-7k_Wds,37,5,49,5355,0.0000,vanish
2205_1eo2-7k_Wds,37,4,67,6228,0.1810,shrink
2205_1eo2-7k_Wds,38,5,16,14733,0.0028,vanish
2205_1eo2-7k_Wds,38,5,49,5011,0.0000,vanish
2205_1eo2-7k_Wds,39,5,8,2129,0.0000,vanish
2205_1eo2-7k_Wds,39,4,49,3568,0.0000,vanish
2205_1eo2-7k_Wds,40,3,8,2931,0.0000,vanish
2205_1eo2-7k_Wds,40,3,49,3073,0.0000,vanish
2205_1eo2-7k_Wds,40,4,67,2772,0.0462,vanish
2205_1eo2-7k_Wds,41,3,8,3726,0.0000,vanish
2205_1eo2-7k_Wds,41,2,13,1666,0.0000,vanish
2205_1eo2-7k_Wds,41,5,16,3488,0.0204,vanish
2205_1eo2-7k_Wds,41,2,49,1852,0.0000,vanish
2205_1eo2-7k_Wds,42,1,8,9665,0.0000,vanish
2205_1eo2-7k_Wds,42,3,8,5228,0.0000,vanish
2205_1eo2-7k_Wds,42,1,13,933,0.0000,vanish
2205_1eo2-7k_Wds,42,5,16,6025,0.1497,shrink
2205_1eo2-7k_Wds,43,4,8,8857,0.0000,vanish
2205_1eo2-7k_Wds,43,3,8,5878,0.0000,vanish
2205_1eo2-7k_Wds,43,4,16,19664,0.0000,vanish
2205_1eo2-7k_Wds,44,1,8,8449,0.0000,vanish
2205_1eo2-7k_Wds,44,4,8,6296,0.0025,vanish
2205_1eo2-7k_Wds,44,1,13,590,0.0000,vanish
2205_1eo2-7k_Wds,44,3,16,20683,0.0000,vanish
2205_1eo2-7k_Wds,45,2,8,8147,0.0000,vanish
2205_1eo2-7k_Wds,45,2,8,6039,0.1894,shrink
2205_1eo2-7k_Wds,45,1,13,1243,0.0016,vanish
2205_1eo2-7k_Wds,46,2,13,704,0.1193,shrink
2205_1eo2-7k_Wds,47,5,8,7371,0.1205,shrink
2205_1eo2-7k_Wds,47,4,13,934,0.0396,vanish
2205_1eo2-7k_Wds,48,5,8,7005,0.0010,vanish
2205_1eo2-7k_Wds,48,5,13,1330,0.0000,vanish
2205_1eo2-7k_Wds,49,5,8,7181,0.0000,vanish
2205_1eo2-7k_Wds,49,4,13,1321,0.0000,vanish
2205_1eo2-7k_Wds,49,5,49,3801,0.0000,vanish
2205_1eo2-7k_Wds,49,5,67,21351,0.1874,shrink
2205_1eo2-7k_Wds,50,4,8,7671,0.0000,vanish
2205_1eo2-7k_Wds,50,3,13,1275,0.0000,vanish
2205_1eo2-7k_Wds,50,4,49,3811,0.0000,vanish
2205_1eo2-7k_Wds,50,5,67,22986,0.0583,vanish
2205_1eo2-7k_Wds,51,5,8,8596,0.0192,vanish
2205_1eo2-7k_Wds,51,2,13,1279,0.0000,vanish
2205_1eo2-7k_Wds,51,3,49,3981,0.0000,vanish
2205_1eo2-7k_Wds,51,4,67,22107,0.0369,vanish
2205_1eo2-7k_Wds,52,4,8,9009,0.0000,vanish
2205_1eo2-7k_Wds,52,1,13,1058,0.0000,vanish
2205_1eo2-7k_Wds,52,5,16,10671,0.0139,vanish
2205_1eo2-7k_Wds,52,2,49,3588,0.0000,vanish
2205_1eo2-7k_Wds,52,3,67,21427,0.0505,vanish
2205_1eo2-7k_Wds,53,3,8,10109,0.0000,vanish
2205_1eo2-7k_Wds,53,1,16,300,0.0467,vanish
2205_1eo2-7k_Wds,53,4,16,13073,0.0000,vanish
2205_1eo2-7k_Wds,53,2,49,2596,0.0000,vanish
2205_1eo2-7k_Wds,53,2,67,19639,0.0771,vanish
2205_1eo2-7k_Wds,54,2,8,11090,0.0000,vanish
2205_1eo2-7k_Wds,54,1,16,906,0.0585,vanish
2205_1eo2-7k_Wds,54,2,16,15626,0.0000,vanish
2205_1eo2-7k_Wds,54,1,49,2036,0.0000,vanish
2205_1eo2-7k_Wds,55,1,8,6321,0.0000,vanish
2205_1eo2-7k_Wds,55,5,8,12299,0.0063,vanish
2205_1eo2-7k_Wds,55,3,16,16612,0.0000,vanish
2205_1eo2-7k_Wds,55,2,16,21264,0.1511,shrink
2205_1eo2-7k_Wds,56,2,8,5074,0.0000,vanish
2205_1eo2-7k_Wds,56,3,16,17499,0.1126,shrink
2205_1eo2-7k_Wds,57,1,8,5427,0.0000,vanish
2205_1eo2-7k_Wds,57,5,8,4544,0.2289,shrink
2205_1eo2-7k_Wds,57,3,13,13065,0.0000,vanish
2205_1eo2-7k_Wds,57,2,16,18226,0.2177,shrink
2205_1eo2-7k_Wds,58,1,8,5600,0.0000,vanish
2205_1eo2-7k_Wds,58,5,8,4821,0.0900,vanish
2205_1eo2-7k_Wds,58,4,13,12531,0.0000,vanish
2205_1eo2-7k_Wds,59,1,8,6326,0.0000,vanish
2205_1eo2-7k_Wds,59,4,8,5461,0.1862,shrink
2205_1eo2-7k_Wds,59,4,13,15060,0.0000,vanish
2205_1eo2-7k_Wds,59,3,16,19814,0.1187,shrink
2205_1eo2-7k_Wds,60,2,8,7015,0.0409,vanish
2205_1eo2-7k_Wds,60,3,8,5918,0.0000,vanish
2205_1eo2-7k_Wds,60,3,13,12737,0.0000,vanish
2205_1eo2-7k_Wds,61,5,8,7678,0.1666,shrink
2205_1eo2-7k_Wds,61,2,8,7691,0.0612,vanish
2205_1eo2-7k_Wds,61,4,13,12385,0.0000,vanish
2205_1eo2-7k_Wds,62,2,8,1427,0.0000,vanish
2205_1eo2-7k_Wds,62,5,8,10022,0.1574,shrink
2205_1eo2-7k_Wds,62,1,13,12963,0.0000,vanish
2205_1eo2-7k_Wds,63,4,8,1314,0.0000,vanish
2205_1eo2-7k_Wds,63,5,8,12856,0.0126,vanish
2205_1eo2-7k_Wds,63,1,13,12945,0.0000,vanish
2205_1eo2-7k_Wds,64,5,8,10947,0.2473,shrink
2205_1eo2-7k_Wds,64,1,13,8185,0.0000,vanish
2205_1eo2-7k_Wds,65,5,8,458,0.0000,vanish
2205_1eo2-7k_Wds,65,1,13,6310,0.0000,vanish
2205_1eo2-7k_Wds,66,4,8,12199,0.0000,vanish
2205_1eo2-7k_Wds,66,1,13,7223,0.0000,vanish
2205_1eo2-7k_Wds,66,5,16,29315,0.2048,shrink
2205_1eo2-7k_Wds,67,1,8,950,0.0000,vanish
2205_1eo2-7k_Wds,67,1,13,6156,0.0000,vanish
2205_1eo2-7k_Wds,68,2,8,316,0.0000,vanish
2205_1eo2-7k_Wds,68,1,13,5840,0.0000,vanish
2205_1eo2-7k_Wds,69,4,8,12708,0.0322,vanish
2205_1eo2-7k_Wds,69,2,8,13144,0.1984,shrink
2205_1eo2-7k_Wds,69,1,13,3588,0.0000,vanish
2205_1eo2-7k_Wds,69,1,16,941,0.0000,vanish
2205_1eo2-7k_Wds,71,1,13,1613,0.0000,vanish
2205_1eo2-7k_Wds,72,1,13,1028,0.0000,vanish
2205_1eo2-7k_Wds,73,1,13,1269,0.0000,vanish
2206_1g5FzroqXnQ,16,5,15,1455,0.0000,vanish
2206_1g5FzroqXnQ,17,4,15,1307,0.0000,vanish
2206_1g5FzroqXnQ,18,3,15,1187,0.0000,vanish
2206_1g5FzroqXnQ,19,2,15,795,0.0000,vanish
2206_1g5FzroqXnQ,20,5,23,25938,0.2362,shrink
2206_1g5FzroqXnQ,20,5,109,6413,0.1321,shrink
2206_1g5FzroqXnQ,21,5,23,22668,0.1527,shrink
2206_1g5FzroqXnQ,21,5,109,6096,0.0110,vanish
2206_1g5FzroqXnQ,22,5,23,16146,0.1343,shrink
2206_1g5FzroqXnQ,22,5,109,4519,0.0073,vanish
2206_1g5FzroqXnQ,23,5,23,10777,0.0472,vanish
2206_1g5FzroqXnQ,23,5,43,1875,0.1979,shrink
2206_1g5FzroqXnQ,23,4,109,2985,0.0003,vanish
2206_1g5FzroqXnQ,24,5,23,8656,0.0000,vanish
2206_1g5FzroqXnQ,24,5,43,4252,0.0811,vanish
2206_1g5FzroqXnQ,24,5,43,1830,0.0000,vanish
2206_1g5FzroqXnQ,24,2,109,2182,0.0000,vanish
2206_1g5FzroqXnQ,25,5,23,4109,0.2205,shrink
2206_1g5FzroqXnQ,25,4,23,5208,0.0000,vanish
2206_1g5FzroqXnQ,25,5,43,3264,0.0000,vanish
2206_1g5FzroqXnQ,25,4,43,1707,0.0000,vanish
2206_1g5FzroqXnQ,26,3,15,473,0.0000,vanish
2206_1g5FzroqXnQ,26,5,23,3341,0.0260,vanish
2206_1g5FzroqXnQ,26,3,23,2804,0.0000,vanish
2206_1g5FzroqXnQ,26,4,43,2453,0.0000,vanish
2206_1g5FzroqXnQ,26,3,43,1424,0.0000,vanish
2206_1g5FzroqXnQ,27,5,5,29838,0.2413,shrink
2206_1g5FzroqXnQ,27,5,23,2884,0.0000,vanish
2206_1g5FzroqXnQ,27,2,23,1860,0.0000,vanish
2206_1g5FzroqXnQ,27,3,43,2074,0.0000,vanish
2206_1g5FzroqXnQ,27,2,43,1107,0.0000,vanish
2206_1g5FzroqXnQ,28,4,23,2247,0.0000,vanish
2206_1g5FzroqXnQ,28,1,23,555,0.0000,vanish
2206_1g5FzroqXnQ,28,2,43,1214,0.0000,vanish
2206_1g5FzroqXnQ,28,1,43,442,0.0000,vanish
2206_1g5FzroqXnQ,29,5,5,29424,0.2157,shrink
2206_1g5FzroqXnQ,29,3,23,1511,0.0000,vanish
2206_1g5FzroqXnQ,29,3,109,1112,0.0000,vanish
2206_1g5FzroqXnQ,30,5,61,55925,0.2376,shrink
2206_1g5FzroqXnQ,30,2,109,1283,0.0000,vanish
2206_1g5FzroqXnQ,31,5,5,25457,0.1167,shrink
2206_1g5FzroqXnQ,31,3,109,1113,0.0000,vanish
2206_1g5FzroqXnQ,32,5,5,22072,0.0595,vanish
2206_1g5FzroqXnQ,32,2,109,526,0.0000,vanish
2206_1g5FzroqXnQ,33,5,5,20352,0.0194,vanish
2206_1g5FzroqXnQ,33,1,109,342,0.0000,vanish
2206_1g5FzroqXnQ,34,4,5,24553,0.2496,shrink
2206_1g5FzroqXnQ,34,5,5,16953,0.0193,vanish
2206_1g5FzroqXnQ,35,4,5,21430,0.2481,shrink
2206_1g5FzroqXnQ,35,5,5,13786,0.0000,vanish
2206_1g5FzroqXnQ,35,4,67,1112,0.0000,vanish
2206_1g5FzroqXnQ,36,4,5,20794,0.2474,shrink
2206_1g5FzroqXnQ,36,4,5,12286,0.0000,vanish
2206_1g5FzroqXnQ,36,3,67,1601,0.0019,vanish
2206_1g5FzroqXnQ,37,3,5,9415,0.0000,vanish
2206_1g5FzroqXnQ,37,3,67,2168,0.0000,vanish
2206_1g5FzroqXnQ,38,3,5,6939,0.0000,vanish
2206_1g5FzroqXnQ,38,3,67,2033,0.0000,vanish
2206_1g5FzroqXnQ,39,2,5,5282,0.0000,vanish
2206_1g5FzroqXnQ,39,2,67,1899,0.0000,vanish
2206_1g5FzroqXnQ,40,1,5,918,0.0000,vanish
2206_1g5FzroqXnQ,40,2,67,1435,0.0000,vanish
2206_1g5FzroqXnQ,41,2,67,868,0.0000,vanish
2213_37UfnOSwI_c,0,1,35,9309,0.1017,shrink
2213_37UfnOSwI_c,0,2,35,9035,0.2274,shrink
2213_37UfnOSwI_c,0,5,35,726,0.0289,vanish
2213_37UfnOSwI_c,0,3,41,23078,0.0000,vanish
2213_37UfnOSwI_c,0,1,61,1298,0.0000,vanish
2213_37UfnOSwI_c,0,3,61,19809,0.0000,vanish
2213_37UfnOSwI_c,0,1,61,917,0.0000,vanish
2213_37UfnOSwI_c,0,5,61,123096,0.0518,vanish
2213_37UfnOSwI_c,0,1,61,1150,0.0000,vanish
2213_37UfnOSwI_c,0,5,67,4716,0.0000,vanish
2213_37UfnOSwI_c,0,1,107,48482,0.1926,shrink
2213_37UfnOSwI_c,1,2,8,50238,0.0063,vanish
2213_37UfnOSwI_c,1,1,29,1467,0.0000,vanish
2213_37UfnOSwI_c,1,5,35,10053,0.0227,vanish
2213_37UfnOSwI_c,1,4,61,27121,0.0000,vanish
2213_37UfnOSwI_c,1,1,61,2480,0.0000,vanish
2213_37UfnOSwI_c,1,5,61,103199,0.0859,vanish
2213_37UfnOSwI_c,1,5,67,25562,0.2081,shrink
2213_37UfnOSwI_c,1,1,107,9340,0.0000,vanish
2213_37UfnOSwI_c,2,2,8,27620,0.0000,vanish
2213_37UfnOSwI_c,2,5,35,24288,0.0549,vanish
2213_37UfnOSwI_c,2,4,61,19864,0.0000,vanish
2213_37UfnOSwI_c,2,1,61,3820,0.0000,vanish
2213_37UfnOSwI_c,2,5,61,90717,0.0972,vanish
2213_37UfnOSwI_c,2,2,107,777,0.0000,vanish
2213_37UfnOSwI_c,2,1,107,1844,0.0000,vanish
2213_37UfnOSwI_c,3,1,8,452,0.0000,vanish
2213_37UfnOSwI_c,3,5,35,35427,0.0627,vanish
2213_37UfnOSwI_c,3,3,61,9234,0.0000,vanish
2213_37UfnOSwI_c,3,1,61,4259,0.0000,vanish
2213_37UfnOSwI_c,3,5,61,80643,0.0922,vanish
2213_37UfnOSwI_c,3,1,107,3574,0.0000,vanish
2213_37UfnOSwI_c,3,4,107,69312,0.0000,vanish
2213_37UfnOSwI_c,4,2,29,1115,0.0000,vanish
2213_37UfnOSwI_c,4,2,61,10519,0.0000,vanish
2213_37UfnOSwI_c,4,1,61,5015,0.0000,vanish
2213_37UfnOSwI_c,4,4,67,3350,0.0000,vanish
2213_37UfnOSwI_c,4,2,107,2249,0.0000,vanish
2213_37UfnOSwI_c,4,3,107,47023,0.0000,vanish
2213_37UfnOSwI_c,5,3,8,786,0.0000,vanish
2213_37UfnOSwI_c,5,4,8,14670,0.0000,vanish
2213_37UfnOSwI_c,5,5,29,4116,0.0109,vanish
2213_37UfnOSwI_c,5,2,61,5657,0.0000,vanish
2213_37UfnOSwI_c,5,1,61,2475,0.0000,vanish
2213_37UfnOSwI_c,5,5,67,7161,0.0000,vanish
2213_37UfnOSwI_c,5,2,107,2878,0.0000,vanish
2213_37UfnOSwI_c,5,1,107,4538,0.0000,vanish
2213_37UfnOSwI_c,5,2,107,25288,0.0000,vanish
2213_37UfnOSwI_c,6,4,8,34247,0.0000,vanish
2213_37UfnOSwI_c,6,3,19,7160,0.0000,vanish
2213_37UfnOSwI_c,6,5,29,7603,0.2221,shrink
2213_37UfnOSwI_c,6,3,61,13888,0.0000,vanish
2213_37UfnOSwI_c,6,2,67,2684,0.0000,vanish
2213_37UfnOSwI_c,6,3,107,3611,0.0000,vanish
2213_37UfnOSwI_c,6,2,107,5045,0.0000,vanish
2213_37UfnOSwI_c,6,1,107,5022,0.0000,vanish
2213_37UfnOSwI_c,7,4,8,8709,0.0000,vanish
2213_37UfnOSwI_c,7,4,8,39560,0.0000,vanish
2213_37UfnOSwI_c,7,4,19,8081,0.0885,vanish
2213_37UfnOSwI_c,7,3,29,877,0.0000,vanish
2213_37UfnOSwI_c,7,3,107,4235,0.0000,vanish
2213_37UfnOSwI_c,8,5,8,46315,0.0000,vanish
2213_37UfnOSwI_c,8,3,29,1606,0.0000,vanish
2213_37UfnOSwI_c,9,5,8,8257,0.0045,vanish
2213_37UfnOSwI_c,9,2,29,1632,0.0000,vanish
2213_37UfnOSwI_c,9,2,67,896,0.0000,vanish
2213_37UfnOSwI_c,10,5,8,7551,0.0204,vanish
2213_37UfnOSwI_c,10,3,29,1782,0.0000,vanish
2213_37UfnOSwI_c,10,5,67,1827,0.0164,vanish
2213_37UfnOSwI_c,11,5,67,2364,0.0580,vanish
2213_37UfnOSwI_c,12,5,67,3398,0.0798,vanish
2213_37UfnOSwI_c,13,1,19,447,0.0000,vanish
2213_37UfnOSwI_c,13,5,53,9396,0.1771,shrink
2213_37UfnOSwI_c,13,5,67,4279,0.0785,vanish
2213_37UfnOSwI_c,14,5,8,5497,0.0684,vanish
2213_37UfnOSwI_c,14,5,35,6553,0.1966,shrink
2213_37UfnOSwI_c,14,5,53,10881,0.0000,vanish
2213_37UfnOSwI_c,14,5,67,4514,0.1028,shrink
2213_37UfnOSwI_c,15,4,53,12572,0.0000,vanish
2213_37UfnOSwI_c,15,5,67,5262,0.0281,vanish
2213_37UfnOSwI_c,16,5,8,2386,0.0000,vanish
2213_37UfnOSwI_c,16,4,53,9301,0.0000,vanish
2213_37UfnOSwI_c,16,5,67,5551,0.0236,vanish
2213_37UfnOSwI_c,16,5,67,4379,0.1925,shrink
2213_37UfnOSwI_c,17,2,8,1955,0.2072,shrink
2213_37UfnOSwI_c,17,4,8,1492,0.0000,vanish
2213_37UfnOSwI_c,17,3,53,5077,0.0000,vanish
2213_37UfnOSwI_c,17,5,67,4410,0.1447,shrink
2213_37UfnOSwI_c,18,5,8,1558,0.1887,shrink
2213_37UfnOSwI_c,18,2,8,431,0.0000,vanish
2213_37UfnOSwI_c,18,3,8,1334,0.0000,vanish
2213_37UfnOSwI_c,18,5,35,6925,0.0770,vanish
2213_37UfnOSwI_c,18,2,53,2543,0.0000,vanish
2213_37UfnOSwI_c,18,5,67,6748,0.0846,vanish
2213_37UfnOSwI_c,19,2,8,875,0.0000,vanish
2213_37UfnOSwI_c,19,5,35,6882,0.0013,vanish
2213_37UfnOSwI_c,19,5,67,7761,0.0724,vanish
2213_37UfnOSwI_c,20,1,8,862,0.0000,vanish
2213_37UfnOSwI_c,20,4,35,6710,0.0028,vanish
2213_37UfnOSwI_c,20,5,67,4809,0.1158,shrink
2213_37UfnOSwI_c,21,3,35,5769,0.0002,vanish
2213_37UfnOSwI_c,21,5,67,1313,0.0236,vanish
2213_37UfnOSwI_c,22,3,35,4040,0.0000,vanish
2213_37UfnOSwI_c,22,5,67,1392,0.0000,vanish
2213_37UfnOSwI_c,22,5,67,16056,0.2377,shrink
2213_37UfnOSwI_c,23,4,8,12413,0.0000,vanish
2213_37UfnOSwI_c,23,2,35,1060,0.0000,vanish
2213_37UfnOSwI_c,23,4,67,1150,0.0035,vanish
2213_37UfnOSwI_c,23,5,67,14490,0.1451,shrink
2213_37UfnOSwI_c,24,3,8,9791,0.0000,vanish
2213_37UfnOSwI_c,24,4,67,2062,0.1038,shrink
2213_37UfnOSwI_c,24,5,67,12394,0.0374,vanish
2213_37UfnOSwI_c,25,2,8,5980,0.0000,vanish
2213_37UfnOSwI_c,25,5,67,10088,0.0000,vanish
2213_37UfnOSwI_c,26,1,8,2329,0.0000,vanish
2213_37UfnOSwI_c,26,4,29,306,0.0000,vanish
2213_37UfnOSwI_c,26,4,67,7953,0.0000,vanish
2213_37UfnOSwI_c,27,3,67,5355,0.0000,vanish
2213_37UfnOSwI_c,28,5,19,17316,0.1247,shrink
2213_37UfnOSwI_c,28,2,67,2831,0.0000,vanish
2213_37UfnOSwI_c,29,4,19,15022,0.0920,vanish
2213_37UfnOSwI_c,29,5,61,7531,0.0076,vanish
2213_37UfnOSwI_c,29,1,67,463,0.0000,vanish
2213_37UfnOSwI_c,30,5,19,14063,0.0188,vanish
2213_37UfnOSwI_c,30,5,61,6142,0.0000,vanish
2213_37UfnOSwI_c,30,3,61,1119,0.0000,vanish
2213_37UfnOSwI_c,31,2,19,8992,0.0000,vanish
2213_37UfnOSwI_c,31,5,61,3771,0.0000,vanish
2213_37UfnOSwI_c,31,2,61,641,0.0000,vanish
2213_37UfnOSwI_c,31,5,67,6585,0.1724,shrink
2213_37UfnOSwI_c,32,1,19,3195,0.0000,vanish
2213_37UfnOSwI_c,32,4,61,1633,0.0000,vanish
2213_37UfnOSwI_c,32,5,67,6473,0.1529,shrink
2213_37UfnOSwI_c,33,3,61,1061,0.0000,vanish
2213_37UfnOSwI_c,34,2,61,477,0.0000,vanish
2213_37UfnOSwI_c,39,5,19,11638,0.1889,shrink
2213_37UfnOSwI_c,40,5,19,16296,0.0955,vanish
2213_37UfnOSwI_c,41,5,19,20209,0.2236,shrink
2213_37UfnOSwI_c,41,5,107,18529,0.2439,shrink
2213_37UfnOSwI_c,42,5,19,42854,0.2281,shrink
2213_37UfnOSwI_c,42,2,61,439,0.0000,vanish
2213_37UfnOSwI_c,42,5,67,2770,0.2119,shrink
2213_37UfnOSwI_c,42,5,107,15191,0.0787,vanish
2213_37UfnOSwI_c,43,5,67,2842,0.0000,vanish
2213_37UfnOSwI_c,43,5,107,12370,0.0119,vanish
2213_37UfnOSwI_c,44,5,8,90327,0.1944,shrink
2213_37UfnOSwI_c,44,4,67,3146,0.0000,vanish
2213_37UfnOSwI_c,44,5,107,10280,0.0003,vanish
2213_37UfnOSwI_c,45,5,8,95627,0.1451,shrink
2213_37UfnOSwI_c,45,3,67,3137,0.0000,vanish
2213_37UfnOSwI_c,45,4,107,7389,0.0004,vanish
2213_37UfnOSwI_c,46,5,8,97894,0.1518,shrink
2213_37UfnOSwI_c,46,3,67,3669,0.0000,vanish
2213_37UfnOSwI_c,46,5,107,4500,0.0000,vanish
2213_37UfnOSwI_c,47,4,8,95688,0.1752,shrink
2213_37UfnOSwI_c,47,4,19,7931,0.0000,vanish
2213_37UfnOSwI_c,47,2,19,14934,0.2192,shrink
2213_37UfnOSwI_c,47,1,107,1172,0.0000,vanish
2213_37UfnOSwI_c,48,4,8,90429,0.1794,shrink
2213_37UfnOSwI_c,48,1,19,12837,0.2332,shrink
2213_37UfnOSwI_c,49,1,19,8399,0.0000,vanish
2213_37UfnOSwI_c,49,1,61,374,0.0000,vanish
2213_37UfnOSwI_c,50,1,19,1841,0.0158,vanish
2213_37UfnOSwI_c,50,1,107,885,0.0000,vanish
2213_37UfnOSwI_c,51,1,107,2598,0.0008,vanish
2216_3Nq9zNAtI3s,9,5,1,6087,0.0000,vanish
2216_3Nq9zNAtI3s,10,4,1,5742,0.0000,vanish
2216_3Nq9zNAtI3s,11,3,1,5053,0.0000,vanish
2216_3Nq9zNAtI3s,12,2,1,3872,0.0000,vanish
2216_3Nq9zNAtI3s,13,1,1,2281,0.0000,vanish
2216_3Nq9zNAtI3s,51,5,9,33234,0.2139,shrink
2216_3Nq9zNAtI3s,52,5,9,27543,0.1293,shrink
2216_3Nq9zNAtI3s,53,5,9,17879,0.1313,shrink
2216_3Nq9zNAtI3s,54,4,9,11233,0.2090,shrink
2218_3xpH6BQyWwk,24,5,29,2948,0.0600,vanish
2218_3xpH6BQyWwk,25,5,29,2327,0.0241,vanish
2218_3xpH6BQyWwk,26,5,29,1790,0.0240,vanish
2218_3xpH6BQyWwk,27,5,29,1219,0.0263,vanish
2218_3xpH6BQyWwk,28,4,29,363,0.0882,vanish
2223_5w6_DDEjafU,5,5,10,38172,0.0000,vanish
2223_5w6_DDEjafU,5,5,34,64708,0.0000,vanish
2223_5w6_DDEjafU,5,5,34,56085,0.0000,vanish
2223_5w6_DDEjafU,5,5,34,4410,0.0000,vanish
2223_5w6_DDEjafU,5,5,69,139504,0.0000,vanish
2223_5w6_DDEjafU,6,4,10,36427,0.0000,vanish
2223_5w6_DDEjafU,6,4,34,62698,0.0000,vanish
2223_5w6_DDEjafU,6,4,34,4294,0.0000,vanish
2223_5w6_DDEjafU,6,4,34,52962,0.0000,vanish
2223_5w6_DDEjafU,6,4,69,131204,0.0000,vanish
2223_5w6_DDEjafU,7,3,10,29555,0.0000,vanish
2223_5w6_DDEjafU,7,3,34,39674,0.0000,vanish
2223_5w6_DDEjafU,7,3,34,3556,0.0000,vanish
2223_5w6_DDEjafU,7,3,34,38290,0.0000,vanish
2223_5w6_DDEjafU,7,3,69,105841,0.0000,vanish
2223_5w6_DDEjafU,8,2,10,21243,0.0000,vanish
2223_5w6_DDEjafU,8,2,34,30357,0.0000,vanish
2223_5w6_DDEjafU,8,2,34,2461,0.0000,vanish
2223_5w6_DDEjafU,8,2,34,25737,0.0000,vanish
2223_5w6_DDEjafU,8,2,69,74334,0.0000,vanish
2223_5w6_DDEjafU,9,1,10,15017,0.0000,vanish
2223_5w6_DDEjafU,9,1,34,23110,0.0000,vanish
2223_5w6_DDEjafU,9,1,34,2063,0.0000,vanish
2223_5w6_DDEjafU,9,1,34,19149,0.0000,vanish
2223_5w6_DDEjafU,9,1,69,39301,0.0000,vanish
2225_6acPX_00M9Q,15,5,59,35116,0.0849,vanish
2225_6acPX_00M9Q,16,5,8,5173,0.0278,vanish
2225_6acPX_00M9Q,16,5,59,35105,0.0017,vanish
2225_6acPX_00M9Q,17,4,8,5600,0.0573,vanish
2225_6acPX_00M9Q,17,5,59,32885,0.0000,vanish
2225_6acPX_00M9Q,18,3,8,7052,0.1760,shrink
2225_6acPX_00M9Q,18,4,59,28347,0.0000,vanish
2225_6acPX_00M9Q,19,3,8,7216,0.2366,shrink
2225_6acPX_00M9Q,19,3,59,25523,0.0000,vanish
2225_6acPX_00M9Q,20,2,41,411,0.0000,vanish
2225_6acPX_00M9Q,21,2,41,20851,0.0000,vanish
2225_6acPX_00M9Q,21,2,59,2369,0.0000,vanish
2225_6acPX_00M9Q,22,1,8,2734,0.0000,vanish
2225_6acPX_00M9Q,22,4,34,3226,0.0890,vanish
2225_6acPX_00M9Q,52,5,8,857,0.1599,shrink
2225_6acPX_00M9Q,53,5,8,677,0.0000,vanish
2225_6acPX_00M9Q,54,4,8,550,0.0000,vanish
2225_6acPX_00M9Q,55,3,8,514,0.0000,vanish
2225_6acPX_00M9Q,56,2,8,344,0.0000,vanish
2225_6acPX_00M9Q,57,5,34,468,0.2073,shrink
2225_6acPX_00M9Q,58,5,34,354,0.0791,vanish
2225_6acPX_00M9Q,66,5,41,3029,0.2380,shrink
2225_6acPX_00M9Q,67,5,41,2816,0.0117,vanish
2225_6acPX_00M9Q,68,5,41,2293,0.0000,vanish
2225_6acPX_00M9Q,69,3,41,1097,0.0000,vanish
2225_6acPX_00M9Q,69,4,41,719,0.0000,vanish
2225_6acPX_00M9Q,70,2,41,951,0.0000,vanish
2225_6acPX_00M9Q,70,3,41,605,0.0000,vanish
2225_6acPX_00M9Q,71,1,41,511,0.0000,vanish
2226_6qN1yGhh2oM,25,5,16,7102,0.2173,shrink
2226_6qN1yGhh2oM,26,4,16,6349,0.1807,shrink
2226_6qN1yGhh2oM,27,4,16,5405,0.1611,shrink
2226_6qN1yGhh2oM,28,3,16,4371,0.1981,shrink
2226_6qN1yGhh2oM,30,4,49,5361,0.0000,vanish
2226_6qN1yGhh2oM,31,3,49,4453,0.0000,vanish
2226_6qN1yGhh2oM,32,2,49,2934,0.0000,vanish
2226_6qN1yGhh2oM,33,1,49,1288,0.0000,vanish
2229_8e_rGRXexRk,19,5,14,397,0.2443,shrink
2229_8e_rGRXexRk,20,5,14,390,0.0897,vanish
2229_8e_rGRXexRk,21,5,14,388,0.0490,vanish
2229_8e_rGRXexRk,22,5,14,982,0.0611,vanish
2229_8e_rGRXexRk,22,5,14,403,0.0000,vanish
2229_8e_rGRXexRk,23,5,14,987,0.0274,vanish
2229_8e_rGRXexRk,23,5,14,861,0.2160,shrink
2229_8e_rGRXexRk,24,5,14,983,0.0142,vanish
2229_8e_rGRXexRk,24,5,14,847,0.1759,shrink
2229_8e_rGRXexRk,25,5,14,939,0.0138,vanish
2229_8e_rGRXexRk,25,5,14,1238,0.2391,shrink
2229_8e_rGRXexRk,25,5,14,908,0.1377,shrink
2229_8e_rGRXexRk,25,5,14,821,0.1839,shrink
2229_8e_rGRXexRk,26,5,14,793,0.0101,vanish
2229_8e_rGRXexRk,26,5,14,994,0.1288,shrink
2229_8e_rGRXexRk,26,5,14,1197,0.0852,vanish
2229_8e_rGRXexRk,26,5,14,852,0.1796,shrink
2229_8e_rGRXexRk,27,5,14,1036,0.0000,vanish
2229_8e_rGRXexRk,27,5,14,1149,0.0748,vanish
2229_8e_rGRXexRk,27,5,14,1303,0.0077,vanish
2229_8e_rGRXexRk,27,5,14,1000,0.0900,vanish
2229_8e_rGRXexRk,28,5,14,1180,0.0000,vanish
2229_8e_rGRXexRk,28,5,14,1341,0.0127,vanish
2229_8e_rGRXexRk,28,5,14,1394,0.0000,vanish
2229_8e_rGRXexRk,28,5,14,1038,0.0039,vanish
2229_8e_rGRXexRk,28,5,104,6185,0.1132,shrink
2229_8e_rGRXexRk,29,4,14,1096,0.0000,vanish
2229_8e_rGRXexRk,29,4,14,1279,0.0133,vanish
2229_8e_rGRXexRk,29,5,14,1535,0.0000,vanish
2229_8e_rGRXexRk,29,5,14,1037,0.0000,vanish
2229_8e_rGRXexRk,29,5,104,5650,0.0393,vanish
2229_8e_rGRXexRk,30,3,14,1026,0.0000,vanish
2229_8e_rGRXexRk,30,4,14,1388,0.0555,vanish
2229_8e_rGRXexRk,30,4,14,1600,0.0000,vanish
2229_8e_rGRXexRk,30,5,14,907,0.0000,vanish
2229_8e_rGRXexRk,30,5,104,4679,0.0000,vanish
2229_8e_rGRXexRk,31,2,14,1049,0.0000,vanish
2229_8e_rGRXexRk,31,3,14,1427,0.1331,shrink
2229_8e_rGRXexRk,31,4,14,1545,0.0000,vanish
2229_8e_rGRXexRk,31,4,14,1258,0.0000,vanish
2229_8e_rGRXexRk,31,4,104,3767,0.0000,vanish
2229_8e_rGRXexRk,32,3,14,1174,0.0000,vanish
2229_8e_rGRXexRk,32,4,14,1890,0.1577,shrink
2229_8e_rGRXexRk,32,4,14,1659,0.0000,vanish
2229_8e_rGRXexRk,32,5,14,1544,0.0000,vanish
2229_8e_rGRXexRk,32,3,104,2278,0.0000,vanish
2229_8e_rGRXexRk,33,3,1,874,0.0000,vanish
2229_8e_rGRXexRk,33,3,14,1091,0.0000,vanish
2229_8e_rGRXexRk,33,4,14,1728,0.2402,shrink
2229_8e_rGRXexRk,33,4,14,1592,0.0000,vanish
2229_8e_rGRXexRk,33,5,14,1526,0.0000,vanish
2229_8e_rGRXexRk,33,2,104,697,0.0000,vanish
2229_8e_rGRXexRk,33,5,110,11777,0.1449,shrink
2229_8e_rGRXexRk,34,2,1,686,0.0000,vanish
2229_8e_rGRXexRk,34,3,14,1033,0.0000,vanish
2229_8e_rGRXexRk,34,3,14,1585,0.0000,vanish
2229_8e_rGRXexRk,34,5,14,1627,0.0098,vanish
2229_8e_rGRXexRk,34,5,110,10551,0.0470,vanish
2229_8e_rGRXexRk,35,3,14,3426,0.1795,shrink
2229_8e_rGRXexRk,35,3,14,1577,0.0000,vanish
2229_8e_rGRXexRk,35,5,14,1885,0.0308,vanish
2229_8e_rGRXexRk,35,5,93,8145,0.1601,shrink
2229_8e_rGRXexRk,35,5,104,3061,0.0000,vanish
2229_8e_rGRXexRk,35,5,110,8191,0.0000,vanish
2229_8e_rGRXexRk,36,3,14,3486,0.1994,shrink
2229_8e_rGRXexRk,36,3,14,1553,0.0000,vanish
2229_8e_rGRXexRk,36,5,14,2037,0.0466,vanish
2229_8e_rGRXexRk,36,5,14,4948,0.2369,shrink
2229_8e_rGRXexRk,36,5,60,18810,0.2419,shrink
2229_8e_rGRXexRk,36,5,93,7200,0.0760,vanish
2229_8e_rGRXexRk,36,4,104,2785,0.0000,vanish
2229_8e_rGRXexRk,36,4,110,6686,0.0000,vanish
2229_8e_rGRXexRk,37,4,14,3792,0.1690,shrink
2229_8e_rGRXexRk,37,3,14,1539,0.0000,vanish
2229_8e_rGRXexRk,37,5,14,2547,0.1284,shrink
2229_8e_rGRXexRk,37,5,14,4501,0.1966,shrink
2229_8e_rGRXexRk,37,5,60,16626,0.1951,shrink
2229_8e_rGRXexRk,37,5,93,5325,0.0000,vanish
2229_8e_rGRXexRk,37,3,104,1908,0.0000,vanish
2229_8e_rGRXexRk,37,3,110,3821,0.0000,vanish
2229_8e_rGRXexRk,38,4,14,4034,0.1522,shrink
2229_8e_rGRXexRk,38,4,14,1690,0.0000,vanish
2229_8e_rGRXexRk,38,5,14,3113,0.2281,shrink
2229_8e_rGRXexRk,38,5,14,3747,0.1225,shrink
2229_8e_rGRXexRk,38,5,60,14281,0.1503,shrink
2229_8e_rGRXexRk,38,4,93,3447,0.0000,vanish
2229_8e_rGRXexRk,38,2,104,1069,0.0000,vanish
2229_8e_rGRXexRk,38,2,110,1706,0.0000,vanish
2229_8e_rGRXexRk,39,3,14,3857,0.1382,shrink
2229_8e_rGRXexRk,39,3,14,1690,0.0000,vanish
2229_8e_rGRXexRk,39,5,14,3409,0.1003,shrink
2229_8e_rGRXexRk,39,5,60,13706,0.1555,shrink
2229_8e_rGRXexRk,39,3,93,2715,0.0000,vanish
2229_8e_rGRXexRk,39,1,104,337,0.0000,vanish
2229_8e_rGRXexRk,39,1,110,496,0.0000,vanish
2229_8e_rGRXexRk,40,4,14,3814,0.0960,vanish
2229_8e_rGRXexRk,40,3,14,1622,0.0000,vanish
2229_8e_rGRXexRk,40,4,14,2620,0.1660,shrink
2229_8e_rGRXexRk,40,2,93,1304,0.0000,vanish
2229_8e_rGRXexRk,41,2,14,1761,0.0000,vanish
2229_8e_rGRXexRk,41,3,14,2257,0.2047,shrink
2229_8e_rGRXexRk,41,3,60,2034,0.0000,vanish
2229_8e_rGRXexRk,41,1,93,547,0.0000,vanish
2229_8e_rGRXexRk,42,2,60,688,0.0000,vanish
2233_9Y2RVE8WsWI,16,5,1,446,0.1704,shrink
2233_9Y2RVE8WsWI,17,5,1,350,0.0714,vanish
2235_9qtZy4A5W0Q,0,5,67,4099,0.0098,vanish
2235_9qtZy4A5W0Q,0,2,67,426,0.0000,vanish
2235_9qtZy4A5W0Q,1,5,67,2414,0.0000,vanish
2235_9qtZy4A5W0Q,2,4,67,2271,0.0000,vanish
2235_9qtZy4A5W0Q,3,3,67,1715,0.0000,vanish
2235_9qtZy4A5W0Q,4,2,67,866,0.0000,vanish
2235_9qtZy4A5W0Q,8,4,67,651,0.1813,shrink
2235_9qtZy4A5W0Q,9,3,67,1048,0.1221,shrink
2235_9qtZy4A5W0Q,10,3,67,809,0.0482,vanish
2235_9qtZy4A5W0Q,11,2,67,609,0.0000,vanish
2235_9qtZy4A5W0Q,38,3,57,441,0.0000,vanish
2235_9qtZy4A5W0Q,43,5,0,1396,0.2113,shrink
2235_9qtZy4A5W0Q,44,5,0,1978,0.0000,vanish
2235_9qtZy4A5W0Q,44,5,23,17402,0.2400,shrink
2235_9qtZy4A5W0Q,45,5,0,2328,0.0004,vanish
2235_9qtZy4A5W0Q,45,5,23,18397,0.2099,shrink
2235_9qtZy4A5W0Q,45,2,57,840,0.0000,vanish
2235_9qtZy4A5W0Q,46,5,0,3600,0.1381,shrink
2235_9qtZy4A5W0Q,47,5,0,4826,0.0099,vanish
2235_9qtZy4A5W0Q,49,2,67,1147,0.0000,vanish
2235_9qtZy4A5W0Q,50,1,67,320,0.0000,vanish
2237_AH6KYJRbYMg,0,2,16,42649,0.2401,shrink
2237_AH6KYJRbYMg,0,1,96,11305,0.0000,vanish
2237_AH6KYJRbYMg,1,3,16,6737,0.0200,vanish
2237_AH6KYJRbYMg,2,2,16,8331,0.0525,vanish
2237_AH6KYJRbYMg,2,1,20,1128,0.0000,vanish
2237_AH6KYJRbYMg,2,1,61,1081,0.0000,vanish
2237_AH6KYJRbYMg,2,1,96,1216,0.0000,vanish
2237_AH6KYJRbYMg,3,1,16,18473,0.2225,shrink
2237_AH6KYJRbYMg,4,1,16,15696,0.1385,shrink
2237_AH6KYJRbYMg,4,1,86,2838,0.0000,vanish
2237_AH6KYJRbYMg,4,1,96,782,0.0000,vanish
2237_AH6KYJRbYMg,5,5,86,47318,0.0354,vanish
2237_AH6KYJRbYMg,6,5,86,110899,0.0621,vanish
2237_AH6KYJRbYMg,7,5,86,161558,0.0924,vanish
2237_AH6KYJRbYMg,8,5,86,196825,0.1225,shrink
2237_AH6KYJRbYMg,9,5,20,1793,0.0608,vanish
2237_AH6KYJRbYMg,9,1,61,664,0.0000,vanish
2237_AH6KYJRbYMg,9,5,86,194893,0.1980,shrink
2237_AH6KYJRbYMg,10,5,20,2463,0.0000,vanish
2237_AH6KYJRbYMg,10,1,61,779,0.0000,vanish
2237_AH6KYJRbYMg,11,4,20,4426,0.0000,vanish
2237_AH6KYJRbYMg,11,1,61,813,0.0000,vanish
2237_AH6KYJRbYMg,11,2,96,1001,0.0000,vanish
2237_AH6KYJRbYMg,12,3,20,6217,0.0000,vanish
2237_AH6KYJRbYMg,12,2,96,3457,0.0000,vanish
2237_AH6KYJRbYMg,13,3,20,8131,0.0000,vanish
2237_AH6KYJRbYMg,14,3,86,3805,0.0000,vanish
2237_AH6KYJRbYMg,15,2,86,1528,0.0000,vanish
2237_AH6KYJRbYMg,15,3,86,13165,0.0000,vanish
2237_AH6KYJRbYMg,16,2,86,5597,0.0000,vanish
2237_AH6KYJRbYMg,17,5,16,115795,0.2008,shrink
2237_AH6KYJRbYMg,17,4,20,1207,0.0000,vanish
2237_AH6KYJRbYMg,18,3,20,2263,0.0000,vanish
2237_AH6KYJRbYMg,19,3,20,2889,0.0000,vanish
2237_AH6KYJRbYMg,20,5,20,3499,0.0000,vanish
2237_AH6KYJRbYMg,21,4,16,4636,0.2494,shrink
2237_AH6KYJRbYMg,21,4,16,898,0.0000,vanish
2237_AH6KYJRbYMg,21,1,20,470,0.0000,vanish
2237_AH6KYJRbYMg,21,5,20,3680,0.0000,vanish
2237_AH6KYJRbYMg,22,5,16,4414,0.1910,shrink
2237_AH6KYJRbYMg,22,4,16,1034,0.0000,vanish
2237_AH6KYJRbYMg,22,4,20,4211,0.0373,vanish
2237_AH6KYJRbYMg,23,4,16,4927,0.1902,shrink
2237_AH6KYJRbYMg,23,3,16,1207,0.0017,vanish
2237_AH6KYJRbYMg,23,5,20,4541,0.0000,vanish
2237_AH6KYJRbYMg,24,5,16,4763,0.1505,shrink
2237_AH6KYJRbYMg,24,4,20,4798,0.0000,vanish
2237_AH6KYJRbYMg,27,5,16,6328,0.0000,vanish
2237_AH6KYJRbYMg,28,5,16,7336,0.0000,vanish
2237_AH6KYJRbYMg,29,4,16,6214,0.0000,vanish
2237_AH6KYJRbYMg,31,2,20,965,0.0000,vanish
2237_AH6KYJRbYMg,32,2,20,1784,0.0000,vanish
2237_AH6KYJRbYMg,33,5,20,2023,0.0410,vanish
2237_AH6KYJRbYMg,34,4,20,1643,0.0000,vanish
2237_AH6KYJRbYMg,35,3,16,3635,0.2094,shrink
2237_AH6KYJRbYMg,35,3,20,1308,0.0000,vanish
2237_AH6KYJRbYMg,36,2,16,2719,0.0000,vanish
2237_AH6KYJRbYMg,36,2,20,576,0.0000,vanish
2237_AH6KYJRbYMg,37,2,16,1210,0.0000,vanish
2237_AH6KYJRbYMg,38,4,86,4517,0.0000,vanish
2237_AH6KYJRbYMg,39,3,86,3001,0.0000,vanish
2237_AH6KYJRbYMg,40,2,86,1626,0.0000,vanish
2237_AH6KYJRbYMg,41,1,86,313,0.0000,vanish
2237_AH6KYJRbYMg,43,5,86,10803,0.1976,shrink
2237_AH6KYJRbYMg,44,5,86,8550,0.1377,shrink
2237_AH6KYJRbYMg,45,5,86,6782,0.0000,vanish
2237_AH6KYJRbYMg,46,4,86,5110,0.0000,vanish
2237_AH6KYJRbYMg,47,3,86,3532,0.0000,vanish
2237_AH6KYJRbYMg,48,2,86,2180,0.0000,vanish
2237_AH6KYJRbYMg,49,1,86,1185,0.0000,vanish
2239_B4m1mmyz2zk,0,4,29,1668,0.0000,vanish
2239_B4m1mmyz2zk,1,3,29,2188,0.0000,vanish
2239_B4m1mmyz2zk,2,2,29,2523,0.0000,vanish
2239_B4m1mmyz2zk,3,1,29,1107,0.0000,vanish
2239_B4m1mmyz2zk,4,1,56,390,0.0000,vanish
2239_B4m1mmyz2zk,22,2,56,852,0.0000,vanish
2239_B4m1mmyz2zk,23,1,56,819,0.0000,vanish
2239_B4m1mmyz2zk,36,5,29,1384,0.0000,vanish
2239_B4m1mmyz2zk,37,4,29,2129,0.0000,vanish
2239_B4m1mmyz2zk,38,3,29,2405,0.0000,vanish
2239_B4m1mmyz2zk,39,2,29,2526,0.0000,vanish
2239_B4m1mmyz2zk,40,1,29,1100,0.0000,vanish
2239_B4m1mmyz2zk,42,1,56,2714,0.0000,vanish
2239_B4m1mmyz2zk,42,2,61,12067,0.0000,vanish
2239_B4m1mmyz2zk,43,5,56,6123,0.0000,vanish
2239_B4m1mmyz2zk,43,3,61,91958,0.1925,shrink
2239_B4m1mmyz2zk,44,5,29,4929,0.0381,vanish
2239_B4m1mmyz2zk,44,1,37,3104,0.0000,vanish
2239_B4m1mmyz2zk,44,5,56,43678,0.0002,vanish
2239_B4m1mmyz2zk,45,5,29,8136,0.0000,vanish
2239_B4m1mmyz2zk,45,5,56,76153,0.0044,vanish
2239_B4m1mmyz2zk,45,3,56,3073,0.1939,shrink
2239_B4m1mmyz2zk,46,5,29,19978,0.0000,vanish
2239_B4m1mmyz2zk,46,5,56,88237,0.0107,vanish
2239_B4m1mmyz2zk,46,4,61,14071,0.0000,vanish
2239_B4m1mmyz2zk,47,4,29,13886,0.0000,vanish
2239_B4m1mmyz2zk,47,3,37,3450,0.0000,vanish
2239_B4m1mmyz2zk,47,1,37,588,0.0000,vanish
2239_B4m1mmyz2zk,47,5,56,74782,0.0449,vanish
2239_B4m1mmyz2zk,47,2,56,10943,0.0679,vanish
2239_B4m1mmyz2zk,47,1,56,1336,0.0000,vanish
2239_B4m1mmyz2zk,47,1,56,1823,0.1125,shrink
2239_B4m1mmyz2zk,47,5,61,68846,0.0189,vanish
2239_B4m1mmyz2zk,47,4,61,963,0.0000,vanish
2239_B4m1mmyz2zk,48,3,29,8873,0.0000,vanish
2239_B4m1mmyz2zk,48,3,37,8903,0.1674,shrink
2239_B4m1mmyz2zk,48,5,56,69992,0.1030,shrink
2239_B4m1mmyz2zk,48,5,56,9099,0.0037,vanish
2239_B4m1mmyz2zk,48,5,61,91054,0.1261,shrink
2239_B4m1mmyz2zk,49,2,29,4728,0.0000,vanish
2239_B4m1mmyz2zk,49,5,56,4223,0.0000,vanish
2239_B4m1mmyz2zk,50,1,37,8500,0.0000,vanish
2239_B4m1mmyz2zk,50,1,56,2511,0.0000,vanish
2239_B4m1mmyz2zk,50,1,56,671,0.0000,vanish
2239_B4m1mmyz2zk,50,5,56,2805,0.1437,shrink
2239_B4m1mmyz2zk,53,4,37,2882,0.0000,vanish
2239_B4m1mmyz2zk,54,4,37,1968,0.0000,vanish
2239_B4m1mmyz2zk,54,5,61,440,0.0318,vanish
2239_B4m1mmyz2zk,55,3,37,1201,0.0000,vanish
2239_B4m1mmyz2zk,55,5,56,14231,0.2308,shrink
2239_B4m1mmyz2zk,56,2,37,781,0.0000,vanish
2239_B4m1mmyz2zk,56,4,56,3624,0.0000,vanish
2239_B4m1mmyz2zk,57,3,56,4431,0.0000,vanish
2239_B4m1mmyz2zk,58,5,56,56933,0.0731,vanish
2239_B4m1mmyz2zk,58,2,56,3458,0.0000,vanish
2239_B4m1mmyz2zk,59,5,37,183655,0.1076,shrink
2239_B4m1mmyz2zk,59,5,56,57340,0.0000,vanish
2239_B4m1mmyz2zk,59,1,56,1725,0.0000,vanish
2239_B4m1mmyz2zk,60,4,37,178183,0.1061,shrink
2239_B4m1mmyz2zk,61,3,37,162121,0.1119,shrink
2239_B4m1mmyz2zk,61,3,56,48550,0.0000,vanish
2239_B4m1mmyz2zk,61,1,56,587,0.0000,vanish
2239_B4m1mmyz2zk,61,5,61,67888,0.0859,vanish
2239_B4m1mmyz2zk,62,3,37,139847,0.0992,vanish
2239_B4m1mmyz2zk,62,5,61,217827,0.1642,shrink
2239_B4m1mmyz2zk,63,2,37,17458,0.0000,vanish
2239_B4m1mmyz2zk,63,3,37,46249,0.1271,shrink
2239_B4m1mmyz2zk,63,1,37,8289,0.0000,vanish
2239_B4m1mmyz2zk,63,4,56,51545,0.0000,vanish
2239_B4m1mmyz2zk,63,5,56,6264,0.0000,vanish
2239_B4m1mmyz2zk,63,5,61,249962,0.1598,shrink
2239_B4m1mmyz2zk,64,4,29,20103,0.0000,vanish
2239_B4m1mmyz2zk,64,1,37,14428,0.0000,vanish
2239_B4m1mmyz2zk,64,4,37,7360,0.0337,vanish
2239_B4m1mmyz2zk,64,4,56,68600,0.0000,vanish
2239_B4m1mmyz2zk,64,5,61,210727,0.0605,vanish
2239_B4m1mmyz2zk,65,3,56,14684,0.0000,vanish
2239_B4m1mmyz2zk,65,5,61,200507,0.1980,shrink
2239_B4m1mmyz2zk,66,2,37,3722,0.0000,vanish
2239_B4m1mmyz2zk,66,3,56,5606,0.0000,vanish
2239_B4m1mmyz2zk,66,2,56,1517,0.0000,vanish
2239_B4m1mmyz2zk,66,3,61,40775,0.0000,vanish
2239_B4m1mmyz2zk,67,1,37,2443,0.0000,vanish
2239_B4m1mmyz2zk,67,2,61,26855,0.0000,vanish
2239_B4m1mmyz2zk,68,2,61,15969,0.0000,vanish
2245_CUJfZkWzx9Q,0,3,0,1056,0.0000,vanish
2245_CUJfZkWzx9Q,1,2,0,1019,0.0000,vanish
2245_CUJfZkWzx9Q,2,1,0,782,0.0000,vanish
2245_CUJfZkWzx9Q,10,5,0,60339,0.2405,shrink
2245_CUJfZkWzx9Q,10,4,84,6119,0.0000,vanish
2245_CUJfZkWzx9Q,11,5,0,56035,0.1492,shrink
2245_CUJfZkWzx9Q,11,3,84,4811,0.0000,vanish
2245_CUJfZkWzx9Q,12,5,0,50352,0.0399,vanish
2245_CUJfZkWzx9Q,12,2,84,2620,0.0000,vanish
2245_CUJfZkWzx9Q,13,5,0,41528,0.0059,vanish
2245_CUJfZkWzx9Q,13,1,1,12661,0.0000,vanish
2245_CUJfZkWzx9Q,13,1,84,519,0.0000,vanish
2245_CUJfZkWzx9Q,14,5,0,29113,0.0075,vanish
2245_CUJfZkWzx9Q,14,5,1,116002,0.2344,shrink
2245_CUJfZkWzx9Q,15,4,0,17199,0.0105,vanish
2245_CUJfZkWzx9Q,15,5,1,103931,0.1736,shrink
2245_CUJfZkWzx9Q,16,3,0,9990,0.0219,vanish
2245_CUJfZkWzx9Q,16,5,1,93390,0.0242,vanish
2245_CUJfZkWzx9Q,17,5,0,2484,0.0000,vanish
2245_CUJfZkWzx9Q,17,5,1,82804,0.0005,vanish
2245_CUJfZkWzx9Q,18,5,1,61837,0.0000,vanish
2245_CUJfZkWzx9Q,18,5,9,45537,0.2075,shrink
2245_CUJfZkWzx9Q,19,4,1,45657,0.0000,vanish
2245_CUJfZkWzx9Q,19,5,9,36666,0.0000,vanish
2245_CUJfZkWzx9Q,19,2,85,5040,0.0000,vanish
2245_CUJfZkWzx9Q,20,2,0,389,0.0000,vanish
2245_CUJfZkWzx9Q,20,3,1,28790,0.0000,vanish
2245_CUJfZkWzx9Q,20,4,9,30033,0.0000,vanish
2245_CUJfZkWzx9Q,21,2,1,8106,0.0000,vanish
2245_CUJfZkWzx9Q,21,3,9,20936,0.0000,vanish
2245_CUJfZkWzx9Q,21,1,85,1308,0.0000,vanish
2245_CUJfZkWzx9Q,21,2,85,1704,0.0000,vanish
2245_CUJfZkWzx9Q,22,1,1,305,0.0000,vanish
2245_CUJfZkWzx9Q,22,2,9,16224,0.0000,vanish
2245_CUJfZkWzx9Q,22,1,85,876,0.0000,vanish
2245_CUJfZkWzx9Q,23,1,9,10529,0.0000,vanish
2245_CUJfZkWzx9Q,23,4,84,9670,0.0000,vanish
2245_CUJfZkWzx9Q,24,3,84,7744,0.0000,vanish
2245_CUJfZkWzx9Q,25,2,84,5759,0.0000,vanish
2245_CUJfZkWzx9Q,26,5,76,149653,0.1506,shrink
2245_CUJfZkWzx9Q,26,1,84,3157,0.0000,vanish
2245_CUJfZkWzx9Q,27,5,76,123188,0.0514,vanish
2245_CUJfZkWzx9Q,28,5,76,102284,0.0048,vanish
2245_CUJfZkWzx9Q,29,5,76,79701,0.0033,vanish
2245_CUJfZkWzx9Q,30,5,76,49745,0.0000,vanish
2245_CUJfZkWzx9Q,31,4,76,23605,0.0008,vanish
2245_CUJfZkWzx9Q,32,5,76,6222,0.0000,vanish
2245_CUJfZkWzx9Q,33,4,76,434,0.0000,vanish
2245_CUJfZkWzx9Q,50,5,0,36082,0.0861,vanish
2245_CUJfZkWzx9Q,51,5,0,36830,0.0116,vanish
2245_CUJfZkWzx9Q,52,5,0,40032,0.0000,vanish
2245_CUJfZkWzx9Q,52,1,3,347,0.0000,vanish
2245_CUJfZkWzx9Q,53,4,0,45536,0.0000,vanish
2245_CUJfZkWzx9Q,54,3,0,6331,0.0000,vanish
2247_CspmeGg9Xko,33,1,74,1103,0.0000,vanish
2247_CspmeGg9Xko,39,4,67,27391,0.2348,shrink
2247_CspmeGg9Xko,40,3,8,10554,0.2440,shrink
2247_CspmeGg9Xko,40,4,67,1357,0.0000,vanish
2247_CspmeGg9Xko,40,3,67,20100,0.0923,vanish
2247_CspmeGg9Xko,40,2,74,3666,0.0000,vanish
2247_CspmeGg9Xko,41,3,67,15872,0.0042,vanish
2247_CspmeGg9Xko,41,1,74,3258,0.0000,vanish
2247_CspmeGg9Xko,42,1,8,3790,0.0087,vanish
2247_CspmeGg9Xko,42,2,29,7975,0.0000,vanish
2247_CspmeGg9Xko,42,2,67,10761,0.0000,vanish
2247_CspmeGg9Xko,42,1,74,1536,0.0000,vanish
2247_CspmeGg9Xko,43,1,29,757,0.0000,vanish
2247_CspmeGg9Xko,43,1,67,2936,0.0000,vanish
2247_CspmeGg9Xko,43,1,74,553,0.0000,vanish
2249_DaeGaqASjeY,0,2,35,740,0.0000,vanish
2249_DaeGaqASjeY,1,4,8,1145,0.0000,vanish
2249_DaeGaqASjeY,1,1,35,543,0.0000,vanish
2249_DaeGaqASjeY,2,3,8,692,0.0000,vanish
2249_DaeGaqASjeY,5,5,61,1350,0.0007,vanish
2249_DaeGaqASjeY,6,5,61,1392,0.0000,vanish
2249_DaeGaqASjeY,7,5,61,1636,0.0024,vanish
2249_DaeGaqASjeY,8,5,61,1616,0.0241,vanish
2249_DaeGaqASjeY,9,5,61,1934,0.0776,vanish
2249_DaeGaqASjeY,10,5,61,1995,0.1188,shrink
2249_DaeGaqASjeY,11,5,61,2213,0.1143,shrink
2249_DaeGaqASjeY,12,5,18,4787,0.1830,shrink
2249_DaeGaqASjeY,12,5,61,2487,0.1444,shrink
2249_DaeGaqASjeY,13,5,18,3952,0.1609,shrink
2249_DaeGaqASjeY,13,4,61,2659,0.2129,shrink
2249_DaeGaqASjeY,14,5,18,3653,0.1109,shrink
2249_DaeGaqASjeY,14,5,115,7346,0.1838,shrink
2249_DaeGaqASjeY,15,5,18,3570,0.0611,vanish
2249_DaeGaqASjeY,15,5,115,6659,0.0014,vanish
2249_DaeGaqASjeY,16,5,18,2767,0.0000,vanish
2249_DaeGaqASjeY,16,5,115,5096,0.0000,vanish
2249_DaeGaqASjeY,17,4,18,1611,0.0000,vanish
2249_DaeGaqASjeY,17,4,115,3853,0.0000,vanish
2249_DaeGaqASjeY,18,2,0,420,0.0000,vanish
2249_DaeGaqASjeY,18,3,18,1361,0.0000,vanish
2249_DaeGaqASjeY,18,3,115,2770,0.0000,vanish
2249_DaeGaqASjeY,19,3,0,553,0.0000,vanish
2249_DaeGaqASjeY,19,2,18,1019,0.0000,vanish
2249_DaeGaqASjeY,19,2,115,1530,0.0000,vanish
2249_DaeGaqASjeY,20,5,0,1354,0.0000,vanish
2249_DaeGaqASjeY,20,1,18,566,0.0000,vanish
2249_DaeGaqASjeY,21,5,0,1557,0.0000,vanish
2249_DaeGaqASjeY,21,5,61,7103,0.1899,shrink
2249_DaeGaqASjeY,22,4,0,4796,0.0000,vanish
2249_DaeGaqASjeY,22,5,61,6190,0.2003,shrink
2249_DaeGaqASjeY,22,5,61,636,0.0094,vanish
2249_DaeGaqASjeY,23,3,0,9069,0.0000,vanish
2249_DaeGaqASjeY,23,5,61,6076,0.1796,shrink
2249_DaeGaqASjeY,24,2,0,6556,0.0000,vanish
2249_DaeGaqASjeY,24,5,61,5713,0.1854,shrink
2249_DaeGaqASjeY,25,1,0,2727,0.0000,vanish
2249_DaeGaqASjeY,25,5,28,1727,0.0000,vanish
2249_DaeGaqASjeY,25,5,61,5354,0.1627,shrink
2249_DaeGaqASjeY,26,5,28,1716,0.0000,vanish
2249_DaeGaqASjeY,26,5,61,5049,0.0969,vanish
2249_DaeGaqASjeY,27,5,61,4586,0.0685,vanish
2249_DaeGaqASjeY,28,5,61,3522,0.0503,vanish
2249_DaeGaqASjeY,29,5,61,4577,0.0728,vanish
2249_DaeGaqASjeY,30,5,61,1165,0.1142,shrink
2249_DaeGaqASjeY,31,5,8,5414,0.2089,shrink
2249_DaeGaqASjeY,31,5,61,3144,0.0267,vanish
2249_DaeGaqASjeY,32,5,8,4301,0.1676,shrink
2249_DaeGaqASjeY,32,2,35,469,0.0000,vanish
2249_DaeGaqASjeY,32,5,61,1650,0.0212,vanish
2249_DaeGaqASjeY,33,5,8,2843,0.0900,vanish
2249_DaeGaqASjeY,33,4,18,684,0.0000,vanish
2249_DaeGaqASjeY,33,1,35,653,0.0000,vanish
2249_DaeGaqASjeY,34,5,8,2531,0.0000,vanish
2249_DaeGaqASjeY,34,4,18,415,0.0000,vanish
2249_DaeGaqASjeY,34,5,61,1989,0.0000,vanish
2249_DaeGaqASjeY,35,4,8,2019,0.0000,vanish
2249_DaeGaqASjeY,35,5,61,2072,0.0000,vanish
2249_DaeGaqASjeY,36,3,8,1510,0.0000,vanish
2249_DaeGaqASjeY,36,5,61,889,0.0000,vanish
2249_DaeGaqASjeY,37,2,8,1108,0.0000,vanish
2249_DaeGaqASjeY,37,5,61,1651,0.0073,vanish
2249_DaeGaqASjeY,38,5,18,426,0.0000,vanish
2249_DaeGaqASjeY,38,4,61,1146,0.0000,vanish
2249_DaeGaqASjeY,39,5,18,12631,0.0219,vanish
2249_DaeGaqASjeY,39,3,61,768,0.0000,vanish
2249_DaeGaqASjeY,41,5,18,11493,0.0028,vanish
2249_DaeGaqASjeY,41,2,61,443,0.0000,vanish
2249_DaeGaqASjeY,42,5,18,11029,0.0091,vanish
2249_DaeGaqASjeY,43,5,18,11288,0.0029,vanish
2249_DaeGaqASjeY,44,5,18,6198,0.0287,vanish
2249_DaeGaqASjeY,44,2,18,1069,0.0571,vanish
2249_DaeGaqASjeY,45,5,18,11437,0.0320,vanish
2249_DaeGaqASjeY,46,5,18,4461,0.0933,vanish
2249_DaeGaqASjeY,46,5,61,4540,0.2350,shrink
2249_DaeGaqASjeY,47,5,18,4408,0.1418,shrink
2249_DaeGaqASjeY,47,5,61,4114,0.1553,shrink
2249_DaeGaqASjeY,48,5,18,3982,0.1813,shrink
2249_DaeGaqASjeY,48,5,61,3310,0.1006,shrink
2249_DaeGaqASjeY,49,5,18,10954,0.2227,shrink
2249_DaeGaqASjeY,49,5,61,2589,0.0000,vanish
2249_DaeGaqASjeY,50,4,61,2171,0.0000,vanish
2249_DaeGaqASjeY,51,5,18,3084,0.1933,shrink
2249_DaeGaqASjeY,51,3,61,1951,0.0000,vanish
2249_DaeGaqASjeY,52,5,18,2701,0.2233,shrink
2249_DaeGaqASjeY,52,2,61,1389,0.0000,vanish
2249_DaeGaqASjeY,53,1,61,706,0.0000,vanish
2249_DaeGaqASjeY,54,5,18,2181,0.2348,shrink
2249_DaeGaqASjeY,56,3,8,2430,0.2412,shrink
2252_EHd-MeRlEKY,0,3,90,8838,0.0000,vanish
2252_EHd-MeRlEKY,1,2,90,3566,0.0000,vanish
2252_EHd-MeRlEKY,3,5,81,6666,0.2421,shrink
2252_EHd-MeRlEKY,4,5,81,5478,0.1858,shrink
2252_EHd-MeRlEKY,5,5,81,4583,0.1036,shrink
2252_EHd-MeRlEKY,6,5,81,3410,0.0000,vanish
2252_EHd-MeRlEKY,11,5,90,6681,0.2428,shrink
2252_EHd-MeRlEKY,12,5,90,6172,0.2382,shrink
2258_Gbwtw751iwM,0,1,13,814,0.0000,vanish
2258_Gbwtw751iwM,0,5,16,73046,0.0000,vanish
2258_Gbwtw751iwM,0,2,19,2184,0.0000,vanish
2258_Gbwtw751iwM,0,5,19,148901,0.0833,vanish
2258_Gbwtw751iwM,0,5,53,46612,0.2167,shrink
2258_Gbwtw751iwM,0,1,53,7392,0.1381,shrink
2258_Gbwtw751iwM,0,3,61,30304,0.0000,vanish
2258_Gbwtw751iwM,1,5,16,154822,0.1333,shrink
2258_Gbwtw751iwM,1,5,19,140428,0.0219,vanish
2258_Gbwtw751iwM,1,1,49,6014,0.0000,vanish
2258_Gbwtw751iwM,1,1,53,8277,0.1615,shrink
2258_Gbwtw751iwM,1,2,61,35723,0.0000,vanish
2258_Gbwtw751iwM,1,5,67,155351,0.1517,shrink
2258_Gbwtw751iwM,1,2,67,5926,0.0000,vanish
2258_Gbwtw751iwM,2,5,16,171770,0.0262,vanish
2258_Gbwtw751iwM,2,5,16,396,0.0000,vanish
2258_Gbwtw751iwM,2,5,19,127225,0.0085,vanish
2258_Gbwtw751iwM,2,2,61,41699,0.0000,vanish
2258_Gbwtw751iwM,2,5,67,162390,0.0883,vanish
2258_Gbwtw751iwM,2,1,67,2150,0.0000,vanish
2258_Gbwtw751iwM,3,5,16,202326,0.0201,vanish
2258_Gbwtw751iwM,3,4,16,25643,0.0000,vanish
2258_Gbwtw751iwM,3,4,19,81485,0.0090,vanish
2258_Gbwtw751iwM,3,1,25,44410,0.0000,vanish
2258_Gbwtw751iwM,3,2,61,52093,0.0000,vanish
2258_Gbwtw751iwM,3,5,67,184427,0.0942,vanish
2258_Gbwtw751iwM,4,5,16,199930,0.0253,vanish
2258_Gbwtw751iwM,4,3,16,15229,0.0000,vanish
2258_Gbwtw751iwM,4,3,19,41649,0.0176,vanish
2258_Gbwtw751iwM,4,2,49,5293,0.0000,vanish
2258_Gbwtw751iwM,4,1,53,11788,0.1436,shrink
2258_Gbwtw751iwM,4,3,61,62505,0.0000,vanish
2258_Gbwtw751iwM,4,5,67,201014,0.1005,shrink
2258_Gbwtw751iwM,5,5,16,194759,0.0725,vanish
2258_Gbwtw751iwM,5,2,16,12006,0.0000,vanish
2258_Gbwtw751iwM,5,1,19,7882,0.0000,vanish
2258_Gbwtw751iwM,5,2,19,5386,0.1357,shrink
2258_Gbwtw751iwM,5,5,67,184355,0.1884,shrink
2258_Gbwtw751iwM,5,5,67,26059,0.0211,vanish
2258_Gbwtw751iwM,6,5,16,183081,0.0973,vanish
2258_Gbwtw751iwM,6,1,16,2782,0.0000,vanish
2258_Gbwtw751iwM,6,5,19,2243,0.0103,vanish
2258_Gbwtw751iwM,6,2,49,1373,0.0000,vanish
2258_Gbwtw751iwM,6,5,67,177525,0.2316,shrink
2258_Gbwtw751iwM,6,3,67,7727,0.0457,vanish
2258_Gbwtw751iwM,7,3,19,731,0.0000,vanish
2258_Gbwtw751iwM,7,5,49,19026,0.0000,vanish
2258_Gbwtw751iwM,7,5,61,86766,0.0534,vanish
2258_Gbwtw751iwM,7,2,67,6683,0.1155,shrink
2258_Gbwtw751iwM,8,3,19,1693,0.0195,vanish
2258_Gbwtw751iwM,8,5,53,14566,0.0633,vanish
2258_Gbwtw751iwM,8,5,61,101415,0.0000,vanish
2258_Gbwtw751iwM,8,2,67,4566,0.0471,vanish
2258_Gbwtw751iwM,9,2,19,848,0.1344,shrink
2258_Gbwtw751iwM,9,5,61,118526,0.0000,vanish
2258_Gbwtw751iwM,11,2,13,540,0.0000,vanish
2258_Gbwtw751iwM,11,4,16,6464,0.2353,shrink
2258_Gbwtw751iwM,11,1,49,5303,0.0000,vanish
2258_Gbwtw751iwM,11,5,67,3673,0.0000,vanish
2258_Gbwtw751iwM,12,1,13,387,0.0000,vanish
2258_Gbwtw751iwM,12,5,67,8676,0.0000,vanish
2258_Gbwtw751iwM,13,5,53,204192,0.2466,shrink
2258_Gbwtw751iwM,14,1,0,555,0.0000,vanish
2258_Gbwtw751iwM,14,2,13,2743,0.0000,vanish
2258_Gbwtw751iwM,14,2,49,2853,0.0000,vanish
2258_Gbwtw751iwM,14,5,53,182068,0.2078,shrink
2258_Gbwtw751iwM,15,2,16,2013,0.0000,vanish
2258_Gbwtw751iwM,15,5,19,1721,0.1488,shrink
2258_Gbwtw751iwM,15,1,19,481,0.0000,vanish
2258_Gbwtw751iwM,15,1,49,2383,0.0000,vanish
2258_Gbwtw751iwM,15,5,53,165423,0.1830,shrink
2258_Gbwtw751iwM,16,4,16,2734,0.1704,shrink
2258_Gbwtw751iwM,16,4,53,140445,0.1935,shrink
2258_Gbwtw751iwM,19,1,13,1024,0.0000,vanish
2258_Gbwtw751iwM,19,5,16,2814,0.1194,shrink
2258_Gbwtw751iwM,20,5,16,1933,0.0000,vanish
2258_Gbwtw751iwM,20,1,16,397,0.0000,vanish
2258_Gbwtw751iwM,20,1,49,3174,0.0000,vanish
2258_Gbwtw751iwM,21,4,16,1785,0.0000,vanish
2258_Gbwtw751iwM,22,3,16,1485,0.0000,vanish
2258_Gbwtw751iwM,23,3,16,1299,0.0000,vanish
2258_Gbwtw751iwM,24,2,13,7046,0.0000,vanish
2258_Gbwtw751iwM,24,3,16,464,0.0000,vanish
2258_Gbwtw751iwM,24,2,19,400,0.0000,vanish
2258_Gbwtw751iwM,25,1,13,3382,0.0000,vanish
2258_Gbwtw751iwM,25,3,16,12489,0.0000,vanish
2258_Gbwtw751iwM,26,2,16,14140,0.0000,vanish
2258_Gbwtw751iwM,26,2,16,5650,0.1729,shrink
2258_Gbwtw751iwM,27,2,16,14819,0.0000,vanish
2258_Gbwtw751iwM,27,1,16,8855,0.0000,vanish
2258_Gbwtw751iwM,27,2,19,17401,0.0000,vanish
2258_Gbwtw751iwM,28,5,16,14679,0.0039,vanish
2258_Gbwtw751iwM,28,2,16,13201,0.0068,vanish
2258_Gbwtw751iwM,28,5,19,19270,0.0397,vanish
2258_Gbwtw751iwM,29,5,16,54011,0.2092,shrink
2258_Gbwtw751iwM,30,5,16,45426,0.0909,vanish
2258_Gbwtw751iwM,31,5,16,38101,0.0000,vanish
2258_Gbwtw751iwM,31,5,67,40106,0.1734,shrink
2258_Gbwtw751iwM,32,4,16,28090,0.0000,vanish
2258_Gbwtw751iwM,32,5,67,33674,0.2073,shrink
2258_Gbwtw751iwM,33,3,16,21589,0.0000,vanish
2258_Gbwtw751iwM,33,5,67,28415,0.1863,shrink
2258_Gbwtw751iwM,34,1,13,13068,0.0000,vanish
2258_Gbwtw751iwM,34,2,16,16575,0.0000,vanish
2258_Gbwtw751iwM,34,5,67,24992,0.1907,shrink
2258_Gbwtw751iwM,35,1,13,793,0.0000,vanish
2258_Gbwtw751iwM,35,1,16,7563,0.0000,vanish
2258_Gbwtw751iwM,35,5,67,19924,0.1521,shrink
2258_Gbwtw751iwM,36,4,67,13452,0.1210,shrink
2258_Gbwtw751iwM,37,2,67,41854,0.0000,vanish
2258_Gbwtw751iwM,38,5,16,57575,0.1614,shrink
2258_Gbwtw751iwM,38,5,19,18919,0.1726,shrink
2258_Gbwtw751iwM,38,1,67,3046,0.0000,vanish
2258_Gbwtw751iwM,38,1,67,6219,0.0000,vanish
2258_Gbwtw751iwM,39,5,16,65628,0.1102,shrink
2258_Gbwtw751iwM,39,4,19,12386,0.1081,shrink
2258_Gbwtw751iwM,40,4,16,76024,0.2023,shrink
2258_Gbwtw751iwM,40,3,19,1930,0.0601,vanish
2258_Gbwtw751iwM,40,4,53,34359,0.0000,vanish
2258_Gbwtw751iwM,41,3,16,81268,0.2499,shrink
2258_Gbwtw751iwM,41,2,19,8631,0.0462,vanish
2258_Gbwtw751iwM,41,3,53,35436,0.0000,vanish
2258_Gbwtw751iwM,42,1,19,9463,0.0188,vanish
2258_Gbwtw751iwM,42,2,53,36651,0.0000,vanish
2258_Gbwtw751iwM,42,1,67,23555,0.0074,vanish
2258_Gbwtw751iwM,43,1,13,6610,0.0000,vanish
2260_Gh2yGSTIiSI,0,5,31,398599,0.2193,shrink
2260_Gh2yGSTIiSI,1,1,15,416,0.0000,vanish
2260_Gh2yGSTIiSI,1,5,31,415594,0.1361,shrink
2260_Gh2yGSTIiSI,2,4,31,436581,0.1245,shrink
2260_Gh2yGSTIiSI,2,2,31,10573,0.0000,vanish
2260_Gh2yGSTIiSI,2,2,31,177248,0.1319,shrink
2260_Gh2yGSTIiSI,2,1,31,7339,0.0000,vanish
2260_Gh2yGSTIiSI,3,1,31,77607,0.0901,vanish
2260_Gh2yGSTIiSI,4,1,31,6738,0.0000,vanish
2260_Gh2yGSTIiSI,5,3,31,213870,0.1549,shrink
2260_Gh2yGSTIiSI,5,5,31,198817,0.0000,vanish
2260_Gh2yGSTIiSI,6,5,15,441032,0.1595,shrink
2260_Gh2yGSTIiSI,6,2,31,227732,0.1090,shrink
2260_Gh2yGSTIiSI,6,1,31,142455,0.0030,vanish
2260_Gh2yGSTIiSI,7,3,31,212670,0.1744,shrink
2260_Gh2yGSTIiSI,8,5,15,1668046,0.1957,shrink
2260_Gh2yGSTIiSI,8,2,31,149430,0.2417,shrink
2260_Gh2yGSTIiSI,9,5,15,1568375,0.1482,shrink
2260_Gh2yGSTIiSI,9,1,31,997,0.0000,vanish
2260_Gh2yGSTIiSI,10,2,15,75904,0.2095,shrink
2260_Gh2yGSTIiSI,10,5,15,1195532,0.0755,vanish
2260_Gh2yGSTIiSI,11,2,15,22412,0.0077,vanish
2260_Gh2yGSTIiSI,11,5,15,227072,0.1261,shrink
2260_Gh2yGSTIiSI,11,4,15,404875,0.0000,vanish
2260_Gh2yGSTIiSI,11,1,31,832,0.0000,vanish
2260_Gh2yGSTIiSI,12,1,15,12046,0.0000,vanish
2260_Gh2yGSTIiSI,12,5,15,90036,0.0000,vanish
2260_Gh2yGSTIiSI,12,5,15,4641,0.0000,vanish
2260_Gh2yGSTIiSI,12,3,15,416311,0.0000,vanish
2260_Gh2yGSTIiSI,13,5,15,120489,0.0000,vanish
2260_Gh2yGSTIiSI,13,1,15,128771,0.0000,vanish
2260_Gh2yGSTIiSI,13,1,15,4479,0.0000,vanish
2260_Gh2yGSTIiSI,13,1,15,1808,0.0000,vanish
2260_Gh2yGSTIiSI,13,5,31,59254,0.0000,vanish
2260_Gh2yGSTIiSI,14,5,15,529110,0.1322,shrink
2260_Gh2yGSTIiSI,14,2,15,34374,0.0000,vanish
2260_Gh2yGSTIiSI,14,1,15,357,0.0000,vanish
2260_Gh2yGSTIiSI,14,3,15,84765,0.0000,vanish
2260_Gh2yGSTIiSI,14,1,15,9328,0.0000,vanish
2260_Gh2yGSTIiSI,14,1,37,2547,0.0000,vanish
2260_Gh2yGSTIiSI,15,5,15,518911,0.0716,vanish
2260_Gh2yGSTIiSI,15,2,15,37797,0.0000,vanish
2260_Gh2yGSTIiSI,15,2,15,28176,0.0000,vanish
2260_Gh2yGSTIiSI,15,2,15,24259,0.0000,vanish
2260_Gh2yGSTIiSI,16,5,15,512254,0.0701,vanish
2260_Gh2yGSTIiSI,16,2,15,113120,0.1490,shrink
2260_Gh2yGSTIiSI,16,1,15,18622,0.0000,vanish
2260_Gh2yGSTIiSI,16,1,15,2855,0.0000,vanish
2260_Gh2yGSTIiSI,16,1,15,4623,0.0000,vanish
2260_Gh2yGSTIiSI,17,5,15,492475,0.0723,vanish
2260_Gh2yGSTIiSI,17,2,15,75782,0.1346,shrink
2260_Gh2yGSTIiSI,18,5,15,477494,0.0568,vanish
2260_Gh2yGSTIiSI,18,1,15,7263,0.0000,vanish
2260_Gh2yGSTIiSI,18,2,15,25373,0.0000,vanish
2260_Gh2yGSTIiSI,19,5,15,469960,0.0845,vanish
2260_Gh2yGSTIiSI,19,1,15,5404,0.0000,vanish
2260_Gh2yGSTIiSI,20,5,15,457657,0.0756,vanish
2260_Gh2yGSTIiSI,20,2,15,64069,0.0000,vanish
2260_Gh2yGSTIiSI,21,5,15,437097,0.0749,vanish
2260_Gh2yGSTIiSI,21,2,15,49292,0.0000,vanish
2260_Gh2yGSTIiSI,21,4,31,134699,0.0000,vanish
2260_Gh2yGSTIiSI,22,5,15,415258,0.0791,vanish
2260_Gh2yGSTIiSI,22,1,15,3529,0.0000,vanish
2260_Gh2yGSTIiSI,22,3,31,109582,0.0000,vanish
2260_Gh2yGSTIiSI,23,5,15,386563,0.0232,vanish
2260_Gh2yGSTIiSI,23,2,31,61810,0.0000,vanish
2260_Gh2yGSTIiSI,24,5,15,365191,0.0031,vanish
2260_Gh2yGSTIiSI,24,1,31,12350,0.0000,vanish
2260_Gh2yGSTIiSI,25,5,15,326183,0.0000,vanish
2260_Gh2yGSTIiSI,26,5,15,275999,0.0012,vanish
2260_Gh2yGSTIiSI,27,5,15,243213,0.0021,vanish
2260_Gh2yGSTIiSI,27,4,15,277548,0.1996,shrink
2260_Gh2yGSTIiSI,28,5,15,181188,0.0031,vanish
2260_Gh2yGSTIiSI,29,1,15,355,0.0000,vanish
2260_Gh2yGSTIiSI,29,1,15,568,0.0000,vanish
2260_Gh2yGSTIiSI,29,5,15,141726,0.0009,vanish
2260_Gh2yGSTIiSI,30,5,15,114707,0.0035,vanish
2260_Gh2yGSTIiSI,30,1,31,10519,0.0000,vanish
2260_Gh2yGSTIiSI,31,5,15,99624,0.0000,vanish
2260_Gh2yGSTIiSI,31,1,37,1176,0.0000,vanish
2260_Gh2yGSTIiSI,32,5,15,85131,0.0002,vanish
2260_Gh2yGSTIiSI,32,1,37,515,0.0000,vanish
2260_Gh2yGSTIiSI,33,5,15,74057,0.0000,vanish
2260_Gh2yGSTIiSI,33,1,31,3415,0.0000,vanish
2260_Gh2yGSTIiSI,34,4,15,62107,0.0000,vanish
2260_Gh2yGSTIiSI,35,4,15,53958,0.0000,vanish
2260_Gh2yGSTIiSI,35,3,31,26646,0.0000,vanish
2260_Gh2yGSTIiSI,36,4,15,42575,0.0000,vanish
2260_Gh2yGSTIiSI,36,2,31,19326,0.0000,vanish
2260_Gh2yGSTIiSI,37,4,15,33960,0.0000,vanish
2260_Gh2yGSTIiSI,38,3,15,20361,0.0000,vanish
2260_Gh2yGSTIiSI,39,3,15,13419,0.0000,vanish
2260_Gh2yGSTIiSI,39,5,30,169151,0.2076,shrink
2260_Gh2yGSTIiSI,40,2,15,8779,0.0000,vanish
2260_Gh2yGSTIiSI,40,5,30,140026,0.1401,shrink
2260_Gh2yGSTIiSI,41,2,15,3533,0.0000,vanish
2260_Gh2yGSTIiSI,41,5,30,112719,0.0673,vanish
2260_Gh2yGSTIiSI,41,1,37,768,0.0000,vanish
2260_Gh2yGSTIiSI,42,5,30,87112,0.0135,vanish
2260_Gh2yGSTIiSI,42,2,31,94228,0.0732,vanish
2260_Gh2yGSTIiSI,43,5,30,63671,0.0006,vanish
2260_Gh2yGSTIiSI,43,1,31,49562,0.0000,vanish
2260_Gh2yGSTIiSI,44,1,0,13355,0.0000,vanish
2260_Gh2yGSTIiSI,44,5,30,41224,0.0000,vanish
2260_Gh2yGSTIiSI,45,4,30,21129,0.0000,vanish
2260_Gh2yGSTIiSI,46,3,30,7587,0.0000,vanish
2260_Gh2yGSTIiSI,47,2,30,1179,0.0000,vanish
2260_Gh2yGSTIiSI,48,3,15,39422,0.0000,vanish
2260_Gh2yGSTIiSI,49,3,15,29399,0.0000,vanish
2260_Gh2yGSTIiSI,49,3,15,2274,0.0000,vanish
2260_Gh2yGSTIiSI,50,3,15,17529,0.0000,vanish
2260_Gh2yGSTIiSI,51,2,15,8097,0.0000,vanish
2260_Gh2yGSTIiSI,57,1,15,14643,0.0000,vanish
2262_Gqi6B4zQSjE,0,5,2,31785,0.0010,vanish
2262_Gqi6B4zQSjE,1,4,2,37986,0.0008,vanish
2262_Gqi6B4zQSjE,1,4,85,2885,0.0000,vanish
2262_Gqi6B4zQSjE,1,5,105,32183,0.1395,shrink
2262_Gqi6B4zQSjE,2,3,2,28831,0.0000,vanish
2262_Gqi6B4zQSjE,2,3,85,2871,0.0000,vanish
2262_Gqi6B4zQSjE,2,5,105,43638,0.1340,shrink
2262_Gqi6B4zQSjE,3,2,2,23004,0.0000,vanish
2262_Gqi6B4zQSjE,3,5,2,69576,0.2464,shrink
2262_Gqi6B4zQSjE,3,2,85,4158,0.0000,vanish
2262_Gqi6B4zQSjE,3,5,105,41923,0.1331,shrink
2262_Gqi6B4zQSjE,4,5,2,60755,0.2207,shrink
2262_Gqi6B4zQSjE,4,5,105,40315,0.0678,vanish
2262_Gqi6B4zQSjE,4,5,105,34236,0.0953,vanish
2262_Gqi6B4zQSjE,5,5,2,42888,0.1714,shrink
2262_Gqi6B4zQSjE,5,1,85,6768,0.0000,vanish
2262_Gqi6B4zQSjE,5,5,105,29276,0.0005,vanish
2262_Gqi6B4zQSjE,5,5,105,44297,0.0087,vanish
2262_Gqi6B4zQSjE,6,5,1,57217,0.0143,vanish
2262_Gqi6B4zQSjE,6,5,1,54301,0.0060,vanish
2262_Gqi6B4zQSjE,6,5,2,26948,0.0215,vanish
2262_Gqi6B4zQSjE,6,5,105,13026,0.0000,vanish
2262_Gqi6B4zQSjE,6,5,105,53171,0.0000,vanish
2262_Gqi6B4zQSjE,6,5,107,110377,0.1729,shrink
2262_Gqi6B4zQSjE,7,5,1,106681,0.0000,vanish
2262_Gqi6B4zQSjE,7,5,2,35050,0.0837,vanish
2262_Gqi6B4zQSjE,7,5,2,22015,0.0000,vanish
2262_Gqi6B4zQSjE,7,4,105,10425,0.0000,vanish
2262_Gqi6B4zQSjE,7,4,105,53508,0.0000,vanish
2262_Gqi6B4zQSjE,7,5,107,79517,0.0492,vanish
2262_Gqi6B4zQSjE,7,5,107,79232,0.2047,shrink
2262_Gqi6B4zQSjE,8,4,1,53846,0.0000,vanish
2262_Gqi6B4zQSjE,8,4,1,45737,0.0000,vanish
2262_Gqi6B4zQSjE,8,5,1,114354,0.2083,shrink
2262_Gqi6B4zQSjE,8,5,2,44630,0.0929,vanish
2262_Gqi6B4zQSjE,8,4,2,22232,0.0000,vanish
2262_Gqi6B4zQSjE,8,3,105,8301,0.0000,vanish
2262_Gqi6B4zQSjE,8,4,105,53312,0.0000,vanish
2262_Gqi6B4zQSjE,8,5,107,93942,0.0166,vanish
2262_Gqi6B4zQSjE,8,5,107,84091,0.0904,vanish
2262_Gqi6B4zQSjE,9,3,1,54916,0.0000,vanish
2262_Gqi6B4zQSjE,9,3,1,36588,0.0000,vanish
2262_Gqi6B4zQSjE,9,5,1,127205,0.1131,shrink
2262_Gqi6B4zQSjE,9,5,2,49273,0.0113,vanish
2262_Gqi6B4zQSjE,9,3,2,19680,0.0000,vanish
2262_Gqi6B4zQSjE,9,2,105,4213,0.0000,vanish
2262_Gqi6B4zQSjE,9,3,105,56351,0.0000,vanish
2262_Gqi6B4zQSjE,9,5,107,71285,0.0000,vanish
2262_Gqi6B4zQSjE,9,5,107,100558,0.0000,vanish
2262_Gqi6B4zQSjE,10,2,1,28851,0.0000,vanish
2262_Gqi6B4zQSjE,10,2,1,20139,0.0000,vanish
2262_Gqi6B4zQSjE,10,5,1,148775,0.1142,shrink
2262_Gqi6B4zQSjE,10,5,2,49476,0.0000,vanish
2262_Gqi6B4zQSjE,10,2,2,11707,0.0000,vanish
2262_Gqi6B4zQSjE,10,5,9,147701,0.0623,vanish
2262_Gqi6B4zQSjE,10,1,95,449,0.0000,vanish
2262_Gqi6B4zQSjE,10,1,105,335,0.0000,vanish
2262_Gqi6B4zQSjE,10,2,105,63092,0.0000,vanish
2262_Gqi6B4zQSjE,10,4,107,66352,0.0000,vanish
2262_Gqi6B4zQSjE,10,5,107,143277,0.0000,vanish
2262_Gqi6B4zQSjE,11,1,1,1628,0.0000,vanish
2262_Gqi6B4zQSjE,11,1,1,523,0.0000,vanish
2262_Gqi6B4zQSjE,11,1,1,893,0.0000,vanish
2262_Gqi6B4zQSjE,11,5,1,170356,0.1074,shrink
2262_Gqi6B4zQSjE,11,4,2,46203,0.0000,vanish
2262_Gqi6B4zQSjE,11,1,2,886,0.0000,vanish
2262_Gqi6B4zQSjE,11,5,9,150068,0.0037,vanish
2262_Gqi6B4zQSjE,11,1,95,438,0.0000,vanish
2262_Gqi6B4zQSjE,11,2,105,67908,0.0000,vanish
2262_Gqi6B4zQSjE,11,3,107,19085,0.0000,vanish
2262_Gqi6B4zQSjE,11,5,107,163747,0.0000,vanish
2262_Gqi6B4zQSjE,11,4,110,3348,0.0000,vanish
2262_Gqi6B4zQSjE,12,4,1,173089,0.1141,shrink
2262_Gqi6B4zQSjE,12,3,2,47008,0.0000,vanish
2262_Gqi6B4zQSjE,12,5,9,133587,0.0000,vanish
2262_Gqi6B4zQSjE,12,2,105,37352,0.0000,vanish
2262_Gqi6B4zQSjE,12,2,107,3915,0.0000,vanish
2262_Gqi6B4zQSjE,12,4,110,31870,0.0000,vanish
2262_Gqi6B4zQSjE,13,1,1,1069,0.0000,vanish
2262_Gqi6B4zQSjE,13,2,2,48115,0.0000,vanish
2262_Gqi6B4zQSjE,13,4,9,133669,0.0000,vanish
2262_Gqi6B4zQSjE,13,1,105,18330,0.0000,vanish
2262_Gqi6B4zQSjE,13,1,107,1556,0.0000,vanish
2262_Gqi6B4zQSjE,13,4,110,51405,0.0000,vanish
2262_Gqi6B4zQSjE,14,1,2,38576,0.0000,vanish
2262_Gqi6B4zQSjE,14,5,9,104361,0.0000,vanish
2262_Gqi6B4zQSjE,14,4,110,85602,0.0000,vanish
2262_Gqi6B4zQSjE,15,1,1,893,0.0000,vanish
2262_Gqi6B4zQSjE,15,5,9,56340,0.0000,vanish
2262_Gqi6B4zQSjE,15,5,110,100276,0.1173,shrink
2262_Gqi6B4zQSjE,15,1,114,7323,0.0000,vanish
2262_Gqi6B4zQSjE,16,5,9,24680,0.0429,vanish
2262_Gqi6B4zQSjE,16,5,105,22452,0.0000,vanish
2262_Gqi6B4zQSjE,16,5,110,77995,0.2103,shrink
2262_Gqi6B4zQSjE,16,1,114,9571,0.0000,vanish
2262_Gqi6B4zQSjE,17,3,9,986,0.0000,vanish
2262_Gqi6B4zQSjE,17,1,85,1951,0.0000,vanish
2262_Gqi6B4zQSjE,17,4,105,13233,0.0000,vanish
2262_Gqi6B4zQSjE,18,4,105,8641,0.0000,vanish
2262_Gqi6B4zQSjE,19,3,105,12924,0.0000,vanish
2262_Gqi6B4zQSjE,20,5,9,10685,0.2246,shrink
2262_Gqi6B4zQSjE,20,2,105,4639,0.0000,vanish
2262_Gqi6B4zQSjE,21,4,9,7767,0.1510,shrink
2265_I2EYxtMWbj0,0,4,29,9891,0.0692,vanish
2265_I2EYxtMWbj0,1,3,29,5464,0.2236,shrink
2265_I2EYxtMWbj0,4,3,67,777,0.0000,vanish
2265_I2EYxtMWbj0,5,2,67,2030,0.0227,vanish
2265_I2EYxtMWbj0,10,1,29,388,0.0000,vanish
2265_I2EYxtMWbj0,11,5,29,12396,0.0681,vanish
2265_I2EYxtMWbj0,12,5,29,10061,0.0000,vanish
2265_I2EYxtMWbj0,12,5,67,1110,0.1973,shrink
2265_I2EYxtMWbj0,13,4,29,7746,0.0000,vanish
2265_I2EYxtMWbj0,13,4,67,2042,0.2307,shrink
2265_I2EYxtMWbj0,14,3,29,2044,0.0000,vanish
2265_I2EYxtMWbj0,15,5,16,6485,0.0572,vanish
2265_I2EYxtMWbj0,15,2,29,1695,0.0000,vanish
2265_I2EYxtMWbj0,15,5,29,10813,0.0710,vanish
2265_I2EYxtMWbj0,16,4,16,6350,0.0000,vanish
2265_I2EYxtMWbj0,16,5,29,9458,0.0469,vanish
2265_I2EYxtMWbj0,16,5,29,5076,0.0339,vanish
2265_I2EYxtMWbj0,16,4,67,4712,0.2475,shrink
2265_I2EYxtMWbj0,17,3,16,6628,0.0000,vanish
2265_I2EYxtMWbj0,17,5,29,9672,0.0025,vanish
2265_I2EYxtMWbj0,17,3,29,1374,0.0000,vanish
2265_I2EYxtMWbj0,17,5,29,5563,0.0000,vanish
2265_I2EYxtMWbj0,17,5,67,4725,0.0000,vanish
2265_I2EYxtMWbj0,18,2,16,7235,0.0000,vanish
2265_I2EYxtMWbj0,18,5,29,10970,0.0387,vanish
2265_I2EYxtMWbj0,18,4,67,5046,0.0000,vanish
2265_I2EYxtMWbj0,19,3,16,8371,0.0000,vanish
2265_I2EYxtMWbj0,19,4,29,8350,0.0000,vanish
2265_I2EYxtMWbj0,19,1,29,914,0.0000,vanish
2265_I2EYxtMWbj0,20,4,16,10342,0.0000,vanish
2265_I2EYxtMWbj0,20,3,29,3061,0.0000,vanish
2265_I2EYxtMWbj0,20,3,29,401,0.0000,vanish
2265_I2EYxtMWbj0,20,4,67,7409,0.1622,shrink
2265_I2EYxtMWbj0,21,3,16,10996,0.0000,vanish
2265_I2EYxtMWbj0,21,2,29,2706,0.0000,vanish
2265_I2EYxtMWbj0,21,2,29,334,0.0000,vanish
2265_I2EYxtMWbj0,21,4,67,6922,0.0981,vanish
2265_I2EYxtMWbj0,22,1,29,2438,0.0000,vanish
2265_I2EYxtMWbj0,22,1,29,858,0.0000,vanish
2265_I2EYxtMWbj0,23,1,16,357,0.0336,vanish
2265_I2EYxtMWbj0,23,5,67,4880,0.1020,shrink
2265_I2EYxtMWbj0,24,5,15,4387,0.1949,shrink
2265_I2EYxtMWbj0,25,5,15,5956,0.2241,shrink
2265_I2EYxtMWbj0,25,4,16,609,0.0000,vanish
2265_I2EYxtMWbj0,25,5,28,13817,0.1775,shrink
2265_I2EYxtMWbj0,26,5,15,7788,0.1789,shrink
2265_I2EYxtMWbj0,26,3,16,811,0.0000,vanish
2265_I2EYxtMWbj0,26,5,28,14248,0.1018,shrink
2265_I2EYxtMWbj0,26,3,67,338,0.0000,vanish
2265_I2EYxtMWbj0,27,5,15,10120,0.2162,shrink
2265_I2EYxtMWbj0,27,2,16,858,0.0000,vanish
2265_I2EYxtMWbj0,27,5,28,14055,0.0392,vanish
2265_I2EYxtMWbj0,27,4,67,3691,0.0000,vanish
2265_I2EYxtMWbj0,28,1,16,589,0.0000,vanish
2265_I2EYxtMWbj0,28,5,29,1004,0.0000,vanish
2265_I2EYxtMWbj0,28,3,67,3850,0.0000,vanish
2265_I2EYxtMWbj0,29,3,67,2038,0.0000,vanish
2265_I2EYxtMWbj0,30,2,67,2952,0.0000,vanish
2265_I2EYxtMWbj0,31,5,16,10934,0.0817,vanish
2265_I2EYxtMWbj0,31,1,28,410,0.0000,vanish
2265_I2EYxtMWbj0,31,4,29,5109,0.2073,shrink
2265_I2EYxtMWbj0,32,5,16,9393,0.0000,vanish
2265_I2EYxtMWbj0,32,5,29,5875,0.0123,vanish
2265_I2EYxtMWbj0,33,5,16,8619,0.0000,vanish
2265_I2EYxtMWbj0,33,4,29,4844,0.0149,vanish
2265_I2EYxtMWbj0,34,5,16,8347,0.0262,vanish
2265_I2EYxtMWbj0,34,5,29,2756,0.0000,vanish
2265_I2EYxtMWbj0,34,5,67,5097,0.0000,vanish
2265_I2EYxtMWbj0,35,5,16,8306,0.1546,shrink
2265_I2EYxtMWbj0,35,4,29,1059,0.0000,vanish
2265_I2EYxtMWbj0,35,4,67,4462,0.0000,vanish
2265_I2EYxtMWbj0,36,5,16,7799,0.1834,shrink
2265_I2EYxtMWbj0,36,3,29,1069,0.0000,vanish
2265_I2EYxtMWbj0,36,4,67,4444,0.0000,vanish
2265_I2EYxtMWbj0,37,5,16,7276,0.2081,shrink
2265_I2EYxtMWbj0,37,4,67,4098,0.0000,vanish
2265_I2EYxtMWbj0,38,5,16,7001,0.2195,shrink
2265_I2EYxtMWbj0,38,3,67,3224,0.0000,vanish
2265_I2EYxtMWbj0,39,5,16,6632,0.2491,shrink
2265_I2EYxtMWbj0,39,3,67,2591,0.0000,vanish
2265_I2EYxtMWbj0,45,5,16,4754,0.0362,vanish
2265_I2EYxtMWbj0,45,3,29,1892,0.0000,vanish
2265_I2EYxtMWbj0,46,5,16,5332,0.0000,vanish
2265_I2EYxtMWbj0,46,2,29,1425,0.0000,vanish
2265_I2EYxtMWbj0,47,4,16,5883,0.0000,vanish
2265_I2EYxtMWbj0,47,5,29,9831,0.0273,vanish
2265_I2EYxtMWbj0,48,5,15,40019,0.2216,shrink
2265_I2EYxtMWbj0,48,4,16,5868,0.0000,vanish
2265_I2EYxtMWbj0,48,2,29,708,0.0000,vanish
2265_I2EYxtMWbj0,48,5,29,10173,0.0000,vanish
2265_I2EYxtMWbj0,49,5,15,40144,0.1545,shrink
2265_I2EYxtMWbj0,49,3,16,6414,0.0000,vanish
2265_I2EYxtMWbj0,49,4,29,9515,0.0000,vanish
2265_I2EYxtMWbj0,50,5,15,40309,0.1498,shrink
2265_I2EYxtMWbj0,50,3,16,6234,0.0000,vanish
2265_I2EYxtMWbj0,50,3,29,8110,0.0000,vanish
2265_I2EYxtMWbj0,51,5,15,39696,0.2416,shrink
2265_I2EYxtMWbj0,51,2,16,6296,0.0000,vanish
2265_I2EYxtMWbj0,51,2,29,5374,0.0000,vanish
2265_I2EYxtMWbj0,52,2,16,6404,0.0000,vanish
2265_I2EYxtMWbj0,52,2,28,5028,0.0000,vanish
2265_I2EYxtMWbj0,52,2,28,7104,0.0000,vanish
2265_I2EYxtMWbj0,52,2,28,6816,0.0000,vanish
2265_I2EYxtMWbj0,52,1,29,1638,0.0000,vanish
2265_I2EYxtMWbj0,53,3,16,5754,0.0000,vanish
2265_I2EYxtMWbj0,53,1,28,1015,0.0000,vanish
2265_I2EYxtMWbj0,53,1,28,2423,0.0000,vanish
2265_I2EYxtMWbj0,53,1,28,1040,0.0000,vanish
2265_I2EYxtMWbj0,54,4,16,5236,0.0277,vanish
2265_I2EYxtMWbj0,61,1,15,1225,0.0000,vanish
2265_I2EYxtMWbj0,61,5,61,66888,0.2017,shrink
2265_I2EYxtMWbj0,62,5,61,71919,0.0000,vanish
2265_I2EYxtMWbj0,63,5,16,2892,0.2479,shrink
2265_I2EYxtMWbj0,63,4,61,73638,0.0000,vanish
2265_I2EYxtMWbj0,64,5,16,2828,0.0000,vanish
2265_I2EYxtMWbj0,64,3,61,69320,0.0000,vanish
2265_I2EYxtMWbj0,64,5,67,4239,0.2085,shrink
2265_I2EYxtMWbj0,65,5,16,2499,0.0000,vanish
2265_I2EYxtMWbj0,65,5,29,26154,0.0000,vanish
2265_I2EYxtMWbj0,65,2,61,59354,0.0000,vanish
2265_I2EYxtMWbj0,65,5,67,4149,0.1063,shrink
2265_I2EYxtMWbj0,65,5,67,7188,0.2472,shrink
2265_I2EYxtMWbj0,66,4,16,2132,0.0000,vanish
2265_I2EYxtMWbj0,66,4,29,28820,0.0000,vanish
2265_I2EYxtMWbj0,66,1,61,21989,0.0000,vanish
2265_I2EYxtMWbj0,66,5,67,4127,0.0000,vanish
2265_I2EYxtMWbj0,67,3,16,1727,0.0000,vanish
2265_I2EYxtMWbj0,67,5,28,27299,0.1943,shrink
2265_I2EYxtMWbj0,67,3,29,28871,0.0000,vanish
2265_I2EYxtMWbj0,67,5,67,69351,0.0195,vanish
2265_I2EYxtMWbj0,67,4,67,3781,0.0000,vanish
2265_I2EYxtMWbj0,67,5,67,8764,0.0000,vanish
2265_I2EYxtMWbj0,67,3,67,1523,0.0000,vanish
2265_I2EYxtMWbj0,68,5,16,145500,0.1533,shrink
2265_I2EYxtMWbj0,68,2,16,1689,0.0000,vanish
2265_I2EYxtMWbj0,68,4,28,26118,0.2104,shrink
2265_I2EYxtMWbj0,68,2,29,25540,0.0000,vanish
2265_I2EYxtMWbj0,68,2,29,2156,0.0000,vanish
2265_I2EYxtMWbj0,68,5,67,67264,0.0000,vanish
2265_I2EYxtMWbj0,68,3,67,3082,0.0000,vanish
2265_I2EYxtMWbj0,68,4,67,8165,0.0000,vanish
2265_I2EYxtMWbj0,68,5,67,1749,0.0000,vanish
2265_I2EYxtMWbj0,68,2,67,1363,0.0000,vanish
2265_I2EYxtMWbj0,69,5,16,142545,0.0224,vanish
2265_I2EYxtMWbj0,69,1,16,1771,0.0000,vanish
2265_I2EYxtMWbj0,69,5,28,25355,0.1750,shrink
2265_I2EYxtMWbj0,69,1,29,16937,0.0000,vanish
2265_I2EYxtMWbj0,69,1,29,1989,0.0000,vanish
2265_I2EYxtMWbj0,69,4,67,64102,0.0000,vanish
2265_I2EYxtMWbj0,69,2,67,1923,0.0000,vanish
2265_I2EYxtMWbj0,69,3,67,7055,0.0000,vanish
2265_I2EYxtMWbj0,69,4,67,1326,0.0000,vanish
2265_I2EYxtMWbj0,69,2,67,1460,0.0000,vanish
2265_I2EYxtMWbj0,70,5,16,135269,0.0345,vanish
2265_I2EYxtMWbj0,70,2,16,2222,0.0000,vanish
2265_I2EYxtMWbj0,70,3,28,8658,0.0000,vanish
2265_I2EYxtMWbj0,70,5,28,19697,0.1499,shrink
2265_I2EYxtMWbj0,70,5,28,163528,0.1730,shrink
2265_I2EYxtMWbj0,70,4,61,6878,0.0000,vanish
2265_I2EYxtMWbj0,70,4,61,1537,0.0000,vanish
2265_I2EYxtMWbj0,70,3,67,38228,0.0000,vanish
2265_I2EYxtMWbj0,70,2,67,15996,0.0000,vanish
2265_I2EYxtMWbj0,70,1,67,441,0.0000,vanish
2265_I2EYxtMWbj0,70,2,67,4906,0.0000,vanish
2265_I2EYxtMWbj0,70,3,67,2376,0.0000,vanish
2265_I2EYxtMWbj0,71,5,16,127810,0.0000,vanish
2265_I2EYxtMWbj0,71,1,16,2133,0.0000,vanish
2265_I2EYxtMWbj0,71,2,28,5060,0.0000,vanish
2265_I2EYxtMWbj0,71,5,28,15391,0.0680,vanish
2265_I2EYxtMWbj0,71,5,28,147861,0.0609,vanish
2265_I2EYxtMWbj0,71,4,61,13210,0.0000,vanish
2265_I2EYxtMWbj0,71,2,67,35474,0.0000,vanish
2265_I2EYxtMWbj0,71,1,67,10716,0.0000,vanish
2265_I2EYxtMWbj0,71,1,67,3514,0.0000,vanish
2265_I2EYxtMWbj0,71,2,67,2034,0.0000,vanish
2265_I2EYxtMWbj0,72,1,15,1366,0.0293,vanish
2265_I2EYxtMWbj0,72,1,15,744,0.0000,vanish
2265_I2EYxtMWbj0,72,5,16,130554,0.0047,vanish
2265_I2EYxtMWbj0,72,1,16,2435,0.0000,vanish
2265_I2EYxtMWbj0,72,1,28,2154,0.0000,vanish
2265_I2EYxtMWbj0,72,2,28,7304,0.0000,vanish
2265_I2EYxtMWbj0,72,5,28,11196,0.0000,vanish
2265_I2EYxtMWbj0,72,5,28,47166,0.0000,vanish
2265_I2EYxtMWbj0,72,5,28,64333,0.0079,vanish
2265_I2EYxtMWbj0,72,4,61,37269,0.0000,vanish
2265_I2EYxtMWbj0,72,1,67,2042,0.0000,vanish
2265_I2EYxtMWbj0,72,1,67,1714,0.0000,vanish
2265_I2EYxtMWbj0,73,2,15,42042,0.0614,vanish
2265_I2EYxtMWbj0,73,5,16,110198,0.0000,vanish
2265_I2EYxtMWbj0,73,1,16,1723,0.0000,vanish
2265_I2EYxtMWbj0,73,1,28,5088,0.0000,vanish
2265_I2EYxtMWbj0,73,4,28,9529,0.0000,vanish
2265_I2EYxtMWbj0,73,5,28,91212,0.0000,vanish
2265_I2EYxtMWbj0,73,4,61,63160,0.0000,vanish
2265_I2EYxtMWbj0,74,2,15,35829,0.0129,vanish
2265_I2EYxtMWbj0,74,4,16,70769,0.0000,vanish
2265_I2EYxtMWbj0,74,4,28,57017,0.0000,vanish
2265_I2EYxtMWbj0,74,5,61,95691,0.0000,vanish
2265_I2EYxtMWbj0,75,2,15,31910,0.0000,vanish
2265_I2EYxtMWbj0,75,3,16,50292,0.0000,vanish
2265_I2EYxtMWbj0,75,2,28,3401,0.0000,vanish
2265_I2EYxtMWbj0,75,2,28,3251,0.0000,vanish
2265_I2EYxtMWbj0,75,2,28,12323,0.0000,vanish
2265_I2EYxtMWbj0,75,3,28,14527,0.0000,vanish
2265_I2EYxtMWbj0,75,5,61,104938,0.0000,vanish
2265_I2EYxtMWbj0,76,3,15,26576,0.0000,vanish
2265_I2EYxtMWbj0,76,2,16,17537,0.0000,vanish
2265_I2EYxtMWbj0,76,1,28,1087,0.0000,vanish
2265_I2EYxtMWbj0,76,1,28,2640,0.0000,vanish
2265_I2EYxtMWbj0,76,1,28,726,0.0000,vanish
2265_I2EYxtMWbj0,76,2,28,5490,0.0000,vanish
2265_I2EYxtMWbj0,76,4,61,121321,0.0000,vanish
2265_I2EYxtMWbj0,77,3,15,22662,0.0000,vanish
2265_I2EYxtMWbj0,77,1,16,2537,0.0000,vanish
2265_I2EYxtMWbj0,77,2,28,3751,0.0000,vanish
2265_I2EYxtMWbj0,77,1,28,511,0.0000,vanish
2265_I2EYxtMWbj0,78,5,7,514068,0.1728,shrink
2265_I2EYxtMWbj0,78,2,15,12037,0.0000,vanish
2265_I2EYxtMWbj0,78,1,28,1151,0.0000,vanish
2265_I2EYxtMWbj0,79,5,7,459859,0.0850,vanish
2265_I2EYxtMWbj0,79,1,15,2392,0.0000,vanish
2265_I2EYxtMWbj0,80,5,7,377572,0.0482,vanish
2265_I2EYxtMWbj0,81,5,7,288044,0.0531,vanish
2265_I2EYxtMWbj0,82,5,7,183494,0.0376,vanish
2265_I2EYxtMWbj0,83,5,7,99494,0.0257,vanish
2265_I2EYxtMWbj0,84,5,7,40646,0.0494,vanish
2265_I2EYxtMWbj0,85,4,7,18191,0.1104,shrink
2265_I2EYxtMWbj0,86,3,7,15291,0.1314,shrink
2265_I2EYxtMWbj0,87,2,7,2976,0.0000,vanish
2269_IpOBwbwg7-s,0,5,36,16464,0.0364,vanish
2269_IpOBwbwg7-s,0,5,36,33358,0.0925,vanish
2269_IpOBwbwg7-s,1,5,36,33925,0.0098,vanish
2269_IpOBwbwg7-s,1,5,36,17137,0.0000,vanish
2269_IpOBwbwg7-s,2,5,36,19124,0.0000,vanish
2269_IpOBwbwg7-s,2,5,36,33434,0.0000,vanish
2269_IpOBwbwg7-s,3,4,36,23341,0.0492,vanish
2269_IpOBwbwg7-s,3,4,36,35611,0.0245,vanish
2269_IpOBwbwg7-s,4,3,36,36807,0.1855,shrink
2271__5dMMZFgaN4,30,5,91,328,0.0671,vanish
2271__5dMMZFgaN4,37,5,91,466,0.0000,vanish
2271__5dMMZFgaN4,38,4,91,551,0.0000,vanish
2271__5dMMZFgaN4,43,5,116,3685,0.0000,vanish
2271__5dMMZFgaN4,44,4,116,2691,0.0000,vanish
2271__5dMMZFgaN4,45,5,91,4946,0.2175,shrink
2271__5dMMZFgaN4,45,3,116,1282,0.0000,vanish
2271__5dMMZFgaN4,46,5,91,4772,0.1037,shrink
2271__5dMMZFgaN4,46,2,116,324,0.0000,vanish
2271__5dMMZFgaN4,47,4,91,4246,0.1182,shrink
2271__5dMMZFgaN4,48,5,91,3564,0.1330,shrink
2271__5dMMZFgaN4,49,5,91,2571,0.0000,vanish
2271__5dMMZFgaN4,50,4,91,1417,0.0000,vanish
2271__5dMMZFgaN4,51,3,91,511,0.0000,vanish
2271__5dMMZFgaN4,52,2,91,506,0.0000,vanish
2271__5dMMZFgaN4,53,1,91,526,0.0000,vanish
2274__I3ssxAKrRM,3,4,76,341,0.0000,vanish
2274__I3ssxAKrRM,4,3,76,1686,0.0000,vanish
2274__I3ssxAKrRM,5,5,76,4059,0.0034,vanish
2274__I3ssxAKrRM,6,4,76,5290,0.0461,vanish
2274__I3ssxAKrRM,7,5,76,8542,0.1109,shrink
2274__I3ssxAKrRM,8,4,76,9610,0.2182,shrink
2274__I3ssxAKrRM,31,5,76,126103,0.1170,shrink
2274__I3ssxAKrRM,32,5,76,115490,0.0228,vanish
2274__I3ssxAKrRM,33,5,76,100168,0.0043,vanish
2274__I3ssxAKrRM,34,4,76,77207,0.0019,vanish
2274__I3ssxAKrRM,35,4,76,48500,0.0006,vanish
2274__I3ssxAKrRM,36,3,76,14754,0.0000,vanish
2274__I3ssxAKrRM,37,2,76,2629,0.0000,vanish
2274__I3ssxAKrRM,49,5,76,235624,0.1968,shrink
2274__I3ssxAKrRM,50,5,76,189701,0.1150,shrink
2274__I3ssxAKrRM,51,5,76,145503,0.0245,vanish
2274__I3ssxAKrRM,52,5,76,105524,0.0035,vanish
2274__I3ssxAKrRM,53,5,1,43786,0.1700,shrink
2274__I3ssxAKrRM,53,5,76,72924,0.0005,vanish
2274__I3ssxAKrRM,54,5,1,41878,0.0685,vanish
2274__I3ssxAKrRM,54,5,76,44531,0.0000,vanish
2274__I3ssxAKrRM,55,4,1,40542,0.0708,vanish
2274__I3ssxAKrRM,55,4,76,20903,0.0000,vanish
2274__I3ssxAKrRM,56,3,1,32555,0.0864,vanish
2274__I3ssxAKrRM,56,3,76,7088,0.0000,vanish
2274__I3ssxAKrRM,57,2,1,16630,0.1615,shrink
2274__I3ssxAKrRM,57,2,76,5781,0.0002,vanish
2274__I3ssxAKrRM,58,1,76,1748,0.1722,shrink
2278__h5Riifwwks,0,5,23,8957,0.1880,shrink
2278__h5Riifwwks,0,4,23,1999,0.0010,vanish
2278__h5Riifwwks,31,5,67,4304,0.1587,shrink
2278__h5Riifwwks,32,5,67,3832,0.0159,vanish
2278__h5Riifwwks,37,5,23,6596,0.1722,shrink
2278__h5Riifwwks,38,5,23,13607,0.1732,shrink
2278__h5Riifwwks,38,5,23,5902,0.0000,vanish
2278__h5Riifwwks,39,5,23,4930,0.0000,vanish
2278__h5Riifwwks,40,4,23,3904,0.0000,vanish
2278__h5Riifwwks,41,5,23,8448,0.0000,vanish
2278__h5Riifwwks,41,3,23,2830,0.0000,vanish
2278__h5Riifwwks,42,5,23,5105,0.1863,shrink
2278__h5Riifwwks,42,2,23,1539,0.0000,vanish
2278__h5Riifwwks,43,5,23,14548,0.2123,shrink
2278__h5Riifwwks,43,3,23,4129,0.0000,vanish
2278__h5Riifwwks,44,5,23,5643,0.1864,shrink
2278__h5Riifwwks,44,5,23,5811,0.0102,vanish
2278__h5Riifwwks,44,2,23,2132,0.0000,vanish
2278__h5Riifwwks,44,1,23,552,0.0000,vanish
2278__h5Riifwwks,45,5,23,11074,0.0666,vanish
2278__h5Riifwwks,45,1,23,1313,0.0000,vanish
2278__h5Riifwwks,45,2,67,3322,0.1758,shrink
2278__h5Riifwwks,46,5,23,10674,0.2155,shrink
2278__h5Riifwwks,46,5,23,8965,0.0281,vanish
2278__h5Riifwwks,46,2,67,1807,0.0243,vanish
2278__h5Riifwwks,47,5,23,9717,0.0390,vanish
2278__h5Riifwwks,47,5,23,7161,0.0000,vanish
2278__h5Riifwwks,47,1,67,557,0.0000,vanish
2278__h5Riifwwks,48,5,23,8090,0.0000,vanish
2278__h5Riifwwks,48,4,23,4712,0.0000,vanish
2278__h5Riifwwks,49,4,23,6566,0.0000,vanish
2278__h5Riifwwks,49,3,23,2949,0.0000,vanish
2278__h5Riifwwks,50,3,23,5182,0.0000,vanish
2278__h5Riifwwks,50,2,23,1699,0.0000,vanish
2278__h5Riifwwks,51,2,23,3983,0.0000,vanish
2278__h5Riifwwks,51,1,23,421,0.0000,vanish
2278__h5Riifwwks,52,1,23,379,0.0000,vanish
2278__h5Riifwwks,59,5,23,2339,0.1368,shrink
2278__h5Riifwwks,59,5,67,5968,0.0000,vanish
2278__h5Riifwwks,60,5,23,2132,0.0469,vanish
2278__h5Riifwwks,60,1,23,640,0.0000,vanish
2278__h5Riifwwks,60,5,67,10242,0.1670,shrink
2278__h5Riifwwks,60,4,67,1475,0.0000,vanish
2278__h5Riifwwks,60,2,67,1016,0.0000,vanish
2278__h5Riifwwks,60,2,67,1272,0.0000,vanish
2278__h5Riifwwks,60,1,67,452,0.0000,vanish
2278__h5Riifwwks,61,5,23,2015,0.0000,vanish
2278__h5Riifwwks,61,5,67,19094,0.1356,shrink
2278__h5Riifwwks,61,3,67,795,0.0000,vanish
2278__h5Riifwwks,61,1,67,347,0.0000,vanish
2278__h5Riifwwks,62,4,23,1819,0.0000,vanish
2278__h5Riifwwks,62,5,67,4719,0.2346,shrink
2278__h5Riifwwks,62,5,67,5994,0.0017,vanish
2278__h5Riifwwks,62,5,67,3929,0.0000,vanish
2278__h5Riifwwks,63,3,23,1257,0.0000,vanish
2278__h5Riifwwks,63,5,67,3937,0.1659,shrink
2278__h5Riifwwks,63,5,67,4347,0.0000,vanish
2278__h5Riifwwks,63,4,67,2976,0.0000,vanish
2278__h5Riifwwks,64,2,23,601,0.0000,vanish
2278__h5Riifwwks,64,5,67,3292,0.0000,vanish
2278__h5Riifwwks,64,4,67,2676,0.0000,vanish
2278__h5Riifwwks,64,3,67,2055,0.0000,vanish
2278__h5Riifwwks,65,4,67,2586,0.0000,vanish
2278__h5Riifwwks,65,3,67,1564,0.0000,vanish
2278__h5Riifwwks,65,2,67,1116,0.0000,vanish
2278__h5Riifwwks,66,3,67,1934,0.0000,vanish
2278__h5Riifwwks,66,2,67,428,0.0000,vanish
2278__h5Riifwwks,67,5,67,11119,0.2127,shrink
2278__h5Riifwwks,67,2,67,1298,0.0000,vanish
2278__h5Riifwwks,68,5,67,9642,0.1117,shrink
2278__h5Riifwwks,68,1,67,748,0.0000,vanish
2278__h5Riifwwks,69,5,67,7913,0.0000,vanish
2278__h5Riifwwks,70,4,67,6305,0.0000,vanish
2278__h5Riifwwks,71,3,67,4472,0.0000,vanish
2278__h5Riifwwks,72,2,67,2365,0.0000,vanish
2278__h5Riifwwks,73,1,67,1077,0.0000,vanish
2282_amcyZpBiNOY,0,5,85,112415,0.1710,shrink
2282_amcyZpBiNOY,0,1,90,811,0.0000,vanish
2282_amcyZpBiNOY,0,3,112,3422,0.0000,vanish
2282_amcyZpBiNOY,0,2,112,7387,0.0000,vanish
2282_amcyZpBiNOY,0,5,117,106079,0.2162,shrink
2282_amcyZpBiNOY,1,4,85,103231,0.2204,shrink
2282_amcyZpBiNOY,1,2,112,2837,0.0000,vanish
2282_amcyZpBiNOY,1,1,112,11200,0.0000,vanish
2282_amcyZpBiNOY,2,2,90,533,0.0000,vanish
2282_amcyZpBiNOY,2,1,112,956,0.0000,vanish
2282_amcyZpBiNOY,2,1,112,14932,0.0000,vanish
2282_amcyZpBiNOY,3,1,90,496,0.0000,vanish
2282_amcyZpBiNOY,3,1,112,16867,0.0000,vanish
2282_amcyZpBiNOY,4,2,112,18239,0.0000,vanish
2282_amcyZpBiNOY,5,1,112,16213,0.0000,vanish
2282_amcyZpBiNOY,6,5,85,94608,0.1521,shrink
2282_amcyZpBiNOY,6,2,112,16562,0.0072,vanish
2282_amcyZpBiNOY,8,2,112,18127,0.2031,shrink
2282_amcyZpBiNOY,26,5,112,13009,0.0607,vanish
2282_amcyZpBiNOY,27,5,90,3578,0.1090,shrink
2282_amcyZpBiNOY,27,4,112,12432,0.0460,vanish
2282_amcyZpBiNOY,28,5,90,3564,0.0000,vanish
2282_amcyZpBiNOY,28,5,112,14282,0.0000,vanish
2282_amcyZpBiNOY,29,4,90,2849,0.0000,vanish
2282_amcyZpBiNOY,29,4,112,15203,0.0000,vanish
2282_amcyZpBiNOY,30,3,90,2477,0.0000,vanish
2282_amcyZpBiNOY,30,3,112,15068,0.0000,vanish
2282_amcyZpBiNOY,31,2,90,1649,0.0000,vanish
2282_amcyZpBiNOY,31,2,112,13898,0.0000,vanish
2282_amcyZpBiNOY,32,1,90,436,0.0000,vanish
2282_amcyZpBiNOY,32,1,112,9318,0.0000,vanish
2282_amcyZpBiNOY,33,1,112,6979,0.0000,vanish
2282_amcyZpBiNOY,34,1,112,4260,0.0000,vanish
2282_amcyZpBiNOY,35,5,112,14595,0.1659,shrink
2282_amcyZpBiNOY,35,1,112,2492,0.0000,vanish
2282_amcyZpBiNOY,36,5,112,14107,0.0792,vanish
2282_amcyZpBiNOY,36,2,112,2358,0.0013,vanish
2282_amcyZpBiNOY,37,5,112,11755,0.0329,vanish
2282_amcyZpBiNOY,38,5,112,8782,0.0000,vanish
2282_amcyZpBiNOY,39,4,112,6030,0.0000,vanish
2282_amcyZpBiNOY,40,3,112,2934,0.0000,vanish
2282_amcyZpBiNOY,41,2,112,1204,0.0000,vanish
2282_amcyZpBiNOY,42,1,112,430,0.0000,vanish
2282_amcyZpBiNOY,45,3,61,10428,0.0000,vanish
2282_amcyZpBiNOY,45,1,90,19729,0.2000,shrink
2282_amcyZpBiNOY,45,2,90,7741,0.0012,vanish
2282_amcyZpBiNOY,45,5,112,11449,0.2148,shrink
2282_amcyZpBiNOY,46,5,61,115623,0.1995,shrink
2282_amcyZpBiNOY,46,1,90,4073,0.0022,vanish
2282_amcyZpBiNOY,46,5,112,17902,0.0375,vanish
2282_amcyZpBiNOY,47,5,61,171839,0.2137,shrink
2282_amcyZpBiNOY,47,5,90,2170,0.0207,vanish
2282_amcyZpBiNOY,47,3,112,24563,0.1002,shrink
2282_amcyZpBiNOY,48,5,61,157499,0.2383,shrink
2282_amcyZpBiNOY,48,5,90,2341,0.0000,vanish
2282_amcyZpBiNOY,48,2,112,20866,0.1194,shrink
2282_amcyZpBiNOY,49,4,61,112474,0.1776,shrink
2282_amcyZpBiNOY,49,4,90,2493,0.0000,vanish
2282_amcyZpBiNOY,49,2,112,12279,0.0000,vanish
2282_amcyZpBiNOY,50,3,90,2883,0.0000,vanish
2282_amcyZpBiNOY,50,1,112,2538,0.0000,vanish
2282_amcyZpBiNOY,51,2,90,1534,0.0000,vanish
2283_aoYJ1obEkKs,5,2,115,766,0.0039,vanish
2283_aoYJ1obEkKs,6,1,115,779,0.0064,vanish
2283_aoYJ1obEkKs,9,5,115,634,0.1325,shrink
2283_aoYJ1obEkKs,10,5,0,772354,0.0000,vanish
2283_aoYJ1obEkKs,10,5,0,767967,0.0000,vanish
2283_aoYJ1obEkKs,10,1,115,375,0.0000,vanish
2283_aoYJ1obEkKs,10,5,115,617,0.0000,vanish
2283_aoYJ1obEkKs,11,4,0,771815,0.0000,vanish
2283_aoYJ1obEkKs,11,4,0,767692,0.0000,vanish
2283_aoYJ1obEkKs,11,4,115,733,0.0000,vanish
2283_aoYJ1obEkKs,12,3,0,771314,0.0000,vanish
2283_aoYJ1obEkKs,12,3,0,766210,0.0000,vanish
2283_aoYJ1obEkKs,12,3,115,723,0.0000,vanish
2283_aoYJ1obEkKs,13,2,0,769667,0.0000,vanish
2283_aoYJ1obEkKs,13,2,0,765076,0.0000,vanish
2283_aoYJ1obEkKs,13,2,115,354,0.0000,vanish
2283_aoYJ1obEkKs,13,2,115,318,0.0000,vanish
2283_aoYJ1obEkKs,14,1,0,769895,0.0000,vanish
2283_aoYJ1obEkKs,14,1,0,763531,0.0000,vanish
2283_aoYJ1obEkKs,17,5,115,630,0.2476,shrink
2283_aoYJ1obEkKs,18,4,115,1571,0.1197,shrink
2283_aoYJ1obEkKs,21,5,115,1999,0.0120,vanish
2283_aoYJ1obEkKs,23,3,115,2312,0.0130,vanish
2283_aoYJ1obEkKs,24,2,115,1242,0.0233,vanish
2283_aoYJ1obEkKs,25,5,0,772994,0.0000,vanish
2283_aoYJ1obEkKs,25,5,0,768216,0.0000,vanish
2283_aoYJ1obEkKs,26,4,0,770772,0.0000,vanish
2283_aoYJ1obEkKs,26,4,0,767746,0.0000,vanish
2283_aoYJ1obEkKs,27,3,0,772322,0.0000,vanish
2283_aoYJ1obEkKs,27,3,0,766979,0.0000,vanish
2283_aoYJ1obEkKs,27,5,115,2247,0.0806,vanish
2283_aoYJ1obEkKs,28,2,0,771022,0.0000,vanish
2283_aoYJ1obEkKs,28,2,0,765340,0.0000,vanish
2283_aoYJ1obEkKs,28,3,115,1657,0.1080,shrink
2283_aoYJ1obEkKs,29,1,0,770919,0.0000,vanish
2283_aoYJ1obEkKs,29,1,0,763516,0.0000,vanish
2283_aoYJ1obEkKs,29,2,115,368,0.0000,vanish
2283_aoYJ1obEkKs,29,4,115,349,0.1289,shrink
2283_aoYJ1obEkKs,30,2,115,2668,0.0678,vanish
2283_aoYJ1obEkKs,40,5,0,770181,0.0000,vanish
2283_aoYJ1obEkKs,40,5,0,767674,0.0000,vanish
2283_aoYJ1obEkKs,41,4,0,769750,0.0000,vanish
2283_aoYJ1obEkKs,41,4,0,768193,0.0000,vanish
2283_aoYJ1obEkKs,42,3,0,768387,0.0000,vanish
2283_aoYJ1obEkKs,42,3,0,768681,0.0000,vanish
2283_aoYJ1obEkKs,43,2,0,767470,0.0000,vanish
2283_aoYJ1obEkKs,43,2,0,766856,0.0000,vanish
2283_aoYJ1obEkKs,44,1,0,770587,0.0000,vanish
2283_aoYJ1obEkKs,44,1,0,763717,0.0000,vanish
2283_aoYJ1obEkKs,55,5,0,304895,0.0000,vanish
2283_aoYJ1obEkKs,55,5,0,763798,0.0000,vanish
2283_aoYJ1obEkKs,55,5,2,505500,0.0799,vanish
2283_aoYJ1obEkKs,56,4,0,204086,0.0000,vanish
2283_aoYJ1obEkKs,56,4,0,764054,0.0000,vanish
2283_aoYJ1obEkKs,56,4,2,591006,0.0687,vanish
2283_aoYJ1obEkKs,57,3,0,171092,0.0000,vanish
2283_aoYJ1obEkKs,57,3,0,762755,0.0000,vanish
2283_aoYJ1obEkKs,57,3,2,629642,0.0662,vanish
2283_aoYJ1obEkKs,58,2,0,160398,0.0000,vanish
2283_aoYJ1obEkKs,58,2,0,761535,0.0000,vanish
2283_aoYJ1obEkKs,58,2,2,651936,0.0648,vanish
2283_aoYJ1obEkKs,59,1,0,164737,0.0000,vanish
2283_aoYJ1obEkKs,59,1,0,760634,0.0000,vanish
2283_aoYJ1obEkKs,59,1,2,645854,0.0665,vanish
2283_aoYJ1obEkKs,61,1,47,43773,0.0000,vanish
2283_aoYJ1obEkKs,63,1,2,1343,0.0000,vanish
2283_aoYJ1obEkKs,72,1,104,16161,0.0000,vanish
2283_aoYJ1obEkKs,73,1,104,985,0.0000,vanish
2287_cdTNsFbge8c,0,4,1,1297,0.0000,vanish
2287_cdTNsFbge8c,1,5,1,11222,0.0657,vanish
2287_cdTNsFbge8c,1,3,1,766,0.0000,vanish
2287_cdTNsFbge8c,2,5,1,7850,0.0736,vanish
2287_cdTNsFbge8c,2,2,1,570,0.0000,vanish
2287_cdTNsFbge8c,3,4,1,3876,0.1349,shrink
2287_cdTNsFbge8c,4,5,1,2495,0.1495,shrink
2287_cdTNsFbge8c,4,5,61,3510,0.0000,vanish
2287_cdTNsFbge8c,5,5,1,894,0.0000,vanish
2287_cdTNsFbge8c,5,5,1,1171,0.1298,shrink
2287_cdTNsFbge8c,5,4,61,2903,0.0000,vanish
2287_cdTNsFbge8c,6,4,1,701,0.0000,vanish
2287_cdTNsFbge8c,6,3,61,433,0.0000,vanish
2287_cdTNsFbge8c,6,3,61,1380,0.0000,vanish
2287_cdTNsFbge8c,7,3,1,523,0.0000,vanish
2287_cdTNsFbge8c,7,2,61,1251,0.0000,vanish
2287_cdTNsFbge8c,8,2,1,948,0.0000,vanish
2287_cdTNsFbge8c,8,1,61,1041,0.0000,vanish
2287_cdTNsFbge8c,9,1,1,373,0.0000,vanish
2287_cdTNsFbge8c,10,1,77,517,0.0000,vanish
2287_cdTNsFbge8c,11,4,96,1916,0.0000,vanish
2287_cdTNsFbge8c,12,1,77,307,0.0000,vanish
2287_cdTNsFbge8c,12,4,96,6733,0.0000,vanish
2287_cdTNsFbge8c,13,5,96,11571,0.0000,vanish
2287_cdTNsFbge8c,14,5,96,14786,0.0000,vanish
2287_cdTNsFbge8c,15,5,96,14176,0.0000,vanish
2287_cdTNsFbge8c,16,5,96,13774,0.0000,vanish
2287_cdTNsFbge8c,17,5,96,13130,0.0000,vanish
2287_cdTNsFbge8c,18,5,96,12614,0.0000,vanish
2287_cdTNsFbge8c,19,5,96,11482,0.0000,vanish
2287_cdTNsFbge8c,20,5,96,10860,0.0000,vanish
2287_cdTNsFbge8c,21,5,96,10435,0.0000,vanish
2287_cdTNsFbge8c,22,5,96,11020,0.0654,vanish
2287_cdTNsFbge8c,23,5,1,765,0.1098,shrink
2287_cdTNsFbge8c,23,5,96,10981,0.0933,vanish
2287_cdTNsFbge8c,24,5,1,4023,0.2451,shrink
2287_cdTNsFbge8c,24,5,96,11379,0.1430,shrink
2287_cdTNsFbge8c,25,5,1,3451,0.2173,shrink
2287_cdTNsFbge8c,25,5,96,11864,0.1854,shrink
2287_cdTNsFbge8c,37,5,1,709,0.0000,vanish
2287_cdTNsFbge8c,37,4,96,632,0.0000,vanish
2287_cdTNsFbge8c,38,4,1,730,0.0000,vanish
2287_cdTNsFbge8c,38,5,96,1058,0.0000,vanish
2287_cdTNsFbge8c,39,3,1,596,0.0000,vanish
2287_cdTNsFbge8c,39,5,96,1398,0.0644,vanish
2287_cdTNsFbge8c,40,2,1,467,0.0000,vanish
2287_cdTNsFbge8c,40,5,96,1699,0.0636,vanish
2287_cdTNsFbge8c,41,5,96,1722,0.1516,shrink
2287_cdTNsFbge8c,42,5,9,1835,0.1123,shrink
2287_cdTNsFbge8c,42,5,96,1938,0.2152,shrink
2287_cdTNsFbge8c,43,4,9,1218,0.1691,shrink
2287_cdTNsFbge8c,44,3,9,1008,0.2044,shrink
2287_cdTNsFbge8c,45,2,9,926,0.2225,shrink
2287_cdTNsFbge8c,49,5,9,403,0.2407,shrink
2287_cdTNsFbge8c,50,5,9,305,0.2033,shrink
2289_cnZjjNYsrtw,0,4,49,1402,0.0000,vanish
2289_cnZjjNYsrtw,1,3,49,1000,0.0000,vanish
2289_cnZjjNYsrtw,1,5,53,19236,0.2306,shrink
2289_cnZjjNYsrtw,2,2,49,637,0.0000,vanish
2289_cnZjjNYsrtw,2,5,53,19061,0.1637,shrink
2289_cnZjjNYsrtw,3,5,53,17887,0.1257,shrink
2289_cnZjjNYsrtw,4,4,53,13580,0.1656,shrink
2289_cnZjjNYsrtw,7,5,53,3120,0.0000,vanish
2289_cnZjjNYsrtw,8,4,53,2249,0.0000,vanish
2289_cnZjjNYsrtw,9,5,49,5653,0.1750,shrink
2289_cnZjjNYsrtw,9,3,53,2515,0.0000,vanish
2289_cnZjjNYsrtw,10,4,49,4893,0.2311,shrink
2289_cnZjjNYsrtw,10,2,53,2512,0.0000,vanish
2289_cnZjjNYsrtw,11,1,53,1640,0.0000,vanish
2289_cnZjjNYsrtw,19,4,64,7527,0.1128,shrink
2289_cnZjjNYsrtw,20,3,64,10362,0.0000,vanish
2289_cnZjjNYsrtw,22,5,50,93534,0.0262,vanish
2289_cnZjjNYsrtw,23,4,50,85004,0.0286,vanish
2289_cnZjjNYsrtw,24,1,19,2451,0.0000,vanish
2289_cnZjjNYsrtw,24,3,50,52623,0.0459,vanish
2289_cnZjjNYsrtw,24,4,50,8992,0.0000,vanish
2289_cnZjjNYsrtw,25,2,50,31078,0.0777,vanish
2289_cnZjjNYsrtw,25,3,50,5512,0.0000,vanish
2289_cnZjjNYsrtw,26,1,50,30290,0.0798,vanish
2289_cnZjjNYsrtw,26,2,50,4443,0.0000,vanish
2289_cnZjjNYsrtw,29,5,50,932,0.1910,shrink
2289_cnZjjNYsrtw,30,5,50,14092,0.0975,vanish
2289_cnZjjNYsrtw,30,5,50,2398,0.0000,vanish
2289_cnZjjNYsrtw,31,5,50,13767,0.0431,vanish
2289_cnZjjNYsrtw,31,4,50,2715,0.0000,vanish
2289_cnZjjNYsrtw,32,4,50,18101,0.0328,vanish
2289_cnZjjNYsrtw,33,3,50,17887,0.0332,vanish
2289_cnZjjNYsrtw,34,2,50,13791,0.0430,vanish
2289_cnZjjNYsrtw,35,5,50,1419,0.0000,vanish
2289_cnZjjNYsrtw,36,4,50,593,0.0000,vanish
2289_cnZjjNYsrtw,37,3,50,7423,0.0000,vanish
2289_cnZjjNYsrtw,38,2,50,12700,0.0000,vanish
2289_cnZjjNYsrtw,39,1,50,11609,0.0000,vanish
2289_cnZjjNYsrtw,51,4,49,342,0.0000,vanish
2289_cnZjjNYsrtw,54,5,49,1320,0.0000,vanish
2289_cnZjjNYsrtw,54,5,49,9512,0.0085,vanish
2289_cnZjjNYsrtw,55,4,49,1296,0.0000,vanish
2289_cnZjjNYsrtw,55,5,49,9387,0.0000,vanish
2289_cnZjjNYsrtw,56,4,49,1437,0.0000,vanish
2289_cnZjjNYsrtw,56,4,49,5564,0.0000,vanish
2289_cnZjjNYsrtw,57,3,49,3740,0.0000,vanish
2289_cnZjjNYsrtw,58,2,49,3025,0.0000,vanish
2289_cnZjjNYsrtw,59,1,49,484,0.0000,vanish
2289_cnZjjNYsrtw,63,3,49,1157,0.0000,vanish
2289_cnZjjNYsrtw,63,2,52,3572,0.0000,vanish
2289_cnZjjNYsrtw,64,5,49,9906,0.0461,vanish
2289_cnZjjNYsrtw,65,5,49,13698,0.0638,vanish
2289_cnZjjNYsrtw,66,5,49,27059,0.0514,vanish
2289_cnZjjNYsrtw,67,5,49,33872,0.0543,vanish
2289_cnZjjNYsrtw,68,5,49,37648,0.1073,shrink
2289_cnZjjNYsrtw,76,2,49,518,0.0000,vanish
2289_cnZjjNYsrtw,77,2,49,507,0.0000,vanish
2289_cnZjjNYsrtw,77,5,52,3910,0.0000,vanish
2289_cnZjjNYsrtw,78,5,52,5869,0.0116,vanish
2289_cnZjjNYsrtw,78,3,61,1583,0.0000,vanish
2289_cnZjjNYsrtw,79,5,52,9229,0.0553,vanish
2289_cnZjjNYsrtw,79,3,61,5393,0.0000,vanish
2289_cnZjjNYsrtw,80,5,52,10424,0.0177,vanish
2289_cnZjjNYsrtw,81,4,52,11359,0.0000,vanish
2289_cnZjjNYsrtw,90,5,53,1426,0.2454,shrink
2289_cnZjjNYsrtw,93,5,53,2604,0.0526,vanish
2289_cnZjjNYsrtw,94,5,53,415,0.1831,shrink
2289_cnZjjNYsrtw,94,5,53,10007,0.0878,vanish
2289_cnZjjNYsrtw,94,4,61,6045,0.0000,vanish
2289_cnZjjNYsrtw,95,5,53,10557,0.0650,vanish
2289_cnZjjNYsrtw,95,4,61,8368,0.0000,vanish
2289_cnZjjNYsrtw,96,5,53,16647,0.1132,shrink
2289_cnZjjNYsrtw,98,1,50,4070,0.0000,vanish
2289_cnZjjNYsrtw,98,5,53,330,0.2273,shrink
2289_cnZjjNYsrtw,100,5,53,571,0.2399,shrink
2289_cnZjjNYsrtw,101,1,50,3219,0.0000,vanish
2289_cnZjjNYsrtw,101,5,53,969,0.0000,vanish
2289_cnZjjNYsrtw,102,2,50,4026,0.0000,vanish
2289_cnZjjNYsrtw,102,4,53,623,0.0000,vanish
2289_cnZjjNYsrtw,103,1,50,4568,0.0000,vanish
2289_cnZjjNYsrtw,104,2,53,904,0.0000,vanish
2289_cnZjjNYsrtw,106,2,19,3686,0.2032,shrink
2289_cnZjjNYsrtw,107,5,19,1642,0.0000,vanish
2289_cnZjjNYsrtw,108,4,19,749,0.0000,vanish
2289_cnZjjNYsrtw,110,5,53,16799,0.2142,shrink
2289_cnZjjNYsrtw,111,4,53,15002,0.2471,shrink
2289_cnZjjNYsrtw,116,1,19,6575,0.1925,shrink
2289_cnZjjNYsrtw,118,1,19,10156,0.2368,shrink
2290_dWtsPgrELw4,0,2,40,622,0.0000,vanish
2290_dWtsPgrELw4,26,3,67,650,0.0000,vanish
2290_dWtsPgrELw4,30,5,67,2469,0.2446,shrink
2290_dWtsPgrELw4,30,5,67,3297,0.2193,shrink
2290_dWtsPgrELw4,31,5,67,1945,0.2139,shrink
2290_dWtsPgrELw4,31,5,67,2578,0.1971,shrink
2290_dWtsPgrELw4,32,5,67,1624,0.1712,shrink
2290_dWtsPgrELw4,32,5,67,2021,0.1212,shrink
2290_dWtsPgrELw4,33,5,67,1328,0.0218,vanish
2290_dWtsPgrELw4,33,5,67,1854,0.0000,vanish
2290_dWtsPgrELw4,34,5,67,915,0.0000,vanish
2290_dWtsPgrELw4,34,4,67,1293,0.0000,vanish
2290_dWtsPgrELw4,35,4,67,604,0.0000,vanish
2290_dWtsPgrELw4,35,3,67,796,0.0000,vanish
2290_dWtsPgrELw4,36,3,67,416,0.0000,vanish
2290_dWtsPgrELw4,36,2,67,361,0.0000,vanish
2290_dWtsPgrELw4,42,2,67,633,0.0474,vanish
2290_dWtsPgrELw4,43,1,67,384,0.0781,vanish
2292_e3U8Z9keJc0,0,5,49,26233,0.0191,vanish
2292_e3U8Z9keJc0,1,5,49,30611,0.0384,vanish
2292_e3U8Z9keJc0,8,5,0,347930,0.2167,shrink
2292_e3U8Z9keJc0,8,3,67,6126,0.0000,vanish
2292_e3U8Z9keJc0,9,5,0,355463,0.0000,vanish
2292_e3U8Z9keJc0,9,2,67,7752,0.0000,vanish
2292_e3U8Z9keJc0,10,4,0,369122,0.0000,vanish
2292_e3U8Z9keJc0,11,3,0,268177,0.0000,vanish
2292_e3U8Z9keJc0,11,1,67,1000,0.0000,vanish
2292_e3U8Z9keJc0,12,2,0,222512,0.0000,vanish
2292_e3U8Z9keJc0,13,1,0,75391,0.0000,vanish
2292_e3U8Z9keJc0,14,3,34,7224,0.2299,shrink
2292_e3U8Z9keJc0,15,2,34,5956,0.1518,shrink
2292_e3U8Z9keJc0,16,2,34,4271,0.0044,vanish
2292_e3U8Z9keJc0,17,2,16,2153,0.0000,vanish
2292_e3U8Z9keJc0,17,1,34,1078,0.0000,vanish
2292_e3U8Z9keJc0,20,5,34,4728,0.2147,shrink
2292_e3U8Z9keJc0,21,5,34,5288,0.0562,vanish
2292_e3U8Z9keJc0,21,5,34,3232,0.2364,shrink
2292_e3U8Z9keJc0,22,5,34,6052,0.1168,shrink
2292_e3U8Z9keJc0,23,5,34,6489,0.1911,shrink
2292_e3U8Z9keJc0,24,5,34,6531,0.1632,shrink
2292_e3U8Z9keJc0,25,1,67,361,0.0000,vanish
2292_e3U8Z9keJc0,48,2,34,560,0.0000,vanish
2292_e3U8Z9keJc0,49,3,34,757,0.0000,vanish
2292_e3U8Z9keJc0,53,5,34,20897,0.1174,shrink
2292_e3U8Z9keJc0,53,5,67,6397,0.0000,vanish
2292_e3U8Z9keJc0,54,4,34,20873,0.1390,shrink
2292_e3U8Z9keJc0,54,4,67,5835,0.0000,vanish
2292_e3U8Z9keJc0,55,3,34,20706,0.1814,shrink
2292_e3U8Z9keJc0,55,3,67,5268,0.0000,vanish
2292_e3U8Z9keJc0,56,2,67,3620,0.0000,vanish
2292_e3U8Z9keJc0,57,1,67,1776,0.0000,vanish
2293_eLbvvnVQios,0,5,11,3252,0.0000,vanish
2293_eLbvvnVQios,1,4,11,2346,0.0000,vanish
2293_eLbvvnVQios,2,3,11,1368,0.0000,vanish
2293_eLbvvnVQios,3,2,11,702,0.0000,vanish
2293_eLbvvnVQios,10,1,13,1592,0.0000,vanish
2293_eLbvvnVQios,13,5,11,1151,0.0000,vanish
2293_eLbvvnVQios,14,4,11,2822,0.0000,vanish
2293_eLbvvnVQios,15,4,11,5124,0.0000,vanish
2293_eLbvvnVQios,15,1,28,488,0.0020,vanish
2293_eLbvvnVQios,16,4,11,6727,0.0000,vanish
2293_eLbvvnVQios,18,1,18,713,0.0000,vanish
2293_eLbvvnVQios,19,4,18,1067,0.0000,vanish
2293_eLbvvnVQios,20,1,18,1853,0.0000,vanish
2293_eLbvvnVQios,21,2,13,4009,0.0000,vanish
2293_eLbvvnVQios,21,3,18,2493,0.0000,vanish
2293_eLbvvnVQios,22,1,13,568,0.0000,vanish
2293_eLbvvnVQios,22,1,18,2869,0.0000,vanish
2293_eLbvvnVQios,23,2,18,2958,0.0000,vanish
2293_eLbvvnVQios,24,5,18,3317,0.0947,vanish
2293_eLbvvnVQios,25,4,18,3674,0.0000,vanish
2293_eLbvvnVQios,26,3,18,3827,0.0000,vanish
2293_eLbvvnVQios,27,2,18,4150,0.0000,vanish
2293_eLbvvnVQios,28,2,18,4374,0.0000,vanish
2293_eLbvvnVQios,29,1,18,4517,0.0000,vanish
2293_eLbvvnVQios,30,1,18,4663,0.0000,vanish
2293_eLbvvnVQios,31,1,18,5329,0.1740,shrink
2293_eLbvvnVQios,31,5,28,24907,0.2272,shrink
2293_eLbvvnVQios,33,4,28,17021,0.2211,shrink
2293_eLbvvnVQios,34,2,28,6157,0.2061,shrink
2293_eLbvvnVQios,35,1,28,1457,0.1476,shrink
2293_eLbvvnVQios,36,1,0,611,0.0000,vanish
2293_eLbvvnVQios,36,1,13,2255,0.0000,vanish
2293_eLbvvnVQios,37,2,13,2796,0.0000,vanish
2293_eLbvvnVQios,37,5,28,9093,0.0000,vanish
2293_eLbvvnVQios,38,5,16,41709,0.1654,shrink
2293_eLbvvnVQios,38,5,28,8666,0.0000,vanish
2293_eLbvvnVQios,39,5,16,38467,0.1227,shrink
2293_eLbvvnVQios,39,4,28,7606,0.0000,vanish
2293_eLbvvnVQios,40,4,16,34540,0.1958,shrink
2293_eLbvvnVQios,40,4,28,5724,0.0227,vanish
2293_eLbvvnVQios,41,3,28,5076,0.1046,shrink
2294_eTLiN427CdU,27,5,1,4122,0.2404,shrink
2294_eTLiN427CdU,28,5,1,3569,0.0577,vanish
2294_eTLiN427CdU,29,5,1,3057,0.0000,vanish
2294_eTLiN427CdU,30,5,1,17348,0.2103,shrink
2294_eTLiN427CdU,30,4,1,2566,0.0000,vanish
2294_eTLiN427CdU,31,5,1,17979,0.0000,vanish
2294_eTLiN427CdU,31,5,1,17703,0.1089,shrink
2294_eTLiN427CdU,31,3,1,1766,0.0000,vanish
2294_eTLiN427CdU,32,4,1,14048,0.0000,vanish
2294_eTLiN427CdU,32,5,1,17892,0.0342,vanish
2294_eTLiN427CdU,32,2,1,991,0.0000,vanish
2294_eTLiN427CdU,33,3,1,8913,0.0000,vanish
2294_eTLiN427CdU,33,5,1,17843,0.0129,vanish
2294_eTLiN427CdU,33,2,1,494,0.0000,vanish
2294_eTLiN427CdU,34,1,1,318,0.0000,vanish
2294_eTLiN427CdU,34,2,1,3939,0.0000,vanish
2294_eTLiN427CdU,34,5,1,17671,0.0018,vanish
2294_eTLiN427CdU,35,1,1,1263,0.0000,vanish
2294_eTLiN427CdU,35,3,1,4237,0.0000,vanish
2294_eTLiN427CdU,36,3,1,4204,0.0000,vanish
2294_eTLiN427CdU,37,3,1,4025,0.0000,vanish
2294_eTLiN427CdU,37,5,90,20880,0.2389,shrink
2294_eTLiN427CdU,38,3,1,5656,0.0000,vanish
2294_eTLiN427CdU,38,5,90,19774,0.1627,shrink
2294_eTLiN427CdU,39,3,1,4340,0.0000,vanish
2294_eTLiN427CdU,39,5,90,17734,0.0184,vanish
2294_eTLiN427CdU,40,3,1,4442,0.0000,vanish
2294_eTLiN427CdU,40,5,90,15390,0.0000,vanish
2294_eTLiN427CdU,41,2,1,3866,0.0000,vanish
2294_eTLiN427CdU,41,4,90,12003,0.0000,vanish
2294_eTLiN427CdU,42,2,1,5531,0.0000,vanish
2294_eTLiN427CdU,42,3,90,8210,0.0000,vanish
2294_eTLiN427CdU,43,3,1,4178,0.0000,vanish
2294_eTLiN427CdU,43,2,90,5349,0.0000,vanish
2294_eTLiN427CdU,44,3,1,3374,0.0000,vanish
2294_eTLiN427CdU,44,1,90,442,0.0000,vanish
2294_eTLiN427CdU,45,3,1,3359,0.0000,vanish
2294_eTLiN427CdU,46,5,1,25773,0.0774,vanish
2294_eTLiN427CdU,46,2,1,3322,0.0000,vanish
2294_eTLiN427CdU,46,5,61,15756,0.2068,shrink
2294_eTLiN427CdU,47,5,1,28623,0.0328,vanish
2294_eTLiN427CdU,47,2,61,2705,0.0000,vanish
2294_eTLiN427CdU,48,5,1,24304,0.0051,vanish
2294_eTLiN427CdU,49,5,1,16181,0.0009,vanish
2294_eTLiN427CdU,49,1,1,668,0.0000,vanish
2294_eTLiN427CdU,49,3,90,14274,0.1810,shrink
2294_eTLiN427CdU,49,3,119,20083,0.0000,vanish
2294_eTLiN427CdU,50,5,1,10957,0.0000,vanish
2294_eTLiN427CdU,50,2,90,10313,0.0707,vanish
2294_eTLiN427CdU,50,3,119,10057,0.0000,vanish
2294_eTLiN427CdU,51,4,1,3249,0.0000,vanish
2294_eTLiN427CdU,51,2,90,4169,0.0000,vanish
2294_eTLiN427CdU,51,4,119,19774,0.0000,vanish
2294_eTLiN427CdU,52,3,1,1517,0.0000,vanish
2294_eTLiN427CdU,52,1,90,729,0.0000,vanish
2294_eTLiN427CdU,52,3,119,14876,0.0000,vanish
2294_eTLiN427CdU,53,2,1,369,0.0000,vanish
2294_eTLiN427CdU,53,3,119,8136,0.0000,vanish
2294_eTLiN427CdU,54,5,1,4509,0.2145,shrink
2294_eTLiN427CdU,54,2,119,2570,0.0000,vanish
2294_eTLiN427CdU,55,4,1,4040,0.2394,shrink
2294_eTLiN427CdU,55,1,119,376,0.0000,vanish
2295_erx87N1WwWw,17,5,1,8104,0.1503,shrink
2295_erx87N1WwWw,18,5,1,12705,0.1039,shrink
2295_erx87N1WwWw,18,5,118,28436,0.1957,shrink
2295_erx87N1WwWw,19,5,1,17755,0.0977,vanish
2295_erx87N1WwWw,19,5,118,22876,0.1188,shrink
2295_erx87N1WwWw,20,5,1,18797,0.0661,vanish
2295_erx87N1WwWw,20,5,118,17536,0.0336,vanish
2295_erx87N1WwWw,21,5,1,18935,0.0651,vanish
2295_erx87N1WwWw,21,5,118,12880,0.0000,vanish
2295_erx87N1WwWw,22,4,118,9067,0.0000,vanish
2295_erx87N1WwWw,23,3,118,5565,0.0000,vanish
2295_erx87N1WwWw,24,2,118,2717,0.0000,vanish
2295_erx87N1WwWw,25,1,118,589,0.0000,vanish
2295_erx87N1WwWw,28,5,90,2393,0.2424,shrink
2295_erx87N1WwWw,29,5,90,2299,0.1414,shrink
2295_erx87N1WwWw,29,5,115,68516,0.1900,shrink
2295_erx87N1WwWw,30,5,90,3106,0.0026,vanish
2295_erx87N1WwWw,30,5,115,61958,0.1035,shrink
2295_erx87N1WwWw,31,5,90,1494,0.0000,vanish
2295_erx87N1WwWw,31,5,115,46137,0.0597,vanish
2295_erx87N1WwWw,32,4,90,943,0.0000,vanish
2295_erx87N1WwWw,32,5,115,32690,0.0374,vanish
2295_erx87N1WwWw,33,3,90,580,0.0000,vanish
2295_erx87N1WwWw,33,5,115,21881,0.0126,vanish
2295_erx87N1WwWw,34,2,90,325,0.0000,vanish
2295_erx87N1WwWw,34,5,115,13067,0.0000,vanish
2295_erx87N1WwWw,35,4,115,6412,0.0000,vanish
2295_erx87N1WwWw,36,3,115,2890,0.0000,vanish
2295_erx87N1WwWw,37,2,115,1797,0.0000,vanish
2295_erx87N1WwWw,38,1,115,424,0.0000,vanish
2295_erx87N1WwWw,44,5,1,84198,0.2361,shrink
2295_erx87N1WwWw,45,5,1,70947,0.1471,shrink
2295_erx87N1WwWw,46,5,1,57508,0.0708,vanish
2295_erx87N1WwWw,47,5,1,44429,0.0120,vanish
2295_erx87N1WwWw,48,5,1,31820,0.0000,vanish
2295_erx87N1WwWw,49,4,1,19879,0.0000,vanish
2295_erx87N1WwWw,50,3,1,10436,0.0000,vanish
2295_erx87N1WwWw,51,2,1,4071,0.0000,vanish
2295_erx87N1WwWw,52,1,1,532,0.0000,vanish
2298_g0NPo8ZyF_o,15,3,61,504,0.0000,vanish
2298_g0NPo8ZyF_o,31,5,61,2645,0.2106,shrink
2298_g0NPo8ZyF_o,33,5,13,518,0.2201,shrink
2298_g0NPo8ZyF_o,34,5,13,476,0.0609,vanish
2298_g0NPo8ZyF_o,35,5,13,357,0.0840,vanish
2300_hVKgY1ilx0Y,0,4,30,3608,0.0000,vanish
2300_hVKgY1ilx0Y,0,5,69,30326,0.2475,shrink
2300_hVKgY1ilx0Y,0,5,69,10997,0.0200,vanish
2300_hVKgY1ilx0Y,1,3,30,3852,0.0000,vanish
2300_hVKgY1ilx0Y,1,5,69,31556,0.1808,shrink
2300_hVKgY1ilx0Y,1,5,69,10215,0.0000,vanish
2300_hVKgY1ilx0Y,2,2,30,3509,0.0000,vanish
2300_hVKgY1ilx0Y,2,5,69,31543,0.1936,shrink
2300_hVKgY1ilx0Y,2,4,69,9430,0.0000,vanish
2300_hVKgY1ilx0Y,3,2,30,3366,0.0000,vanish
2300_hVKgY1ilx0Y,3,4,69,9081,0.0000,vanish
2300_hVKgY1ilx0Y,4,1,30,3038,0.0000,vanish
2300_hVKgY1ilx0Y,4,4,69,8431,0.0846,vanish
2300_hVKgY1ilx0Y,5,3,30,3471,0.0156,vanish
2300_hVKgY1ilx0Y,7,5,30,3658,0.0025,vanish
2300_hVKgY1ilx0Y,8,5,30,3727,0.0000,vanish
2300_hVKgY1ilx0Y,9,4,30,3657,0.0000,vanish
2300_hVKgY1ilx0Y,10,4,30,3703,0.0000,vanish
2300_hVKgY1ilx0Y,11,4,30,3602,0.0000,vanish
2300_hVKgY1ilx0Y,12,3,30,3403,0.1540,shrink
2300_hVKgY1ilx0Y,15,5,30,2565,0.1520,shrink
2300_hVKgY1ilx0Y,16,5,30,3007,0.1363,shrink
2300_hVKgY1ilx0Y,17,5,30,3315,0.2226,shrink
2300_hVKgY1ilx0Y,24,5,30,2710,0.0937,vanish
2300_hVKgY1ilx0Y,25,5,30,2620,0.0000,vanish
2300_hVKgY1ilx0Y,26,5,30,2470,0.0000,vanish
2300_hVKgY1ilx0Y,27,4,30,1990,0.0985,vanish
2300_hVKgY1ilx0Y,28,3,30,1951,0.2383,shrink
2300_hVKgY1ilx0Y,31,5,30,1699,0.0995,vanish
2300_hVKgY1ilx0Y,32,5,30,1860,0.0172,vanish
2300_hVKgY1ilx0Y,33,5,30,1845,0.0043,vanish
2300_hVKgY1ilx0Y,34,5,30,1862,0.0021,vanish
2300_hVKgY1ilx0Y,35,5,30,2045,0.0010,vanish
2300_hVKgY1ilx0Y,36,5,30,1849,0.0000,vanish
2300_hVKgY1ilx0Y,37,5,30,2030,0.0054,vanish
2300_hVKgY1ilx0Y,38,5,30,2038,0.0182,vanish
2300_hVKgY1ilx0Y,39,5,30,1978,0.0880,vanish
2301_hVTk6JQNAnA,2,5,9,443,0.1783,shrink
2301_hVTk6JQNAnA,3,5,9,477,0.1069,shrink
2301_hVTk6JQNAnA,4,5,9,467,0.0128,vanish
2301_hVTk6JQNAnA,5,5,9,420,0.0024,vanish
2301_hVTk6JQNAnA,6,4,9,356,0.0197,vanish
2301_hVTk6JQNAnA,7,3,9,366,0.1011,shrink
2301_hVTk6JQNAnA,11,5,112,7904,0.2261,shrink
2301_hVTk6JQNAnA,12,5,112,8273,0.2269,shrink
2301_hVTk6JQNAnA,13,4,112,8473,0.2291,shrink
2301_hVTk6JQNAnA,14,5,3,413,0.0024,vanish
2301_hVTk6JQNAnA,14,5,97,28466,0.2104,shrink
2301_hVTk6JQNAnA,15,5,97,27633,0.1623,shrink
2301_hVTk6JQNAnA,15,2,112,920,0.0000,vanish
2301_hVTk6JQNAnA,16,5,97,28902,0.1309,shrink
2301_hVTk6JQNAnA,16,2,112,1278,0.0000,vanish
2301_hVTk6JQNAnA,17,5,97,29559,0.1244,shrink
2301_hVTk6JQNAnA,17,2,112,1201,0.0000,vanish
2301_hVTk6JQNAnA,18,5,97,29898,0.1208,shrink
2301_hVTk6JQNAnA,18,2,112,1419,0.0000,vanish
2301_hVTk6JQNAnA,19,5,97,32146,0.1559,shrink
2301_hVTk6JQNAnA,19,5,112,12744,0.2093,shrink
2301_hVTk6JQNAnA,20,5,97,35832,0.2412,shrink
2301_hVTk6JQNAnA,20,5,112,13788,0.1768,shrink
2301_hVTk6JQNAnA,21,5,112,14185,0.1781,shrink
2301_hVTk6JQNAnA,22,5,112,14727,0.2150,shrink
2301_hVTk6JQNAnA,23,5,9,32697,0.2327,shrink
2301_hVTk6JQNAnA,24,5,9,26509,0.2002,shrink
2301_hVTk6JQNAnA,25,5,9,8136,0.2394,shrink
2301_hVTk6JQNAnA,25,5,9,12069,0.0436,vanish
2301_hVTk6JQNAnA,26,5,9,6312,0.1641,shrink
2301_hVTk6JQNAnA,26,5,9,8030,0.0077,vanish
2301_hVTk6JQNAnA,27,5,9,5245,0.0742,vanish
2301_hVTk6JQNAnA,27,5,9,5517,0.0000,vanish
2301_hVTk6JQNAnA,28,5,9,4444,0.0317,vanish
2301_hVTk6JQNAnA,28,4,9,3815,0.0000,vanish
2301_hVTk6JQNAnA,29,5,9,3636,0.0396,vanish
2301_hVTk6JQNAnA,29,3,9,2222,0.0000,vanish
2301_hVTk6JQNAnA,29,2,14,307,0.1303,shrink
2301_hVTk6JQNAnA,30,5,9,2666,0.0949,vanish
2301_hVTk6JQNAnA,30,2,9,526,0.0000,vanish
2301_hVTk6JQNAnA,31,5,9,1870,0.0513,vanish
2301_hVTk6JQNAnA,32,5,9,1274,0.0863,vanish
2301_hVTk6JQNAnA,33,5,9,786,0.0191,vanish
2301_hVTk6JQNAnA,34,5,9,530,0.0000,vanish
2301_hVTk6JQNAnA,34,5,14,1559,0.2489,shrink
2301_hVTk6JQNAnA,35,4,9,455,0.0000,vanish
2301_hVTk6JQNAnA,36,5,14,1329,0.2295,shrink
2301_hVTk6JQNAnA,37,5,14,1318,0.1904,shrink
2301_hVTk6JQNAnA,38,5,14,1164,0.1589,shrink
2301_hVTk6JQNAnA,39,5,3,22486,0.2193,shrink
2301_hVTk6JQNAnA,39,5,14,1073,0.1435,shrink
2301_hVTk6JQNAnA,40,5,3,17929,0.1238,shrink
2301_hVTk6JQNAnA,40,5,14,1029,0.0534,vanish
2301_hVTk6JQNAnA,41,5,3,14043,0.0921,vanish
2301_hVTk6JQNAnA,41,5,14,934,0.0086,vanish
2301_hVTk6JQNAnA,42,4,3,10726,0.1226,shrink
2301_hVTk6JQNAnA,42,5,14,795,0.0013,vanish
2301_hVTk6JQNAnA,42,5,112,1651,0.1018,shrink
2301_hVTk6JQNAnA,43,3,3,7823,0.1713,shrink
2301_hVTk6JQNAnA,43,5,14,696,0.0000,vanish
2301_hVTk6JQNAnA,43,5,112,1549,0.0768,vanish
2301_hVTk6JQNAnA,44,4,14,655,0.0000,vanish
2301_hVTk6JQNAnA,44,5,112,1521,0.1321,shrink
2301_hVTk6JQNAnA,45,3,3,1161,0.0000,vanish
2301_hVTk6JQNAnA,45,4,14,552,0.0000,vanish
2301_hVTk6JQNAnA,45,4,112,1483,0.2225,shrink
2301_hVTk6JQNAnA,46,5,3,3556,0.0219,vanish
2301_hVTk6JQNAnA,47,5,1,11128,0.2045,shrink
2301_hVTk6JQNAnA,47,5,3,4561,0.1636,shrink
2301_hVTk6JQNAnA,48,5,1,11263,0.1094,shrink
2301_hVTk6JQNAnA,48,5,3,4273,0.0744,vanish
2301_hVTk6JQNAnA,48,5,112,1407,0.0007,vanish
2301_hVTk6JQNAnA,49,5,1,10855,0.0460,vanish
2301_hVTk6JQNAnA,49,5,3,3712,0.0474,vanish
2301_hVTk6JQNAnA,49,4,112,1389,0.0000,vanish
2301_hVTk6JQNAnA,50,5,1,10170,0.0130,vanish
2301_hVTk6JQNAnA,50,5,3,2616,0.0214,vanish
2301_hVTk6JQNAnA,50,4,112,1384,0.0000,vanish
2301_hVTk6JQNAnA,51,5,1,8987,0.0000,vanish
2301_hVTk6JQNAnA,51,3,3,323,0.0000,vanish
2301_hVTk6JQNAnA,51,5,3,1503,0.0000,vanish
2301_hVTk6JQNAnA,51,2,104,3540,0.0000,vanish
2301_hVTk6JQNAnA,51,5,112,14486,0.2269,shrink
2301_hVTk6JQNAnA,51,3,112,1313,0.0000,vanish
2301_hVTk6JQNAnA,52,4,1,7491,0.0000,vanish
2301_hVTk6JQNAnA,52,2,3,1065,0.0000,vanish
2301_hVTk6JQNAnA,52,4,3,648,0.0000,vanish
2301_hVTk6JQNAnA,52,1,104,440,0.0000,vanish
2301_hVTk6JQNAnA,52,5,112,14604,0.2397,shrink
2301_hVTk6JQNAnA,52,3,112,1251,0.0000,vanish
2301_hVTk6JQNAnA,53,3,1,4851,0.0000,vanish
2301_hVTk6JQNAnA,53,1,3,315,0.0000,vanish
2301_hVTk6JQNAnA,53,3,112,1285,0.0000,vanish
2301_hVTk6JQNAnA,54,2,1,2191,0.0000,vanish
2301_hVTk6JQNAnA,54,3,112,1362,0.0000,vanish
2301_hVTk6JQNAnA,55,1,1,630,0.0000,vanish
2301_hVTk6JQNAnA,55,4,112,1395,0.0244,vanish
2303_hzYaY23ijn0,0,5,60,474,0.0000,vanish
2303_hzYaY23ijn0,1,5,60,560,0.0000,vanish
2303_hzYaY23ijn0,2,5,60,715,0.0042,vanish
2303_hzYaY23ijn0,3,5,60,1079,0.0000,vanish
2303_hzYaY23ijn0,4,5,60,1293,0.0000,vanish
2303_hzYaY23ijn0,5,5,60,1515,0.0000,vanish
2303_hzYaY23ijn0,6,5,60,1508,0.0007,vanish
2303_hzYaY23ijn0,7,5,60,1567,0.0006,vanish
2303_hzYaY23ijn0,13,5,90,3324,0.2482,shrink
2303_hzYaY23ijn0,14,5,90,4557,0.0042,vanish
2303_hzYaY23ijn0,15,4,90,5093,0.0037,vanish
2303_hzYaY23ijn0,16,3,90,4041,0.0047,vanish
2303_hzYaY23ijn0,17,2,90,4432,0.0043,vanish
2303_hzYaY23ijn0,17,5,91,545,0.0000,vanish
2303_hzYaY23ijn0,18,5,85,759,0.0000,vanish
2303_hzYaY23ijn0,18,1,90,4238,0.0045,vanish
2303_hzYaY23ijn0,18,5,90,3530,0.2490,shrink
2303_hzYaY23ijn0,18,4,91,604,0.0646,vanish
2303_hzYaY23ijn0,19,5,85,1990,0.0030,vanish
2303_hzYaY23ijn0,20,5,85,3755,0.0011,vanish
2303_hzYaY23ijn0,20,5,90,355,0.0000,vanish
2303_hzYaY23ijn0,21,4,14,404,0.0000,vanish
2303_hzYaY23ijn0,21,5,85,4646,0.0071,vanish
2303_hzYaY23ijn0,21,5,90,1681,0.1559,shrink
2303_hzYaY23ijn0,22,3,14,1592,0.2280,shrink
2303_hzYaY23ijn0,22,5,85,5216,0.0328,vanish
2303_hzYaY23ijn0,22,5,90,3071,0.0000,vanish
2303_hzYaY23ijn0,22,5,90,3028,0.0363,vanish
2303_hzYaY23ijn0,23,5,76,486,0.0000,vanish
2303_hzYaY23ijn0,23,4,90,2902,0.0000,vanish
2303_hzYaY23ijn0,23,4,90,1263,0.0000,vanish
2303_hzYaY23ijn0,23,4,90,1119,0.0241,vanish
2303_hzYaY23ijn0,24,5,76,8517,0.0000,vanish
2303_hzYaY23ijn0,24,3,90,1473,0.0183,vanish
2303_hzYaY23ijn0,25,4,90,553,0.0000,vanish
2303_hzYaY23ijn0,27,4,14,536,0.0933,vanish
2303_hzYaY23ijn0,28,5,14,564,0.1277,shrink
2303_hzYaY23ijn0,29,5,14,559,0.0823,vanish
2303_hzYaY23ijn0,31,5,14,648,0.2222,shrink
2303_hzYaY23ijn0,31,1,90,502,0.0000,vanish
2303_hzYaY23ijn0,32,5,14,697,0.1865,shrink
2303_hzYaY23ijn0,33,5,14,642,0.2492,shrink
2303_hzYaY23ijn0,34,5,14,610,0.2328,shrink
2306_iWVYbvV0qQM,50,1,67,365,0.0000,vanish
2306_iWVYbvV0qQM,64,5,0,3733,0.2341,shrink
2306_iWVYbvV0qQM,65,5,0,4520,0.1414,shrink
2306_iWVYbvV0qQM,66,5,0,5217,0.0000,vanish
2306_iWVYbvV0qQM,67,4,0,1854,0.0000,vanish
2306_iWVYbvV0qQM,68,3,0,1398,0.0000,vanish
2306_iWVYbvV0qQM,69,2,0,874,0.0000,vanish
2306_iWVYbvV0qQM,70,1,0,639,0.0000,vanish
2306_iWVYbvV0qQM,74,1,67,303,0.0000,vanish
2306_iWVYbvV0qQM,78,1,0,303,0.0000,vanish
2307_iiBJ5rqlZ58,0,2,29,1762,0.0000,vanish
2307_iiBJ5rqlZ58,1,3,28,781,0.2369,shrink
2307_iiBJ5rqlZ58,2,5,29,8353,0.2185,shrink
2307_iiBJ5rqlZ58,2,5,67,7147,0.2251,shrink
2307_iiBJ5rqlZ58,3,5,29,6836,0.0746,vanish
2307_iiBJ5rqlZ58,3,5,29,8402,0.1619,shrink
2307_iiBJ5rqlZ58,3,5,67,7332,0.2227,shrink
2307_iiBJ5rqlZ58,4,5,29,5818,0.0072,vanish
2307_iiBJ5rqlZ58,4,5,29,4093,0.0027,vanish
2307_iiBJ5rqlZ58,4,5,67,6472,0.2159,shrink
2307_iiBJ5rqlZ58,5,5,29,4845,0.0000,vanish
2307_iiBJ5rqlZ58,5,5,29,6624,0.1887,shrink
2307_iiBJ5rqlZ58,5,4,29,2934,0.0000,vanish
2307_iiBJ5rqlZ58,5,5,67,6082,0.1703,shrink
2307_iiBJ5rqlZ58,6,5,29,10058,0.0523,vanish
2307_iiBJ5rqlZ58,6,3,29,1533,0.0000,vanish
2307_iiBJ5rqlZ58,6,2,67,618,0.0000,vanish
2307_iiBJ5rqlZ58,6,5,67,6054,0.1409,shrink
2307_iiBJ5rqlZ58,7,5,28,4713,0.1916,shrink
2307_iiBJ5rqlZ58,7,5,29,7139,0.0254,vanish
2307_iiBJ5rqlZ58,7,2,29,928,0.0000,vanish
2307_iiBJ5rqlZ58,7,5,67,6660,0.2038,shrink
2307_iiBJ5rqlZ58,8,4,28,4244,0.2422,shrink
2307_iiBJ5rqlZ58,8,5,29,4206,0.0195,vanish
2307_iiBJ5rqlZ58,9,5,29,2542,0.0000,vanish
2307_iiBJ5rqlZ58,9,5,29,1839,0.0065,vanish
2307_iiBJ5rqlZ58,10,4,29,1219,0.0000,vanish
2307_iiBJ5rqlZ58,10,5,29,1279,0.0000,vanish
2307_iiBJ5rqlZ58,11,5,28,1613,0.0000,vanish
2307_iiBJ5rqlZ58,11,3,29,429,0.0000,vanish
2307_iiBJ5rqlZ58,11,4,29,738,0.0000,vanish
2307_iiBJ5rqlZ58,12,4,28,1036,0.0000,vanish
2307_iiBJ5rqlZ58,12,3,29,452,0.0000,vanish
2307_iiBJ5rqlZ58,13,3,28,1208,0.0000,vanish
2307_iiBJ5rqlZ58,13,2,67,554,0.0000,vanish
2307_iiBJ5rqlZ58,14,2,28,854,0.0000,vanish
2307_iiBJ5rqlZ58,14,5,29,10057,0.1992,shrink
2307_iiBJ5rqlZ58,15,1,28,810,0.0000,vanish
2307_iiBJ5rqlZ58,15,5,29,7343,0.0000,vanish
2307_iiBJ5rqlZ58,15,5,29,665,0.0000,vanish
2307_iiBJ5rqlZ58,16,4,29,5849,0.0000,vanish
2307_iiBJ5rqlZ58,16,4,29,434,0.0000,vanish
2307_iiBJ5rqlZ58,16,5,67,4385,0.2014,shrink
2307_iiBJ5rqlZ58,17,3,29,5400,0.0000,vanish
2307_iiBJ5rqlZ58,17,3,29,341,0.0000,vanish
2307_iiBJ5rqlZ58,17,5,67,3957,0.0354,vanish
2307_iiBJ5rqlZ58,18,2,29,3780,0.0000,vanish
2307_iiBJ5rqlZ58,18,5,67,12291,0.1753,shrink
2307_iiBJ5rqlZ58,18,5,67,3523,0.0000,vanish
2307_iiBJ5rqlZ58,19,1,29,2100,0.0000,vanish
2307_iiBJ5rqlZ58,19,5,67,11130,0.0568,vanish
2307_iiBJ5rqlZ58,19,4,67,2842,0.0000,vanish
2307_iiBJ5rqlZ58,20,5,67,8818,0.0017,vanish
2307_iiBJ5rqlZ58,20,3,67,1943,0.0000,vanish
2307_iiBJ5rqlZ58,21,5,67,5845,0.0000,vanish
2307_iiBJ5rqlZ58,21,2,67,912,0.0000,vanish
2307_iiBJ5rqlZ58,22,4,67,3796,0.0000,vanish
2307_iiBJ5rqlZ58,23,3,67,2154,0.0000,vanish
2307_iiBJ5rqlZ58,24,4,28,565,0.0000,vanish
2307_iiBJ5rqlZ58,24,2,67,632,0.0000,vanish
2307_iiBJ5rqlZ58,29,5,67,18302,0.2208,shrink
2307_iiBJ5rqlZ58,30,5,28,73337,0.1681,shrink
2307_iiBJ5rqlZ58,30,5,67,18753,0.1543,shrink
2307_iiBJ5rqlZ58,31,2,7,801,0.0000,vanish
2307_iiBJ5rqlZ58,31,5,28,64968,0.1118,shrink
2307_iiBJ5rqlZ58,31,5,67,19716,0.1388,shrink
2307_iiBJ5rqlZ58,32,1,7,835,0.0000,vanish
2307_iiBJ5rqlZ58,32,5,28,51914,0.0631,vanish
2307_iiBJ5rqlZ58,32,5,67,20662,0.1294,shrink
2307_iiBJ5rqlZ58,33,5,28,37594,0.0212,vanish
2307_iiBJ5rqlZ58,33,5,67,20777,0.1498,shrink
2307_iiBJ5rqlZ58,34,5,15,46461,0.2324,shrink
2307_iiBJ5rqlZ58,34,5,28,22630,0.0000,vanish
2307_iiBJ5rqlZ58,34,5,67,21016,0.1782,shrink
2307_iiBJ5rqlZ58,35,5,15,39435,0.2097,shrink
2307_iiBJ5rqlZ58,35,4,28,12308,0.0000,vanish
2307_iiBJ5rqlZ58,35,5,61,62057,0.2423,shrink
2307_iiBJ5rqlZ58,35,5,67,21088,0.2023,shrink
2307_iiBJ5rqlZ58,36,5,15,31439,0.2213,shrink
2307_iiBJ5rqlZ58,36,3,28,7261,0.0000,vanish
2307_iiBJ5rqlZ58,36,5,67,21425,0.2243,shrink
2307_iiBJ5rqlZ58,37,2,28,3275,0.0000,vanish
2307_iiBJ5rqlZ58,38,4,15,7797,0.0000,vanish
2307_iiBJ5rqlZ58,38,1,28,798,0.0000,vanish
2307_iiBJ5rqlZ58,39,3,15,3841,0.0000,vanish
2307_iiBJ5rqlZ58,40,2,15,1384,0.0000,vanish
2311_QwvA2VhVNRo,0,4,1,5321,0.0000,vanish
2311_QwvA2VhVNRo,0,4,104,2154,0.0000,vanish
2311_QwvA2VhVNRo,1,3,1,3565,0.0000,vanish
2311_QwvA2VhVNRo,1,3,104,1713,0.0000,vanish
2311_QwvA2VhVNRo,2,2,1,2109,0.0000,vanish
2311_QwvA2VhVNRo,2,1,90,542,0.0000,vanish
2311_QwvA2VhVNRo,2,2,104,1320,0.0000,vanish
2311_QwvA2VhVNRo,17,5,1,5177,0.0823,vanish
2311_QwvA2VhVNRo,18,4,1,4814,0.0827,vanish
2311_QwvA2VhVNRo,19,3,1,4154,0.0867,vanish
2311_QwvA2VhVNRo,20,2,1,3331,0.1030,shrink
2311_QwvA2VhVNRo,20,1,90,390,0.0000,vanish
2311_QwvA2VhVNRo,23,5,1,10158,0.1846,shrink
2311_QwvA2VhVNRo,24,4,1,12159,0.1517,shrink
2311_QwvA2VhVNRo,24,5,104,4124,0.0000,vanish
2311_QwvA2VhVNRo,25,4,1,9586,0.0286,vanish
2311_QwvA2VhVNRo,25,4,104,3737,0.0000,vanish
2311_QwvA2VhVNRo,26,3,1,7175,0.0000,vanish
2311_QwvA2VhVNRo,26,3,104,3483,0.0000,vanish
2311_QwvA2VhVNRo,27,2,1,5222,0.0000,vanish
2311_QwvA2VhVNRo,27,2,104,3147,0.0000,vanish
2311_QwvA2VhVNRo,28,1,1,1929,0.0000,vanish
2311_QwvA2VhVNRo,28,1,90,435,0.0000,vanish
2311_QwvA2VhVNRo,28,1,104,2078,0.0000,vanish
2311_QwvA2VhVNRo,40,2,61,5049,0.0000,vanish
2311_QwvA2VhVNRo,41,1,61,1295,0.0000,vanish
2311_QwvA2VhVNRo,58,1,1,6320,0.2293,shrink
2312_R3mhAhexxyY,0,1,19,1569,0.0000,vanish
2312_R3mhAhexxyY,0,5,19,6570,0.0000,vanish
2312_R3mhAhexxyY,0,5,21,103285,0.0191,vanish
2312_R3mhAhexxyY,0,5,21,1413,0.0000,vanish
2312_R3mhAhexxyY,0,3,21,17472,0.0000,vanish
2312_R3mhAhexxyY,0,4,22,345601,0.0000,vanish
2312_R3mhAhexxyY,0,4,61,82283,0.0327,vanish
2312_R3mhAhexxyY,1,1,13,24992,0.0000,vanish
2312_R3mhAhexxyY,1,5,21,97816,0.0068,vanish
2312_R3mhAhexxyY,1,4,21,1671,0.0000,vanish
2312_R3mhAhexxyY,1,3,21,24117,0.0000,vanish
2312_R3mhAhexxyY,1,3,22,175358,0.0000,vanish
2312_R3mhAhexxyY,1,3,22,1329,0.0000,vanish
2312_R3mhAhexxyY,1,2,27,752,0.0000,vanish
2312_R3mhAhexxyY,1,5,29,652667,0.1643,shrink
2312_R3mhAhexxyY,1,4,29,275760,0.0000,vanish
2312_R3mhAhexxyY,1,5,29,127623,0.1890,shrink
2312_R3mhAhexxyY,1,1,61,3566,0.0000,vanish
2312_R3mhAhexxyY,1,4,61,48604,0.0255,vanish
2312_R3mhAhexxyY,1,5,67,294486,0.0000,vanish
2312_R3mhAhexxyY,2,3,19,4132,0.0000,vanish
2312_R3mhAhexxyY,2,3,21,438,0.0000,vanish
2312_R3mhAhexxyY,2,3,21,1975,0.0000,vanish
2312_R3mhAhexxyY,2,5,21,92149,0.0077,vanish
2312_R3mhAhexxyY,2,3,21,28947,0.0000,vanish
2312_R3mhAhexxyY,2,2,22,70487,0.0000,vanish
2312_R3mhAhexxyY,2,2,27,15319,0.0000,vanish
2312_R3mhAhexxyY,2,5,29,664779,0.1393,shrink
2312_R3mhAhexxyY,2,4,29,269659,0.0000,vanish
2312_R3mhAhexxyY,2,5,29,304508,0.0921,vanish
2312_R3mhAhexxyY,2,4,67,262944,0.0000,vanish
2312_R3mhAhexxyY,3,2,19,1570,0.0000,vanish
2312_R3mhAhexxyY,3,2,19,14524,0.1612,shrink
2312_R3mhAhexxyY,3,2,21,64686,0.0000,vanish
2312_R3mhAhexxyY,3,2,21,12661,0.2343,shrink
2312_R3mhAhexxyY,3,4,21,86418,0.0089,vanish
2312_R3mhAhexxyY,3,3,21,30715,0.0000,vanish
2312_R3mhAhexxyY,3,1,22,25472,0.0000,vanish
2312_R3mhAhexxyY,3,5,29,609822,0.0034,vanish
2312_R3mhAhexxyY,3,4,29,265992,0.0000,vanish
2312_R3mhAhexxyY,3,5,29,507553,0.0632,vanish
2312_R3mhAhexxyY,3,5,61,463362,0.2230,shrink
2312_R3mhAhexxyY,3,3,67,192125,0.0000,vanish
2312_R3mhAhexxyY,3,1,80,389,0.0000,vanish
2312_R3mhAhexxyY,3,1,80,1560,0.0000,vanish
2312_R3mhAhexxyY,4,1,19,10252,0.0000,vanish
2312_R3mhAhexxyY,4,1,19,10994,0.0000,vanish
2312_R3mhAhexxyY,4,1,19,9434,0.0000,vanish
2312_R3mhAhexxyY,4,1,19,15635,0.0026,vanish
2312_R3mhAhexxyY,4,1,21,22297,0.0000,vanish
2312_R3mhAhexxyY,4,1,21,5680,0.0000,vanish
2312_R3mhAhexxyY,4,1,21,7695,0.0000,vanish
2312_R3mhAhexxyY,4,4,21,79136,0.0000,vanish
2312_R3mhAhexxyY,4,1,21,11001,0.0430,vanish
2312_R3mhAhexxyY,4,3,21,30080,0.0000,vanish
2312_R3mhAhexxyY,4,5,21,13228,0.1913,shrink
2312_R3mhAhexxyY,4,5,29,545135,0.0000,vanish
2312_R3mhAhexxyY,4,4,29,266347,0.0000,vanish
2312_R3mhAhexxyY,4,5,29,644909,0.0584,vanish
2312_R3mhAhexxyY,4,5,61,462952,0.1269,shrink
2312_R3mhAhexxyY,4,2,67,105380,0.0000,vanish
2312_R3mhAhexxyY,5,5,21,98764,0.0378,vanish
2312_R3mhAhexxyY,5,4,21,76246,0.0000,vanish
2312_R3mhAhexxyY,5,3,21,32909,0.0000,vanish
2312_R3mhAhexxyY,5,4,29,425434,0.0000,vanish
2312_R3mhAhexxyY,5,4,29,266129,0.0000,vanish
2312_R3mhAhexxyY,5,5,29,609964,0.0598,vanish
2312_R3mhAhexxyY,5,3,49,61042,0.0000,vanish
2312_R3mhAhexxyY,5,5,61,424515,0.0902,vanish
2312_R3mhAhexxyY,5,1,67,28260,0.0000,vanish
2312_R3mhAhexxyY,6,5,13,86289,0.0000,vanish
2312_R3mhAhexxyY,6,3,21,22917,0.0000,vanish
2312_R3mhAhexxyY,6,4,21,24599,0.0000,vanish
2312_R3mhAhexxyY,6,4,21,49759,0.0000,vanish
2312_R3mhAhexxyY,6,4,21,93824,0.0051,vanish
2312_R3mhAhexxyY,6,3,21,69132,0.0005,vanish
2312_R3mhAhexxyY,6,3,21,30038,0.0000,vanish
2312_R3mhAhexxyY,6,3,29,256354,0.0000,vanish
2312_R3mhAhexxyY,6,4,29,267542,0.0000,vanish
2312_R3mhAhexxyY,6,5,29,588707,0.0588,vanish
2312_R3mhAhexxyY,6,2,29,7230,0.0000,vanish
2312_R3mhAhexxyY,6,1,29,1748,0.0000,vanish
2312_R3mhAhexxyY,6,3,49,190174,0.0000,vanish
2312_R3mhAhexxyY,6,5,61,241242,0.0000,vanish
2312_R3mhAhexxyY,7,2,21,1692,0.0000,vanish
2312_R3mhAhexxyY,7,2,21,20582,0.0000,vanish
2312_R3mhAhexxyY,7,3,21,16777,0.0000,vanish
2312_R3mhAhexxyY,7,3,21,38889,0.0000,vanish
2312_R3mhAhexxyY,7,3,21,83348,0.0000,vanish
2312_R3mhAhexxyY,7,3,21,65050,0.0000,vanish
2312_R3mhAhexxyY,7,3,21,29660,0.0000,vanish
2312_R3mhAhexxyY,7,2,29,140923,0.0000,vanish
2312_R3mhAhexxyY,7,4,29,271467,0.0000,vanish
2312_R3mhAhexxyY,7,5,29,566051,0.0550,vanish
2312_R3mhAhexxyY,7,1,29,4775,0.0000,vanish
2312_R3mhAhexxyY,7,2,49,299521,0.0000,vanish
2312_R3mhAhexxyY,7,4,61,176660,0.0000,vanish
2312_R3mhAhexxyY,7,1,81,1322,0.0000,vanish
2312_R3mhAhexxyY,7,1,81,1189,0.0000,vanish
2312_R3mhAhexxyY,8,2,13,31446,0.0000,vanish
2312_R3mhAhexxyY,8,1,21,6464,0.0000,vanish
2312_R3mhAhexxyY,8,1,21,13840,0.0000,vanish
2312_R3mhAhexxyY,8,2,21,13591,0.0000,vanish
2312_R3mhAhexxyY,8,2,21,31326,0.0000,vanish
2312_R3mhAhexxyY,8,2,21,70272,0.0000,vanish
2312_R3mhAhexxyY,8,3,21,60962,0.0000,vanish
2312_R3mhAhexxyY,8,2,21,28786,0.0000,vanish
2312_R3mhAhexxyY,8,1,29,2041,0.0000,vanish
2312_R3mhAhexxyY,8,4,29,272873,0.0000,vanish
2312_R3mhAhexxyY,8,5,29,539755,0.0519,vanish
2312_R3mhAhexxyY,8,4,61,1031560,0.0362,vanish
2312_R3mhAhexxyY,8,3,61,104688,0.0000,vanish
2312_R3mhAhexxyY,8,1,80,6727,0.0000,vanish
2312_R3mhAhexxyY,9,1,13,14692,0.0000,vanish
2312_R3mhAhexxyY,9,1,21,14962,0.0000,vanish
2312_R3mhAhexxyY,9,2,21,49374,0.0000,vanish
2312_R3mhAhexxyY,9,2,21,51861,0.0000,vanish
2312_R3mhAhexxyY,9,2,21,25203,0.0000,vanish
2312_R3mhAhexxyY,9,1,22,18479,0.0000,vanish
2312_R3mhAhexxyY,9,4,29,281243,0.0000,vanish
2312_R3mhAhexxyY,9,5,29,377085,0.0676,vanish
2312_R3mhAhexxyY,9,4,61,1791967,0.1674,shrink
2312_R3mhAhexxyY,9,2,61,9890,0.0000,vanish
2312_R3mhAhexxyY,9,3,80,23544,0.0000,vanish
2312_R3mhAhexxyY,10,3,19,488,0.0000,vanish
2312_R3mhAhexxyY,10,3,19,11214,0.0000,vanish
2312_R3mhAhexxyY,10,4,21,3120,0.0000,vanish
2312_R3mhAhexxyY,10,3,21,381,0.0000,vanish
2312_R3mhAhexxyY,10,2,21,44976,0.0000,vanish
2312_R3mhAhexxyY,10,2,21,26211,0.0000,vanish
2312_R3mhAhexxyY,10,4,29,284554,0.0000,vanish
2312_R3mhAhexxyY,10,5,29,330403,0.0615,vanish
2312_R3mhAhexxyY,10,2,61,1437135,0.1393,shrink
2312_R3mhAhexxyY,10,1,61,38283,0.0000,vanish
2312_R3mhAhexxyY,10,4,80,521050,0.0000,vanish
2312_R3mhAhexxyY,11,4,19,1367529,0.1622,shrink
2312_R3mhAhexxyY,11,1,19,59601,0.0000,vanish
2312_R3mhAhexxyY,11,2,19,793,0.0000,vanish
2312_R3mhAhexxyY,11,3,19,21840,0.0000,vanish
2312_R3mhAhexxyY,11,3,19,43097,0.0000,vanish
2312_R3mhAhexxyY,11,3,19,5937,0.0000,vanish
2312_R3mhAhexxyY,11,3,21,14384,0.0000,vanish
2312_R3mhAhexxyY,11,3,21,26120,0.0000,vanish
2312_R3mhAhexxyY,11,2,21,20403,0.0000,vanish
2312_R3mhAhexxyY,11,4,29,291628,0.0000,vanish
2312_R3mhAhexxyY,11,5,29,418166,0.0468,vanish
2312_R3mhAhexxyY,11,2,52,14581,0.0000,vanish
2312_R3mhAhexxyY,11,2,61,1141121,0.0000,vanish
2312_R3mhAhexxyY,11,2,61,380293,0.0000,vanish
2312_R3mhAhexxyY,11,5,80,545305,0.0046,vanish
2312_R3mhAhexxyY,12,1,13,11771,0.0000,vanish
2312_R3mhAhexxyY,12,3,19,1009390,0.0389,vanish
2312_R3mhAhexxyY,12,3,19,39172,0.0633,vanish
2312_R3mhAhexxyY,12,3,19,66192,0.0023,vanish
2312_R3mhAhexxyY,12,4,19,32651,0.1165,shrink
2312_R3mhAhexxyY,12,3,21,27107,0.0000,vanish
2312_R3mhAhexxyY,12,3,21,42003,0.0000,vanish
2312_R3mhAhexxyY,12,1,21,13952,0.0000,vanish
2312_R3mhAhexxyY,12,4,29,303505,0.0000,vanish
2312_R3mhAhexxyY,12,5,29,418786,0.0408,vanish
2312_R3mhAhexxyY,12,4,49,74467,0.0000,vanish
2312_R3mhAhexxyY,12,2,61,950689,0.0000,vanish
2312_R3mhAhexxyY,12,2,61,339614,0.0146,vanish
2312_R3mhAhexxyY,12,3,80,615390,0.0000,vanish
2312_R3mhAhexxyY,13,3,19,677070,0.0002,vanish
2312_R3mhAhexxyY,13,1,19,5310,0.0000,vanish
2312_R3mhAhexxyY,13,3,19,62336,0.0926,vanish
2312_R3mhAhexxyY,13,2,21,36871,0.0141,vanish
2312_R3mhAhexxyY,13,2,21,5299,0.0000,vanish
2312_R3mhAhexxyY,13,3,29,315862,0.0000,vanish
2312_R3mhAhexxyY,13,5,29,412481,0.0281,vanish
2312_R3mhAhexxyY,13,3,49,124093,0.0000,vanish
2312_R3mhAhexxyY,13,2,61,298715,0.0094,vanish
2312_R3mhAhexxyY,13,5,61,709332,0.0000,vanish
2312_R3mhAhexxyY,13,2,61,613,0.0000,vanish
2312_R3mhAhexxyY,13,3,61,39238,0.0000,vanish
2312_R3mhAhexxyY,13,3,80,603121,0.0000,vanish
2312_R3mhAhexxyY,14,2,19,355900,0.0000,vanish
2312_R3mhAhexxyY,14,4,19,77978,0.0885,vanish
2312_R3mhAhexxyY,14,3,29,328666,0.0000,vanish
2312_R3mhAhexxyY,14,5,29,406609,0.0173,vanish
2312_R3mhAhexxyY,14,2,49,58283,0.0000,vanish
2312_R3mhAhexxyY,14,1,59,8267,0.0000,vanish
2312_R3mhAhexxyY,14,2,61,274714,0.0193,vanish
2312_R3mhAhexxyY,14,4,61,706197,0.0000,vanish
2312_R3mhAhexxyY,14,3,61,194653,0.0000,vanish
2312_R3mhAhexxyY,14,3,80,581456,0.0000,vanish
2312_R3mhAhexxyY,15,1,19,44773,0.0000,vanish
2312_R3mhAhexxyY,15,5,19,127169,0.1541,shrink
2312_R3mhAhexxyY,15,1,19,10428,0.0000,vanish
2312_R3mhAhexxyY,15,3,19,96850,0.1589,shrink
2312_R3mhAhexxyY,15,4,21,7771,0.0000,vanish
2312_R3mhAhexxyY,15,2,61,251197,0.0075,vanish
2312_R3mhAhexxyY,15,3,61,713912,0.0000,vanish
2312_R3mhAhexxyY,15,3,61,265226,0.0000,vanish
2312_R3mhAhexxyY,15,2,63,25862,0.0000,vanish
2312_R3mhAhexxyY,15,2,63,6997,0.0000,vanish
2312_R3mhAhexxyY,16,5,19,166930,0.1780,shrink
2312_R3mhAhexxyY,16,1,19,521,0.0000,vanish
2312_R3mhAhexxyY,16,3,19,6994,0.0000,vanish
2312_R3mhAhexxyY,16,3,19,90685,0.1038,shrink
2312_R3mhAhexxyY,16,2,21,1956,0.0000,vanish
2312_R3mhAhexxyY,16,3,29,368135,0.0000,vanish
2312_R3mhAhexxyY,16,5,29,409737,0.0000,vanish
2312_R3mhAhexxyY,16,2,61,234783,0.0000,vanish
2312_R3mhAhexxyY,16,2,61,388815,0.0000,vanish
2312_R3mhAhexxyY,16,3,61,257913,0.0036,vanish
2312_R3mhAhexxyY,16,1,61,36121,0.0000,vanish
2312_R3mhAhexxyY,16,3,63,128737,0.0000,vanish
2312_R3mhAhexxyY,16,1,67,22037,0.0000,vanish
2312_R3mhAhexxyY,16,3,80,576399,0.0000,vanish
2312_R3mhAhexxyY,17,4,19,200729,0.2295,shrink
2312_R3mhAhexxyY,17,3,19,57467,0.0282,vanish
2312_R3mhAhexxyY,17,2,19,94684,0.1082,shrink
2312_R3mhAhexxyY,17,1,19,9655,0.0000,vanish
2312_R3mhAhexxyY,17,5,21,426347,0.2142,shrink
2312_R3mhAhexxyY,17,3,29,285809,0.0000,vanish
2312_R3mhAhexxyY,17,5,29,414229,0.0000,vanish
2312_R3mhAhexxyY,17,2,49,6262,0.0000,vanish
2312_R3mhAhexxyY,17,1,61,176901,0.0000,vanish
2312_R3mhAhexxyY,17,2,61,219478,0.0000,vanish
2312_R3mhAhexxyY,17,1,61,39568,0.0000,vanish
2312_R3mhAhexxyY,17,3,61,244840,0.0041,vanish
2312_R3mhAhexxyY,17,1,61,14808,0.0000,vanish
2312_R3mhAhexxyY,17,1,61,1142,0.0000,vanish
2312_R3mhAhexxyY,17,3,63,142062,0.0000,vanish
2312_R3mhAhexxyY,17,2,80,545000,0.0000,vanish
2312_R3mhAhexxyY,18,5,19,214702,0.2239,shrink
2312_R3mhAhexxyY,18,2,19,145297,0.1244,shrink
2312_R3mhAhexxyY,18,1,19,903,0.0000,vanish
2312_R3mhAhexxyY,18,5,21,443113,0.1780,shrink
2312_R3mhAhexxyY,18,2,29,135523,0.0000,vanish
2312_R3mhAhexxyY,18,5,29,417088,0.0000,vanish
2312_R3mhAhexxyY,18,2,49,53115,0.0000,vanish
2312_R3mhAhexxyY,18,2,61,193976,0.0001,vanish
2312_R3mhAhexxyY,18,3,61,235301,0.0134,vanish
2312_R3mhAhexxyY,18,3,63,145148,0.0000,vanish
2312_R3mhAhexxyY,18,1,67,23641,0.0000,vanish
2312_R3mhAhexxyY,18,1,80,195943,0.0000,vanish
2312_R3mhAhexxyY,18,1,80,839,0.0000,vanish
2312_R3mhAhexxyY,18,1,80,425,0.0000,vanish
2312_R3mhAhexxyY,18,1,80,503,0.0000,vanish
2312_R3mhAhexxyY,19,2,19,146517,0.1202,shrink
2312_R3mhAhexxyY,19,1,29,6323,0.0000,vanish
2312_R3mhAhexxyY,19,5,29,482290,0.0000,vanish
2312_R3mhAhexxyY,19,2,29,6501,0.0000,vanish
2312_R3mhAhexxyY,19,4,49,413519,0.0000,vanish
2312_R3mhAhexxyY,19,3,61,233633,0.2078,shrink
2312_R3mhAhexxyY,19,3,61,223402,0.0194,vanish
2312_R3mhAhexxyY,19,3,63,142122,0.0000,vanish
2312_R3mhAhexxyY,19,2,80,128673,0.0000,vanish
2312_R3mhAhexxyY,20,2,19,149931,0.1320,shrink
2312_R3mhAhexxyY,20,4,22,1073,0.0000,vanish
2312_R3mhAhexxyY,20,2,27,51615,0.0000,vanish
2312_R3mhAhexxyY,20,5,29,502767,0.0000,vanish
2312_R3mhAhexxyY,20,2,29,42758,0.1447,shrink
2312_R3mhAhexxyY,20,3,49,386510,0.0000,vanish
2312_R3mhAhexxyY,20,2,61,515983,0.2438,shrink
2312_R3mhAhexxyY,20,2,61,213118,0.0143,vanish
2312_R3mhAhexxyY,20,1,61,411,0.0000,vanish
2312_R3mhAhexxyY,20,3,63,130074,0.0000,vanish
2312_R3mhAhexxyY,20,2,80,146252,0.0000,vanish
2312_R3mhAhexxyY,21,3,19,154564,0.0109,vanish
2312_R3mhAhexxyY,21,5,19,1049845,0.2351,shrink
2312_R3mhAhexxyY,21,2,19,152558,0.1305,shrink
2312_R3mhAhexxyY,21,1,27,19448,0.0000,vanish
2312_R3mhAhexxyY,21,5,29,523119,0.0000,vanish
2312_R3mhAhexxyY,21,2,49,296874,0.0000,vanish
2312_R3mhAhexxyY,21,2,49,3170,0.0000,vanish
2312_R3mhAhexxyY,21,2,61,203281,0.0181,vanish
2312_R3mhAhexxyY,21,1,61,15226,0.0000,vanish
2312_R3mhAhexxyY,22,5,19,934116,0.2275,shrink
2312_R3mhAhexxyY,22,2,19,160377,0.1357,shrink
2312_R3mhAhexxyY,22,4,29,550884,0.0000,vanish
2312_R3mhAhexxyY,22,1,49,120525,0.0000,vanish
2312_R3mhAhexxyY,22,4,61,48634,0.0000,vanish
2312_R3mhAhexxyY,22,3,61,197995,0.0086,vanish
2312_R3mhAhexxyY,22,4,61,7022,0.0000,vanish
2312_R3mhAhexxyY,22,1,61,2118,0.0000,vanish
2312_R3mhAhexxyY,22,2,80,149739,0.0000,vanish
2312_R3mhAhexxyY,23,5,19,764372,0.1707,shrink
2312_R3mhAhexxyY,23,2,19,162505,0.1230,shrink
2312_R3mhAhexxyY,23,2,22,581512,0.2301,shrink
2312_R3mhAhexxyY,23,4,29,562298,0.0000,vanish
2312_R3mhAhexxyY,23,3,61,200209,0.0022,vanish
2312_R3mhAhexxyY,23,1,61,31446,0.0000,vanish
2312_R3mhAhexxyY,23,1,80,16375,0.0000,vanish
2312_R3mhAhexxyY,23,1,80,1380,0.0000,vanish
2312_R3mhAhexxyY,24,5,19,536904,0.1459,shrink
2312_R3mhAhexxyY,24,2,19,179880,0.1243,shrink
2312_R3mhAhexxyY,24,1,22,296094,0.2367,shrink
2312_R3mhAhexxyY,24,1,27,10788,0.0000,vanish
2312_R3mhAhexxyY,24,4,29,554000,0.0000,vanish
2312_R3mhAhexxyY,24,1,59,10484,0.0000,vanish
2312_R3mhAhexxyY,24,5,61,717819,0.1638,shrink
2312_R3mhAhexxyY,24,3,61,204956,0.0000,vanish
2312_R3mhAhexxyY,24,1,61,2138,0.0000,vanish
2312_R3mhAhexxyY,24,1,67,1323,0.0000,vanish
2312_R3mhAhexxyY,24,3,80,213964,0.0000,vanish
2312_R3mhAhexxyY,25,5,19,290412,0.1599,shrink
2312_R3mhAhexxyY,25,3,19,173265,0.1160,shrink
2312_R3mhAhexxyY,25,1,19,22302,0.0572,vanish
2312_R3mhAhexxyY,25,1,22,50477,0.2291,shrink
2312_R3mhAhexxyY,25,3,29,492860,0.0000,vanish
2312_R3mhAhexxyY,25,5,29,759388,0.2104,shrink
2312_R3mhAhexxyY,25,2,50,68052,0.0000,vanish
2312_R3mhAhexxyY,25,5,61,932083,0.1280,shrink
2312_R3mhAhexxyY,25,3,61,215296,0.0000,vanish
2312_R3mhAhexxyY,25,1,67,899,0.0000,vanish
2312_R3mhAhexxyY,25,3,80,251812,0.0000,vanish
2312_R3mhAhexxyY,26,1,13,331,0.0000,vanish
2312_R3mhAhexxyY,26,1,19,512,0.0000,vanish
2312_R3mhAhexxyY,26,4,19,186341,0.1088,shrink
2312_R3mhAhexxyY,26,5,19,30674,0.0189,vanish
2312_R3mhAhexxyY,26,2,29,244799,0.0000,vanish
2312_R3mhAhexxyY,26,5,29,756383,0.2341,shrink
2312_R3mhAhexxyY,26,1,50,5126,0.0000,vanish
2312_R3mhAhexxyY,26,5,61,902932,0.1357,shrink
2312_R3mhAhexxyY,26,2,61,355879,0.0000,vanish
2312_R3mhAhexxyY,26,3,61,225820,0.0000,vanish
2312_R3mhAhexxyY,26,3,80,1454,0.0000,vanish
2312_R3mhAhexxyY,27,4,19,460138,0.2345,shrink
2312_R3mhAhexxyY,27,4,19,174098,0.0434,vanish
2312_R3mhAhexxyY,27,1,19,8276,0.0000,vanish
2312_R3mhAhexxyY,27,1,29,23289,0.0000,vanish
2312_R3mhAhexxyY,27,5,61,887119,0.1617,shrink
2312_R3mhAhexxyY,27,1,61,32759,0.0000,vanish
2312_R3mhAhexxyY,27,2,61,126836,0.0000,vanish
2312_R3mhAhexxyY,27,4,61,233483,0.0000,vanish
2312_R3mhAhexxyY,27,1,61,13652,0.0000,vanish
2312_R3mhAhexxyY,27,2,80,88833,0.0000,vanish
2312_R3mhAhexxyY,28,4,19,390633,0.1148,shrink
2312_R3mhAhexxyY,28,5,19,130166,0.1862,shrink
2312_R3mhAhexxyY,28,3,19,73109,0.0464,vanish
2312_R3mhAhexxyY,28,4,19,5707,0.0000,vanish
2312_R3mhAhexxyY,28,1,19,15455,0.0021,vanish
2312_R3mhAhexxyY,28,2,19,13399,0.0000,vanish
2312_R3mhAhexxyY,28,2,21,33689,0.0000,vanish
2312_R3mhAhexxyY,28,5,61,860737,0.2114,shrink
2312_R3mhAhexxyY,28,4,61,235712,0.0000,vanish
2312_R3mhAhexxyY,28,4,63,125777,0.0000,vanish
2312_R3mhAhexxyY,28,1,80,2928,0.0000,vanish
2312_R3mhAhexxyY,29,5,19,124616,0.1477,shrink
2312_R3mhAhexxyY,29,4,19,332588,0.0423,vanish
2312_R3mhAhexxyY,29,5,19,44571,0.0000,vanish
2312_R3mhAhexxyY,29,2,19,11646,0.0000,vanish
2312_R3mhAhexxyY,29,1,19,1395,0.0000,vanish
2312_R3mhAhexxyY,29,1,21,17714,0.0000,vanish
2312_R3mhAhexxyY,29,5,61,999426,0.2395,shrink
2312_R3mhAhexxyY,29,4,61,236928,0.0000,vanish
2312_R3mhAhexxyY,29,4,63,134859,0.0000,vanish
2312_R3mhAhexxyY,30,5,19,117663,0.0711,vanish
2312_R3mhAhexxyY,30,4,19,280016,0.0000,vanish
2312_R3mhAhexxyY,30,4,19,18951,0.0000,vanish
2312_R3mhAhexxyY,30,1,19,17237,0.0000,vanish
2312_R3mhAhexxyY,30,1,19,15469,0.0000,vanish
2312_R3mhAhexxyY,30,1,21,13782,0.0000,vanish
2312_R3mhAhexxyY,30,1,61,10229,0.0000,vanish
2312_R3mhAhexxyY,30,4,61,240193,0.0000,vanish
2312_R3mhAhexxyY,30,3,63,133549,0.0000,vanish
2312_R3mhAhexxyY,31,5,19,101464,0.0000,vanish
2312_R3mhAhexxyY,31,4,19,244032,0.0000,vanish
2312_R3mhAhexxyY,31,1,19,581,0.0000,vanish
2312_R3mhAhexxyY,31,1,19,4548,0.0000,vanish
2312_R3mhAhexxyY,31,5,21,411779,0.1517,shrink
2312_R3mhAhexxyY,31,5,61,1084640,0.2331,shrink
2312_R3mhAhexxyY,31,3,61,218928,0.0000,vanish
2312_R3mhAhexxyY,31,3,63,145533,0.0000,vanish
2312_R3mhAhexxyY,32,4,19,86043,0.0000,vanish
2312_R3mhAhexxyY,32,3,19,233375,0.0000,vanish
2312_R3mhAhexxyY,32,2,19,1355,0.0000,vanish
2312_R3mhAhexxyY,32,5,21,404465,0.0000,vanish
2312_R3mhAhexxyY,32,5,61,1085541,0.1527,shrink
2312_R3mhAhexxyY,32,2,61,130721,0.0000,vanish
2312_R3mhAhexxyY,32,4,63,142396,0.0000,vanish
2312_R3mhAhexxyY,33,3,19,67260,0.0000,vanish
2312_R3mhAhexxyY,33,2,19,208060,0.0000,vanish
2312_R3mhAhexxyY,33,1,19,8673,0.0000,vanish
2312_R3mhAhexxyY,33,1,19,9742,0.0000,vanish
2312_R3mhAhexxyY,33,1,19,435,0.0000,vanish
2312_R3mhAhexxyY,33,5,21,467848,0.0000,vanish
2312_R3mhAhexxyY,33,1,21,4819,0.0000,vanish
2312_R3mhAhexxyY,33,5,61,1289741,0.1682,shrink
2312_R3mhAhexxyY,33,1,61,22337,0.0000,vanish
2312_R3mhAhexxyY,33,3,63,145952,0.0000,vanish
2312_R3mhAhexxyY,34,2,19,32387,0.0000,vanish
2312_R3mhAhexxyY,34,2,19,125652,0.0000,vanish
2312_R3mhAhexxyY,34,4,21,418562,0.0000,vanish
2312_R3mhAhexxyY,34,2,52,14559,0.0000,vanish
2312_R3mhAhexxyY,34,5,61,1102934,0.2343,shrink
2312_R3mhAhexxyY,34,3,63,122277,0.0000,vanish
2312_R3mhAhexxyY,35,1,19,17578,0.0000,vanish
2312_R3mhAhexxyY,35,1,19,57485,0.0000,vanish
2312_R3mhAhexxyY,35,3,21,289432,0.0000,vanish
2312_R3mhAhexxyY,35,1,52,5144,0.0000,vanish
2312_R3mhAhexxyY,35,2,63,54087,0.0000,vanish
2312_R3mhAhexxyY,36,1,19,8391,0.0000,vanish
2312_R3mhAhexxyY,36,2,21,78989,0.0000,vanish
2312_R3mhAhexxyY,36,1,21,4437,0.0000,vanish
2312_R3mhAhexxyY,36,1,49,95389,0.0000,vanish
2312_R3mhAhexxyY,36,1,63,13587,0.0000,vanish
2312_R3mhAhexxyY,37,1,0,487,0.0000,vanish
2312_R3mhAhexxyY,37,1,21,441,0.0000,vanish
2312_R3mhAhexxyY,37,1,21,800,0.0000,vanish
2312_R3mhAhexxyY,40,4,19,20474,0.0586,vanish
2312_R3mhAhexxyY,40,1,61,82506,0.0000,vanish
2312_R3mhAhexxyY,41,5,19,23832,0.0000,vanish
2312_R3mhAhexxyY,42,2,19,775,0.0000,vanish
2312_R3mhAhexxyY,42,1,19,3591,0.0000,vanish
2312_R3mhAhexxyY,43,1,19,4199,0.0000,vanish
2312_R3mhAhexxyY,43,1,50,534,0.0000,vanish
2312_R3mhAhexxyY,44,1,19,6053,0.0000,vanish
2312_R3mhAhexxyY,45,1,19,1719,0.0000,vanish
2312_R3mhAhexxyY,48,5,19,17371,0.2485,shrink
2312_R3mhAhexxyY,50,5,19,12547,0.1855,shrink
2312_R3mhAhexxyY,50,5,19,3464,0.1599,shrink
2312_R3mhAhexxyY,50,5,21,11305,0.2284,shrink
2312_R3mhAhexxyY,51,4,19,9760,0.2384,shrink
2312_R3mhAhexxyY,51,5,19,14775,0.1351,shrink
2312_R3mhAhexxyY,51,5,19,4143,0.0000,vanish
2312_R3mhAhexxyY,51,5,21,11047,0.0927,vanish
2312_R3mhAhexxyY,51,5,21,16446,0.1310,shrink
2312_R3mhAhexxyY,51,5,21,27531,0.1677,shrink
2312_R3mhAhexxyY,52,5,19,11543,0.1402,shrink
2312_R3mhAhexxyY,52,5,19,14232,0.0846,vanish
2312_R3mhAhexxyY,52,4,19,4062,0.0000,vanish
2312_R3mhAhexxyY,52,5,21,10384,0.0510,vanish
2312_R3mhAhexxyY,52,5,21,16198,0.1148,shrink
2312_R3mhAhexxyY,52,5,21,27562,0.1941,shrink
2312_R3mhAhexxyY,53,5,19,6212,0.0810,vanish
2312_R3mhAhexxyY,53,5,19,12148,0.0000,vanish
2312_R3mhAhexxyY,53,5,19,13658,0.0000,vanish
2312_R3mhAhexxyY,53,5,19,34389,0.2270,shrink
2312_R3mhAhexxyY,53,5,19,50547,0.1998,shrink
2312_R3mhAhexxyY,53,3,19,3193,0.0000,vanish
2312_R3mhAhexxyY,53,5,21,43560,0.0621,vanish
2312_R3mhAhexxyY,53,5,21,8530,0.0000,vanish
2312_R3mhAhexxyY,53,5,21,15441,0.0515,vanish
2312_R3mhAhexxyY,53,5,21,27317,0.1917,shrink
2312_R3mhAhexxyY,54,5,19,5075,0.0000,vanish
2312_R3mhAhexxyY,54,4,19,11348,0.0000,vanish
2312_R3mhAhexxyY,54,4,19,12180,0.0000,vanish
2312_R3mhAhexxyY,54,5,19,32888,0.1641,shrink
2312_R3mhAhexxyY,54,5,19,13509,0.0856,vanish
2312_R3mhAhexxyY,54,5,19,42928,0.1369,shrink
2312_R3mhAhexxyY,54,2,19,2698,0.0000,vanish
2312_R3mhAhexxyY,54,5,21,38104,0.0000,vanish
2312_R3mhAhexxyY,54,4,21,6696,0.0000,vanish
2312_R3mhAhexxyY,54,5,21,14249,0.0013,vanish
2312_R3mhAhexxyY,54,5,21,27087,0.2047,shrink
2312_R3mhAhexxyY,54,5,49,53339,0.2061,shrink
2312_R3mhAhexxyY,55,3,19,8626,0.0000,vanish
2312_R3mhAhexxyY,55,4,19,8970,0.0000,vanish
2312_R3mhAhexxyY,55,5,19,30117,0.1169,shrink
2312_R3mhAhexxyY,55,5,19,12676,0.0000,vanish
2312_R3mhAhexxyY,55,5,19,28497,0.0953,vanish
2312_R3mhAhexxyY,55,2,19,1692,0.0000,vanish
2312_R3mhAhexxyY,55,4,21,29767,0.0000,vanish
2312_R3mhAhexxyY,55,3,21,4917,0.0000,vanish
2312_R3mhAhexxyY,55,5,21,12430,0.0000,vanish
2312_R3mhAhexxyY,55,5,49,49849,0.0000,vanish
2312_R3mhAhexxyY,56,2,19,5905,0.0000,vanish
2312_R3mhAhexxyY,56,3,19,5992,0.0000,vanish
2312_R3mhAhexxyY,56,5,19,27220,0.0205,vanish
2312_R3mhAhexxyY,56,4,19,10703,0.0000,vanish
2312_R3mhAhexxyY,56,5,19,21139,0.0000,vanish
2312_R3mhAhexxyY,56,2,19,1439,0.0000,vanish
2312_R3mhAhexxyY,56,3,21,22467,0.0000,vanish
2312_R3mhAhexxyY,56,2,21,3324,0.0000,vanish
2312_R3mhAhexxyY,56,4,21,10174,0.0000,vanish
2312_R3mhAhexxyY,56,5,21,23474,0.1024,shrink
2312_R3mhAhexxyY,56,4,49,42501,0.0000,vanish
2312_R3mhAhexxyY,57,2,19,2771,0.0000,vanish
2312_R3mhAhexxyY,57,1,19,2351,0.0000,vanish
2312_R3mhAhexxyY,57,2,19,3274,0.0000,vanish
2312_R3mhAhexxyY,57,5,19,23113,0.0000,vanish
2312_R3mhAhexxyY,57,3,19,9420,0.0000,vanish
2312_R3mhAhexxyY,57,4,19,17112,0.0000,vanish
2312_R3mhAhexxyY,57,1,19,1047,0.0000,vanish
2312_R3mhAhexxyY,57,2,21,13479,0.0000,vanish
2312_R3mhAhexxyY,57,1,21,1607,0.0000,vanish
2312_R3mhAhexxyY,57,3,21,7584,0.0000,vanish
2312_R3mhAhexxyY,57,5,21,21697,0.0000,vanish
2312_R3mhAhexxyY,57,3,49,33818,0.0000,vanish
2312_R3mhAhexxyY,58,1,19,851,0.0000,vanish
2312_R3mhAhexxyY,58,4,19,18603,0.0000,vanish
2312_R3mhAhexxyY,58,2,19,4790,0.0000,vanish
2312_R3mhAhexxyY,58,3,19,10101,0.0000,vanish
2312_R3mhAhexxyY,58,1,19,1206,0.0000,vanish
2312_R3mhAhexxyY,58,1,21,2704,0.0000,vanish
2312_R3mhAhexxyY,58,2,21,3699,0.0000,vanish
2312_R3mhAhexxyY,58,4,21,18454,0.0000,vanish
2312_R3mhAhexxyY,58,2,49,25078,0.0000,vanish
2312_R3mhAhexxyY,59,3,19,12767,0.0000,vanish
2312_R3mhAhexxyY,59,2,19,5875,0.0000,vanish
2312_R3mhAhexxyY,59,1,19,1035,0.0000,vanish
2312_R3mhAhexxyY,59,1,21,1104,0.0000,vanish
2312_R3mhAhexxyY,59,3,21,14601,0.0000,vanish
2312_R3mhAhexxyY,59,1,49,10994,0.0000,vanish
2312_R3mhAhexxyY,60,2,19,5505,0.0000,vanish
2312_R3mhAhexxyY,60,1,19,1593,0.0000,vanish
2312_R3mhAhexxyY,60,1,19,2715,0.0000,vanish
2312_R3mhAhexxyY,60,2,21,10408,0.0000,vanish
2312_R3mhAhexxyY,61,1,19,1329,0.0000,vanish
2312_R3mhAhexxyY,61,1,21,3487,0.0000,vanish
2312_R3mhAhexxyY,62,1,63,2843,0.0000,vanish
2312_R3mhAhexxyY,66,5,80,248135,0.2113,shrink
2312_R3mhAhexxyY,67,5,80,259629,0.1369,shrink
2312_R3mhAhexxyY,68,4,19,13794,0.0000,vanish
2312_R3mhAhexxyY,68,5,80,247966,0.0612,vanish
2312_R3mhAhexxyY,69,3,19,15450,0.0000,vanish
2312_R3mhAhexxyY,69,1,80,29097,0.0000,vanish
2312_R3mhAhexxyY,69,5,80,159589,0.0039,vanish
2312_R3mhAhexxyY,70,2,19,13273,0.0000,vanish
2312_R3mhAhexxyY,70,1,80,1892,0.0000,vanish
2312_R3mhAhexxyY,70,4,80,121241,0.0052,vanish
2312_R3mhAhexxyY,71,1,19,8685,0.0000,vanish
2312_R3mhAhexxyY,71,3,80,76764,0.0082,vanish
2312_R3mhAhexxyY,72,2,61,8005,0.0000,vanish
2312_R3mhAhexxyY,72,2,80,39752,0.0157,vanish
2312_R3mhAhexxyY,73,1,61,444,0.0000,vanish
2312_R3mhAhexxyY,73,1,80,15187,0.0412,vanish
2314_RtMhFyAE3ao,0,5,67,2050,0.0468,vanish
2314_RtMhFyAE3ao,1,5,67,1395,0.0000,vanish
2314_RtMhFyAE3ao,2,4,67,1268,0.0000,vanish
2314_RtMhFyAE3ao,3,3,67,898,0.0000,vanish
2314_RtMhFyAE3ao,4,2,67,417,0.0000,vanish
2314_RtMhFyAE3ao,7,5,16,6486,0.0840,vanish
2314_RtMhFyAE3ao,8,5,16,6096,0.0000,vanish
2314_RtMhFyAE3ao,9,4,16,5851,0.0000,vanish
2314_RtMhFyAE3ao,10,3,16,5422,0.0000,vanish
2314_RtMhFyAE3ao,11,2,16,5104,0.0000,vanish
2314_RtMhFyAE3ao,17,5,49,98922,0.2023,shrink
2314_RtMhFyAE3ao,18,5,49,95090,0.1785,shrink
2314_RtMhFyAE3ao,20,2,16,337,0.0000,vanish
2314_RtMhFyAE3ao,28,5,16,361,0.0277,vanish
2314_RtMhFyAE3ao,29,4,16,304,0.0000,vanish
2314_RtMhFyAE3ao,30,3,16,338,0.0089,vanish
2314_RtMhFyAE3ao,34,5,41,1518,0.1133,shrink
2314_RtMhFyAE3ao,35,5,41,1354,0.0369,vanish
2314_RtMhFyAE3ao,36,5,41,1083,0.0000,vanish
2314_RtMhFyAE3ao,37,4,41,885,0.0000,vanish
2314_RtMhFyAE3ao,38,3,41,614,0.0000,vanish
2314_RtMhFyAE3ao,40,5,41,929,0.2250,shrink
2314_RtMhFyAE3ao,41,5,41,884,0.1041,shrink
2314_RtMhFyAE3ao,42,5,41,686,0.0204,vanish
2314_RtMhFyAE3ao,43,5,41,503,0.0000,vanish
2314_RtMhFyAE3ao,44,4,41,368,0.0000,vanish
2314_RtMhFyAE3ao,50,5,16,422,0.0545,vanish
2314_RtMhFyAE3ao,51,5,16,406,0.0000,vanish
2314_RtMhFyAE3ao,52,4,16,374,0.0000,vanish
2314_RtMhFyAE3ao,53,3,16,338,0.0000,vanish
2319_Sjpq0mTJ7TM,0,5,16,8936,0.2342,shrink
2319_Sjpq0mTJ7TM,0,5,16,5220,0.2033,shrink
2319_Sjpq0mTJ7TM,0,5,26,6268,0.2431,shrink
2319_Sjpq0mTJ7TM,4,4,16,300,0.0000,vanish
2319_Sjpq0mTJ7TM,4,5,20,2999,0.0000,vanish
2319_Sjpq0mTJ7TM,5,4,20,2090,0.0000,vanish
2319_Sjpq0mTJ7TM,6,3,20,1295,0.0000,vanish
2319_Sjpq0mTJ7TM,6,5,26,8851,0.2443,shrink
2319_Sjpq0mTJ7TM,7,2,20,759,0.0000,vanish
2319_Sjpq0mTJ7TM,8,5,16,9043,0.2468,shrink
2319_Sjpq0mTJ7TM,8,5,26,7442,0.2416,shrink
2319_Sjpq0mTJ7TM,8,5,26,6325,0.2138,shrink
2319_Sjpq0mTJ7TM,9,5,16,7848,0.2094,shrink
2319_Sjpq0mTJ7TM,9,5,26,5900,0.2149,shrink
2319_Sjpq0mTJ7TM,10,2,16,1441,0.1742,shrink
2319_Sjpq0mTJ7TM,10,5,26,4983,0.2404,shrink
2319_Sjpq0mTJ7TM,10,4,26,5937,0.2001,shrink
2319_Sjpq0mTJ7TM,11,5,16,2345,0.1582,shrink
2319_Sjpq0mTJ7TM,11,1,16,506,0.0000,vanish
2319_Sjpq0mTJ7TM,11,4,26,5185,0.2374,shrink
2319_Sjpq0mTJ7TM,11,3,26,5743,0.2203,shrink
2319_Sjpq0mTJ7TM,12,4,16,2168,0.2399,shrink
2319_Sjpq0mTJ7TM,12,5,16,1963,0.2318,shrink
2319_Sjpq0mTJ7TM,12,5,16,1905,0.0005,vanish
2319_Sjpq0mTJ7TM,12,5,20,788,0.0419,vanish
2319_Sjpq0mTJ7TM,13,5,16,2064,0.2297,shrink
2319_Sjpq0mTJ7TM,13,5,16,1988,0.1992,shrink
2319_Sjpq0mTJ7TM,13,5,16,1405,0.0000,vanish
2319_Sjpq0mTJ7TM,13,5,20,777,0.0644,vanish
2319_Sjpq0mTJ7TM,14,5,16,1585,0.1874,shrink
2319_Sjpq0mTJ7TM,14,4,16,932,0.0000,vanish
2319_Sjpq0mTJ7TM,14,5,20,715,0.0000,vanish
2319_Sjpq0mTJ7TM,14,5,26,3018,0.1753,shrink
2319_Sjpq0mTJ7TM,15,1,16,754,0.1857,shrink
2319_Sjpq0mTJ7TM,15,4,20,872,0.0000,vanish
2319_Sjpq0mTJ7TM,15,5,26,3431,0.0595,vanish
2319_Sjpq0mTJ7TM,16,5,16,514,0.0000,vanish
2319_Sjpq0mTJ7TM,16,5,16,3936,0.1542,shrink
2319_Sjpq0mTJ7TM,16,2,16,1072,0.1110,shrink
2319_Sjpq0mTJ7TM,16,5,16,1354,0.0000,vanish
2319_Sjpq0mTJ7TM,16,2,16,585,0.0000,vanish
2319_Sjpq0mTJ7TM,16,3,20,615,0.0000,vanish
2319_Sjpq0mTJ7TM,16,5,26,3338,0.0285,vanish
2319_Sjpq0mTJ7TM,17,4,16,529,0.0000,vanish
2319_Sjpq0mTJ7TM,17,5,16,3605,0.1379,shrink
2319_Sjpq0mTJ7TM,17,4,16,1119,0.0000,vanish
2319_Sjpq0mTJ7TM,17,1,16,530,0.0000,vanish
2319_Sjpq0mTJ7TM,17,5,26,8098,0.2350,shrink
2319_Sjpq0mTJ7TM,17,4,26,2955,0.0470,vanish
2319_Sjpq0mTJ7TM,18,3,16,548,0.0000,vanish
2319_Sjpq0mTJ7TM,18,5,16,2924,0.0496,vanish
2319_Sjpq0mTJ7TM,18,3,16,788,0.0000,vanish
2319_Sjpq0mTJ7TM,18,5,20,2374,0.0670,vanish
2319_Sjpq0mTJ7TM,18,5,26,7750,0.2135,shrink
2319_Sjpq0mTJ7TM,18,3,26,3303,0.0651,vanish
2319_Sjpq0mTJ7TM,19,2,16,552,0.0000,vanish
2319_Sjpq0mTJ7TM,19,5,16,2422,0.0000,vanish
2319_Sjpq0mTJ7TM,19,2,16,528,0.0000,vanish
2319_Sjpq0mTJ7TM,19,4,20,2001,0.0005,vanish
2319_Sjpq0mTJ7TM,19,5,20,4758,0.1953,shrink
2319_Sjpq0mTJ7TM,19,5,26,7277,0.2309,shrink
2319_Sjpq0mTJ7TM,19,5,26,2143,0.1195,shrink
2319_Sjpq0mTJ7TM,20,1,16,397,0.0000,vanish
2319_Sjpq0mTJ7TM,20,5,16,1615,0.0650,vanish
2319_Sjpq0mTJ7TM,20,4,16,1964,0.0000,vanish
2319_Sjpq0mTJ7TM,20,4,20,1834,0.0000,vanish
2319_Sjpq0mTJ7TM,20,5,20,4569,0.1490,shrink
2319_Sjpq0mTJ7TM,20,5,26,6499,0.2479,shrink
2319_Sjpq0mTJ7TM,20,5,26,1569,0.0000,vanish
2319_Sjpq0mTJ7TM,21,3,16,1530,0.0000,vanish
2319_Sjpq0mTJ7TM,21,3,20,1604,0.0000,vanish
2319_Sjpq0mTJ7TM,21,5,20,4233,0.0000,vanish
2319_Sjpq0mTJ7TM,21,3,26,1526,0.0000,vanish
2319_Sjpq0mTJ7TM,22,2,16,1220,0.0000,vanish
2319_Sjpq0mTJ7TM,22,2,20,1109,0.0000,vanish
2319_Sjpq0mTJ7TM,22,5,20,4195,0.0203,vanish
2319_Sjpq0mTJ7TM,22,2,26,1212,0.0000,vanish
2319_Sjpq0mTJ7TM,23,4,16,1198,0.0000,vanish
2319_Sjpq0mTJ7TM,23,1,16,841,0.1367,shrink
2319_Sjpq0mTJ7TM,23,1,16,538,0.0000,vanish
2319_Sjpq0mTJ7TM,23,2,26,1187,0.0000,vanish
2319_Sjpq0mTJ7TM,24,5,26,5248,0.1412,shrink
2319_Sjpq0mTJ7TM,24,2,26,1164,0.0000,vanish
2319_Sjpq0mTJ7TM,25,4,26,4887,0.1005,shrink
2319_Sjpq0mTJ7TM,25,1,26,727,0.0000,vanish
2319_Sjpq0mTJ7TM,26,3,26,4169,0.0796,vanish
2319_Sjpq0mTJ7TM,27,1,16,693,0.0000,vanish
2319_Sjpq0mTJ7TM,27,2,26,3149,0.0613,vanish
2319_Sjpq0mTJ7TM,28,1,26,1186,0.0000,vanish
2325_Tp33Bt_mc0c,0,5,26,4262,0.0702,vanish
2325_Tp33Bt_mc0c,1,5,26,4322,0.0928,vanish
2325_Tp33Bt_mc0c,2,5,26,4289,0.0781,vanish
2325_Tp33Bt_mc0c,3,5,26,4267,0.0345,vanish
2325_Tp33Bt_mc0c,17,5,65,10090,0.0190,vanish
2325_Tp33Bt_mc0c,18,5,65,10043,0.0014,vanish
2325_Tp33Bt_mc0c,19,5,65,10066,0.0000,vanish
2325_Tp33Bt_mc0c,20,5,16,26716,0.2500,shrink
2325_Tp33Bt_mc0c,20,4,65,9830,0.0000,vanish
2325_Tp33Bt_mc0c,21,3,65,8201,0.0000,vanish
2325_Tp33Bt_mc0c,22,5,0,16160,0.2137,shrink
2325_Tp33Bt_mc0c,22,2,16,4402,0.2433,shrink
2325_Tp33Bt_mc0c,22,4,65,4782,0.0000,vanish
2325_Tp33Bt_mc0c,23,5,0,13112,0.2190,shrink
2325_Tp33Bt_mc0c,23,1,16,2160,0.0458,vanish
2325_Tp33Bt_mc0c,23,3,65,3955,0.0000,vanish
2325_Tp33Bt_mc0c,24,3,65,602,0.0000,vanish
2325_Tp33Bt_mc0c,24,3,65,2724,0.0000,vanish
2325_Tp33Bt_mc0c,25,3,65,637,0.0000,vanish
2325_Tp33Bt_mc0c,25,2,65,2050,0.0000,vanish
2325_Tp33Bt_mc0c,26,1,65,464,0.0000,vanish
2325_Tp33Bt_mc0c,27,5,0,3453,0.2308,shrink
2325_Tp33Bt_mc0c,27,5,65,2670,0.0165,vanish
2325_Tp33Bt_mc0c,28,5,0,2872,0.0700,vanish
2325_Tp33Bt_mc0c,28,5,65,1717,0.0862,vanish
2325_Tp33Bt_mc0c,28,5,65,2694,0.0000,vanish
2325_Tp33Bt_mc0c,29,5,0,3218,0.0000,vanish
2325_Tp33Bt_mc0c,29,5,65,1733,0.0000,vanish
2325_Tp33Bt_mc0c,30,4,0,3511,0.0000,vanish
2325_Tp33Bt_mc0c,30,4,65,1875,0.0000,vanish
2325_Tp33Bt_mc0c,30,3,65,2773,0.0000,vanish
2325_Tp33Bt_mc0c,31,3,0,2637,0.0000,vanish
2325_Tp33Bt_mc0c,31,3,65,1758,0.0000,vanish
2325_Tp33Bt_mc0c,32,2,0,797,0.0000,vanish
2325_Tp33Bt_mc0c,32,5,65,1218,0.0082,vanish
2325_Tp33Bt_mc0c,32,3,65,2032,0.0000,vanish
2325_Tp33Bt_mc0c,33,5,65,1114,0.0000,vanish
2325_Tp33Bt_mc0c,34,4,65,508,0.0000,vanish
2325_Tp33Bt_mc0c,35,5,65,737,0.0000,vanish
2325_Tp33Bt_mc0c,35,3,65,323,0.0000,vanish
2325_Tp33Bt_mc0c,36,5,0,1789,0.0000,vanish
2325_Tp33Bt_mc0c,36,4,65,798,0.0000,vanish
2325_Tp33Bt_mc0c,37,5,0,1575,0.0000,vanish
2325_Tp33Bt_mc0c,37,3,65,786,0.0000,vanish
2325_Tp33Bt_mc0c,38,5,0,1660,0.0000,vanish
2325_Tp33Bt_mc0c,38,2,65,897,0.0000,vanish
2325_Tp33Bt_mc0c,39,4,0,1933,0.0000,vanish
2325_Tp33Bt_mc0c,39,1,65,964,0.0000,vanish
2325_Tp33Bt_mc0c,40,4,0,2590,0.0197,vanish
2325_Tp33Bt_mc0c,40,5,65,1455,0.0832,vanish
2325_Tp33Bt_mc0c,41,3,0,2742,0.1973,shrink
2325_Tp33Bt_mc0c,41,5,65,2040,0.0858,vanish
2325_Tp33Bt_mc0c,42,5,65,2253,0.1087,shrink
2325_Tp33Bt_mc0c,44,5,0,2495,0.0798,vanish
2325_Tp33Bt_mc0c,44,5,65,1343,0.2480,shrink
2325_Tp33Bt_mc0c,45,5,0,2358,0.0000,vanish
2325_Tp33Bt_mc0c,45,5,65,1297,0.0509,vanish
2325_Tp33Bt_mc0c,46,3,0,2342,0.0000,vanish
2325_Tp33Bt_mc0c,46,4,65,1252,0.0351,vanish
2325_Tp33Bt_mc0c,47,3,0,2302,0.0000,vanish
2325_Tp33Bt_mc0c,47,5,65,1289,0.0132,vanish
2325_Tp33Bt_mc0c,48,4,0,2357,0.0000,vanish
2325_Tp33Bt_mc0c,48,5,65,1043,0.0000,vanish
2325_Tp33Bt_mc0c,49,4,0,2258,0.0000,vanish
2325_Tp33Bt_mc0c,49,4,65,753,0.1142,shrink
2325_Tp33Bt_mc0c,50,4,0,2115,0.0000,vanish
2325_Tp33Bt_mc0c,50,5,65,539,0.0056,vanish
2325_Tp33Bt_mc0c,51,4,0,2326,0.0000,vanish
2325_Tp33Bt_mc0c,51,4,65,660,0.0530,vanish
2325_Tp33Bt_mc0c,52,3,65,629,0.0000,vanish
2325_Tp33Bt_mc0c,53,2,65,556,0.0000,vanish
2325_Tp33Bt_mc0c,54,4,26,4572,0.1485,shrink
2325_Tp33Bt_mc0c,54,3,65,928,0.0000,vanish
2325_Tp33Bt_mc0c,55,3,26,4064,0.1437,shrink
2325_Tp33Bt_mc0c,56,2,26,4196,0.1554,shrink
2325_Tp33Bt_mc0c,56,1,29,1202,0.1414,shrink
2334_Ws1upCAbQWU,13,5,1,7021,0.2323,shrink
2334_Ws1upCAbQWU,14,5,1,6130,0.0907,vanish
2334_Ws1upCAbQWU,15,4,1,6703,0.0813,vanish
2334_Ws1upCAbQWU,16,3,1,6106,0.0911,vanish
2334_Ws1upCAbQWU,17,2,1,4242,0.0981,vanish
2334_Ws1upCAbQWU,18,2,1,1604,0.0000,vanish
2334_Ws1upCAbQWU,19,1,1,415,0.0000,vanish
2334_Ws1upCAbQWU,20,3,1,795,0.0000,vanish
2334_Ws1upCAbQWU,22,1,1,757,0.0000,vanish
2335_YGVFUszxEag,0,5,23,10080,0.0000,vanish
2335_YGVFUszxEag,0,1,75,15436,0.0000,vanish
2335_YGVFUszxEag,1,4,23,10023,0.0000,vanish
2335_YGVFUszxEag,2,3,23,6808,0.0000,vanish
2335_YGVFUszxEag,2,5,67,2806,0.0000,vanish
2335_YGVFUszxEag,3,2,23,5200,0.0000,vanish
2335_YGVFUszxEag,3,4,67,2461,0.0000,vanish
2335_YGVFUszxEag,4,3,23,1489,0.0302,vanish
2335_YGVFUszxEag,4,3,67,1917,0.0000,vanish
2335_YGVFUszxEag,5,4,23,10267,0.2483,shrink
2335_YGVFUszxEag,5,4,23,1279,0.0000,vanish
2335_YGVFUszxEag,5,2,67,1675,0.0000,vanish
2335_YGVFUszxEag,6,3,23,10549,0.2066,shrink
2335_YGVFUszxEag,6,5,23,2818,0.0749,vanish
2335_YGVFUszxEag,6,1,67,1288,0.0000,vanish
2335_YGVFUszxEag,6,1,67,2884,0.0000,vanish
2335_YGVFUszxEag,6,2,75,12590,0.0000,vanish
2335_YGVFUszxEag,7,5,23,7678,0.1984,shrink
2335_YGVFUszxEag,7,2,75,16020,0.0000,vanish
2335_YGVFUszxEag,8,1,61,766,0.0000,vanish
2335_YGVFUszxEag,8,2,75,9026,0.0000,vanish
2335_YGVFUszxEag,9,1,75,1446,0.0000,vanish
2335_YGVFUszxEag,10,1,23,6964,0.2499,shrink
2335_YGVFUszxEag,11,4,23,3019,0.1444,shrink
2335_YGVFUszxEag,12,5,67,21177,0.1387,shrink
2335_YGVFUszxEag,12,4,75,15395,0.0000,vanish
2335_YGVFUszxEag,13,1,61,579,0.0052,vanish
2335_YGVFUszxEag,13,3,61,465,0.0774,vanish
2335_YGVFUszxEag,13,5,67,19905,0.0132,vanish
2335_YGVFUszxEag,13,4,75,21829,0.0000,vanish
2335_YGVFUszxEag,14,3,23,6059,0.0000,vanish
2335_YGVFUszxEag,14,3,23,3075,0.0374,vanish
2335_YGVFUszxEag,14,5,67,14259,0.0033,vanish
2335_YGVFUszxEag,14,3,75,22871,0.0000,vanish
2335_YGVFUszxEag,15,1,23,606,0.0000,vanish
2335_YGVFUszxEag,15,2,23,3248,0.0000,vanish
2335_YGVFUszxEag,15,3,23,2636,0.0668,vanish
2335_YGVFUszxEag,15,5,67,9781,0.0011,vanish
2335_YGVFUszxEag,15,3,75,31515,0.0000,vanish
2335_YGVFUszxEag,16,2,23,1731,0.0208,vanish
2335_YGVFUszxEag,16,1,23,617,0.0000,vanish
2335_YGVFUszxEag,16,5,67,7462,0.0000,vanish
2335_YGVFUszxEag,17,2,23,1018,0.0000,vanish
2335_YGVFUszxEag,17,4,67,2927,0.0000,vanish
2335_YGVFUszxEag,18,5,23,18641,0.2468,shrink
2335_YGVFUszxEag,18,2,23,539,0.0000,vanish
2335_YGVFUszxEag,18,5,61,193561,0.2324,shrink
2335_YGVFUszxEag,19,1,23,305,0.0000,vanish
2335_YGVFUszxEag,19,4,23,13445,0.1906,shrink
2335_YGVFUszxEag,19,5,61,255212,0.2374,shrink
2335_YGVFUszxEag,20,4,23,10382,0.1503,shrink
2335_YGVFUszxEag,21,3,23,6791,0.0791,vanish
2335_YGVFUszxEag,22,2,23,3317,0.0000,vanish
2335_YGVFUszxEag,22,2,61,3834,0.0000,vanish
2335_YGVFUszxEag,22,2,61,11612,0.0002,vanish
2335_YGVFUszxEag,23,1,23,1272,0.0000,vanish
2335_YGVFUszxEag,23,1,61,807,0.0000,vanish
2335_YGVFUszxEag,23,1,61,4285,0.0000,vanish
2335_YGVFUszxEag,29,3,75,15193,0.0000,vanish
2335_YGVFUszxEag,30,3,75,3273,0.0000,vanish
2335_YGVFUszxEag,32,4,23,3900,0.0000,vanish
2335_YGVFUszxEag,33,4,23,6890,0.0000,vanish
2335_YGVFUszxEag,34,5,23,9921,0.0071,vanish
2335_YGVFUszxEag,35,5,23,9406,0.0000,vanish
2335_YGVFUszxEag,36,4,23,7910,0.0000,vanish
2337_YujsE547CFk,0,5,1,56655,0.0170,vanish
2337_YujsE547CFk,0,5,12,220895,0.0104,vanish
2337_YujsE547CFk,0,4,15,20972,0.0000,vanish
2337_YujsE547CFk,0,4,16,28695,0.0000,vanish
2337_YujsE547CFk,0,4,29,14391,0.0000,vanish
2337_YujsE547CFk,0,5,30,134854,0.1044,shrink
2337_YujsE547CFk,0,2,86,4861,0.0000,vanish
2337_YujsE547CFk,1,4,1,55204,0.0073,vanish
2337_YujsE547CFk,1,4,12,212667,0.0002,vanish
2337_YujsE547CFk,1,3,16,32196,0.0000,vanish
2337_YujsE547CFk,1,3,29,10291,0.0000,vanish
2337_YujsE547CFk,1,4,30,135785,0.1820,shrink
2337_YujsE547CFk,1,2,86,6255,0.0000,vanish
2337_YujsE547CFk,2,3,1,77779,0.0970,vanish
2337_YujsE547CFk,2,2,1,923,0.0000,vanish
2337_YujsE547CFk,2,3,12,192352,0.1724,shrink
2337_YujsE547CFk,2,2,16,12258,0.0000,vanish
2337_YujsE547CFk,2,1,16,387,0.0000,vanish
2337_YujsE547CFk,2,2,29,3781,0.0000,vanish
2337_YujsE547CFk,2,2,86,11467,0.0000,vanish
2337_YujsE547CFk,2,1,96,310,0.0000,vanish
2337_YujsE547CFk,3,1,1,8452,0.0000,vanish
2337_YujsE547CFk,3,1,16,4102,0.0000,vanish
2337_YujsE547CFk,3,1,29,1556,0.0000,vanish
2337_YujsE547CFk,3,2,86,12909,0.0000,vanish
2337_YujsE547CFk,3,2,96,1175,0.0468,vanish
2337_YujsE547CFk,3,1,96,339,0.0000,vanish
2337_YujsE547CFk,4,5,67,4399,0.0000,vanish
2337_YujsE547CFk,4,4,96,2491,0.0510,vanish
2337_YujsE547CFk,5,4,67,3564,0.0000,vanish
2337_YujsE547CFk,5,3,96,2108,0.0024,vanish
2337_YujsE547CFk,6,5,67,53633,0.1832,shrink
2337_YujsE547CFk,6,3,67,3236,0.0000,vanish
2337_YujsE547CFk,6,3,96,655,0.1786,shrink
2337_YujsE547CFk,7,4,67,56689,0.1733,shrink
2337_YujsE547CFk,7,2,67,1696,0.0000,vanish
2337_YujsE547CFk,8,3,67,50940,0.1928,shrink
2337_YujsE547CFk,8,1,67,939,0.0000,vanish
2337_YujsE547CFk,8,2,67,495,0.0000,vanish
2337_YujsE547CFk,9,5,67,38054,0.0000,vanish
2337_YujsE547CFk,9,1,67,301,0.0000,vanish
2337_YujsE547CFk,10,4,67,26740,0.0000,vanish
2337_YujsE547CFk,10,1,90,712,0.1840,shrink
2337_YujsE547CFk,11,2,15,648,0.0000,vanish
2337_YujsE547CFk,11,3,67,9689,0.0000,vanish
2337_YujsE547CFk,12,5,12,176633,0.0001,vanish
2337_YujsE547CFk,12,2,15,1432,0.0000,vanish
2337_YujsE547CFk,12,2,67,12774,0.0000,vanish
2337_YujsE547CFk,12,5,96,15842,0.0743,vanish
2337_YujsE547CFk,13,5,12,174124,0.0000,vanish
2337_YujsE547CFk,13,3,15,2024,0.0000,vanish
2337_YujsE547CFk,13,1,67,10896,0.0000,vanish
2337_YujsE547CFk,13,1,67,448,0.0000,vanish
2337_YujsE547CFk,13,5,96,16571,0.0174,vanish
2337_YujsE547CFk,14,5,12,172637,0.0000,vanish
2337_YujsE547CFk,14,3,15,3342,0.0000,vanish
2337_YujsE547CFk,14,5,96,18573,0.0000,vanish
2337_YujsE547CFk,15,4,12,168363,0.0000,vanish
2337_YujsE547CFk,15,2,15,4151,0.0000,vanish
2337_YujsE547CFk,15,4,96,17475,0.0000,vanish
2337_YujsE547CFk,16,5,12,169756,0.0000,vanish
2337_YujsE547CFk,16,2,15,7320,0.0000,vanish
2337_YujsE547CFk,16,1,67,339,0.0000,vanish
2337_YujsE547CFk,16,5,96,16773,0.0095,vanish
2337_YujsE547CFk,17,5,12,170337,0.0737,vanish
2337_YujsE547CFk,17,3,15,10400,0.0000,vanish
2337_YujsE547CFk,17,5,96,14934,0.2342,shrink
2337_YujsE547CFk,18,4,15,11507,0.1908,shrink
2337_YujsE547CFk,20,1,90,358,0.1955,shrink
2337_YujsE547CFk,22,5,30,907,0.0000,vanish
2337_YujsE547CFk,23,4,30,573,0.0000,vanish
2337_YujsE547CFk,23,5,96,10102,0.2252,shrink
2337_YujsE547CFk,24,5,12,187858,0.0000,vanish
2337_YujsE547CFk,24,5,15,21905,0.2121,shrink
2337_YujsE547CFk,24,5,30,40142,0.1202,shrink
2337_YujsE547CFk,24,3,30,1722,0.0000,vanish
2337_YujsE547CFk,24,5,96,10550,0.0000,vanish
2337_YujsE547CFk,25,5,12,186109,0.0000,vanish
2337_YujsE547CFk,25,4,15,23051,0.2065,shrink
2337_YujsE547CFk,25,5,30,40295,0.1062,shrink
2337_YujsE547CFk,25,2,30,1684,0.0000,vanish
2337_YujsE547CFk,25,4,96,10208,0.0000,vanish
2337_YujsE547CFk,26,5,12,183781,0.0000,vanish
2337_YujsE547CFk,26,4,15,26497,0.2376,shrink
2337_YujsE547CFk,26,5,30,31388,0.0557,vanish
2337_YujsE547CFk,26,2,30,3270,0.0000,vanish
2337_YujsE547CFk,26,4,86,2189,0.0000,vanish
2337_YujsE547CFk,26,3,96,8410,0.0000,vanish
2337_YujsE547CFk,27,5,12,184059,0.0956,vanish
2337_YujsE547CFk,27,5,13,91295,0.1274,shrink
2337_YujsE547CFk,27,5,15,21295,0.0227,vanish
2337_YujsE547CFk,27,5,30,16718,0.0172,vanish
2337_YujsE547CFk,27,2,30,4441,0.0000,vanish
2337_YujsE547CFk,27,5,86,12480,0.0307,vanish
2337_YujsE547CFk,27,2,96,4063,0.0000,vanish
2337_YujsE547CFk,28,5,13,87732,0.1968,shrink
2337_YujsE547CFk,28,5,15,6344,0.0227,vanish
2337_YujsE547CFk,28,4,15,20580,0.0352,vanish
2337_YujsE547CFk,28,5,30,11760,0.0139,vanish
2337_YujsE547CFk,28,2,30,4993,0.0000,vanish
2337_YujsE547CFk,28,1,96,2959,0.0000,vanish
2337_YujsE547CFk,29,5,13,65357,0.2138,shrink
2337_YujsE547CFk,29,4,15,11523,0.0398,vanish
2337_YujsE547CFk,29,3,15,17530,0.0683,vanish
2337_YujsE547CFk,29,5,30,4824,0.0000,vanish
2337_YujsE547CFk,29,5,30,5934,0.0000,vanish
2337_YujsE547CFk,30,4,1,7001,0.0000,vanish
2337_YujsE547CFk,30,5,13,48126,0.0869,vanish
2337_YujsE547CFk,30,3,15,13613,0.1346,shrink
2337_YujsE547CFk,30,2,15,14892,0.0474,vanish
2337_YujsE547CFk,30,2,15,647,0.0000,vanish
2337_YujsE547CFk,30,4,30,2712,0.0000,vanish
2337_YujsE547CFk,30,5,30,6046,0.0352,vanish
2337_YujsE547CFk,30,5,86,30112,0.1272,shrink
2337_YujsE547CFk,31,3,1,534,0.0000,vanish
2337_YujsE547CFk,31,5,13,34377,0.2036,shrink
2337_YujsE547CFk,31,2,15,17424,0.2332,shrink
2337_YujsE547CFk,31,2,15,7807,0.0000,vanish
2337_YujsE547CFk,31,3,30,636,0.0000,vanish
2337_YujsE547CFk,31,5,30,6538,0.2297,shrink
2337_YujsE547CFk,31,5,86,30323,0.0000,vanish
2337_YujsE547CFk,32,5,13,30785,0.1019,shrink
2337_YujsE547CFk,32,3,15,18168,0.2326,shrink
2337_YujsE547CFk,32,5,30,6567,0.1771,shrink
2337_YujsE547CFk,32,4,86,31169,0.0000,vanish
2337_YujsE547CFk,33,5,13,29252,0.0650,vanish
2337_YujsE547CFk,33,3,15,17696,0.2185,shrink
2337_YujsE547CFk,33,5,30,6466,0.1441,shrink
2337_YujsE547CFk,33,3,86,24756,0.0000,vanish
2337_YujsE547CFk,34,5,13,18662,0.0363,vanish
2337_YujsE547CFk,34,3,15,15400,0.1945,shrink
2337_YujsE547CFk,34,5,30,6620,0.1749,shrink
2337_YujsE547CFk,34,2,86,9689,0.0000,vanish
2337_YujsE547CFk,35,5,13,12181,0.0177,vanish
2337_YujsE547CFk,35,3,15,14425,0.1913,shrink
2337_YujsE547CFk,35,5,30,6780,0.2201,shrink
2337_YujsE547CFk,35,1,86,3829,0.0000,vanish
2337_YujsE547CFk,36,5,13,7762,0.0000,vanish
2337_YujsE547CFk,36,3,15,13375,0.1392,shrink
2337_YujsE547CFk,36,5,30,6602,0.2131,shrink
2337_YujsE547CFk,37,2,1,10617,0.0000,vanish
2337_YujsE547CFk,37,4,13,3678,0.0000,vanish
2337_YujsE547CFk,37,4,15,10974,0.0599,vanish
2337_YujsE547CFk,37,5,30,6597,0.2106,shrink
2337_YujsE547CFk,38,1,1,6251,0.0000,vanish
2337_YujsE547CFk,38,3,13,2322,0.0000,vanish
2337_YujsE547CFk,38,3,15,8162,0.1176,shrink
2337_YujsE547CFk,38,5,30,6614,0.1991,shrink
2337_YujsE547CFk,39,2,13,994,0.0000,vanish
2337_YujsE547CFk,39,5,15,26409,0.1871,shrink
2337_YujsE547CFk,39,5,15,4194,0.1109,shrink
2337_YujsE547CFk,39,5,30,6361,0.1437,shrink
2337_YujsE547CFk,40,1,13,451,0.0000,vanish
2337_YujsE547CFk,40,4,15,24498,0.2163,shrink
2337_YujsE547CFk,40,4,15,2614,0.0065,vanish
2337_YujsE547CFk,40,4,30,6114,0.1971,shrink
2337_YujsE547CFk,41,3,15,1881,0.0000,vanish
2337_YujsE547CFk,42,2,15,1769,0.0000,vanish
2337_YujsE547CFk,43,1,15,1243,0.0064,vanish
2338_Z9QkbcdcD6Q,0,3,74,4807,0.0000,vanish
2338_Z9QkbcdcD6Q,1,2,74,5026,0.0000,vanish
2338_Z9QkbcdcD6Q,2,2,74,5120,0.0000,vanish
2338_Z9QkbcdcD6Q,3,5,61,1949,0.0236,vanish
2338_Z9QkbcdcD6Q,3,2,74,4951,0.0000,vanish
2338_Z9QkbcdcD6Q,4,1,61,399,0.1679,shrink
2338_Z9QkbcdcD6Q,4,5,61,2393,0.0000,vanish
2338_Z9QkbcdcD6Q,4,2,74,4765,0.0000,vanish
2338_Z9QkbcdcD6Q,5,1,15,379,0.0000,vanish
2338_Z9QkbcdcD6Q,5,5,61,3157,0.0000,vanish
2338_Z9QkbcdcD6Q,5,2,74,4411,0.0000,vanish
2338_Z9QkbcdcD6Q,6,5,61,7704,0.0641,vanish
2338_Z9QkbcdcD6Q,6,3,67,1431,0.0000,vanish
2338_Z9QkbcdcD6Q,6,2,74,3521,0.0000,vanish
2338_Z9QkbcdcD6Q,7,5,61,10886,0.0511,vanish
2338_Z9QkbcdcD6Q,7,1,74,1178,0.0000,vanish
2338_Z9QkbcdcD6Q,8,5,61,13180,0.1327,shrink
2338_Z9QkbcdcD6Q,8,5,67,12905,0.1173,shrink
2338_Z9QkbcdcD6Q,9,5,67,12057,0.0000,vanish
2338_Z9QkbcdcD6Q,10,4,67,8303,0.0000,vanish
2338_Z9QkbcdcD6Q,10,1,74,464,0.0000,vanish
2338_Z9QkbcdcD6Q,11,5,29,17473,0.1519,shrink
2338_Z9QkbcdcD6Q,11,3,67,5703,0.0000,vanish
2338_Z9QkbcdcD6Q,11,1,74,808,0.0000,vanish
2338_Z9QkbcdcD6Q,12,5,29,15338,0.0436,vanish
2338_Z9QkbcdcD6Q,12,3,67,4550,0.0000,vanish
2338_Z9QkbcdcD6Q,12,2,74,1156,0.0000,vanish
2338_Z9QkbcdcD6Q,13,2,29,1188,0.0000,vanish
2338_Z9QkbcdcD6Q,13,5,29,11905,0.0140,vanish
2338_Z9QkbcdcD6Q,13,1,67,481,0.0000,vanish
2338_Z9QkbcdcD6Q,13,2,67,1714,0.0000,vanish
2338_Z9QkbcdcD6Q,13,5,74,1112,0.0000,vanish
2338_Z9QkbcdcD6Q,13,2,74,567,0.0000,vanish
2338_Z9QkbcdcD6Q,14,1,29,324,0.0000,vanish
2338_Z9QkbcdcD6Q,14,4,29,9360,0.0178,vanish
2338_Z9QkbcdcD6Q,14,1,67,511,0.0000,vanish
2338_Z9QkbcdcD6Q,14,3,74,1112,0.0000,vanish
2338_Z9QkbcdcD6Q,14,3,74,4505,0.0047,vanish
2338_Z9QkbcdcD6Q,15,3,29,5199,0.0321,vanish
2338_Z9QkbcdcD6Q,15,2,74,1380,0.0000,vanish
2338_Z9QkbcdcD6Q,15,5,74,5726,0.0000,vanish
2338_Z9QkbcdcD6Q,16,4,29,2654,0.0000,vanish
2338_Z9QkbcdcD6Q,16,5,61,3644,0.0000,vanish
2338_Z9QkbcdcD6Q,16,1,74,1587,0.0000,vanish
2338_Z9QkbcdcD6Q,16,3,74,5316,0.0000,vanish
2338_Z9QkbcdcD6Q,17,3,29,665,0.0000,vanish
2338_Z9QkbcdcD6Q,17,5,61,3588,0.0003,vanish
2338_Z9QkbcdcD6Q,17,2,67,1058,0.0000,vanish
2338_Z9QkbcdcD6Q,17,1,74,1980,0.0000,vanish
2338_Z9QkbcdcD6Q,17,2,74,5412,0.0000,vanish
2338_Z9QkbcdcD6Q,18,2,67,1399,0.0000,vanish
2338_Z9QkbcdcD6Q,18,1,74,2705,0.0000,vanish
2338_Z9QkbcdcD6Q,18,1,74,4614,0.0000,vanish
2338_Z9QkbcdcD6Q,19,1,67,373,0.0000,vanish
2338_Z9QkbcdcD6Q,19,1,74,3198,0.0000,vanish
2338_Z9QkbcdcD6Q,20,2,29,475,0.0000,vanish
2338_Z9QkbcdcD6Q,21,5,72,2720,0.1272,shrink
2338_Z9QkbcdcD6Q,22,5,72,3672,0.0019,vanish
2338_Z9QkbcdcD6Q,23,4,29,464,0.2457,shrink
2338_Z9QkbcdcD6Q,23,2,67,1646,0.0000,vanish
2338_Z9QkbcdcD6Q,23,5,72,5189,0.0000,vanish
2338_Z9QkbcdcD6Q,24,2,8,376,0.0000,vanish
2338_Z9QkbcdcD6Q,24,2,67,2328,0.0000,vanish
2338_Z9QkbcdcD6Q,24,4,72,6268,0.0000,vanish
2338_Z9QkbcdcD6Q,25,1,67,720,0.0000,vanish
2338_Z9QkbcdcD6Q,25,4,72,6679,0.0000,vanish
2338_Z9QkbcdcD6Q,26,5,67,12230,0.1619,shrink
2338_Z9QkbcdcD6Q,26,4,72,5562,0.0000,vanish
2338_Z9QkbcdcD6Q,27,5,67,16979,0.0564,vanish
2338_Z9QkbcdcD6Q,27,3,72,5255,0.0000,vanish
2338_Z9QkbcdcD6Q,28,5,67,18511,0.0024,vanish
2338_Z9QkbcdcD6Q,29,2,67,729,0.0000,vanish
2338_Z9QkbcdcD6Q,29,5,67,20804,0.0000,vanish
2338_Z9QkbcdcD6Q,30,2,67,1419,0.0000,vanish
2338_Z9QkbcdcD6Q,30,5,67,22143,0.0016,vanish
2338_Z9QkbcdcD6Q,30,1,67,1146,0.0000,vanish
2338_Z9QkbcdcD6Q,31,5,29,12048,0.2104,shrink
2338_Z9QkbcdcD6Q,31,2,67,1435,0.0000,vanish
2338_Z9QkbcdcD6Q,31,5,67,21424,0.0420,vanish
2338_Z9QkbcdcD6Q,32,5,29,12353,0.1726,shrink
2338_Z9QkbcdcD6Q,32,2,67,1410,0.0000,vanish
2338_Z9QkbcdcD6Q,32,5,67,21135,0.1252,shrink
2338_Z9QkbcdcD6Q,34,5,8,1213,0.0322,vanish
2338_Z9QkbcdcD6Q,34,2,61,5502,0.0000,vanish
2338_Z9QkbcdcD6Q,43,2,61,1421,0.0000,vanish
2338_Z9QkbcdcD6Q,44,2,61,39526,0.0000,vanish
2338_Z9QkbcdcD6Q,45,2,61,21141,0.0000,vanish
2338_Z9QkbcdcD6Q,46,2,61,10865,0.0000,vanish
2338_Z9QkbcdcD6Q,47,1,61,1653,0.0000,vanish
2338_Z9QkbcdcD6Q,50,5,72,5676,0.0000,vanish
2338_Z9QkbcdcD6Q,51,4,72,4754,0.0000,vanish
2338_Z9QkbcdcD6Q,52,3,72,3767,0.0000,vanish
2338_Z9QkbcdcD6Q,53,5,61,12894,0.0045,vanish
2338_Z9QkbcdcD6Q,53,2,72,2826,0.0000,vanish
2338_Z9QkbcdcD6Q,54,5,61,11198,0.0049,vanish
2338_Z9QkbcdcD6Q,54,1,72,1606,0.0000,vanish
2338_Z9QkbcdcD6Q,55,4,61,6587,0.0149,vanish
2338_Z9QkbcdcD6Q,56,2,61,2597,0.0000,vanish
2338_Z9QkbcdcD6Q,57,2,61,1244,0.0820,vanish
2338_Z9QkbcdcD6Q,58,1,61,645,0.1597,shrink
2340_Zdw3vldacEw,3,5,23,37862,0.0000,vanish
2340_Zdw3vldacEw,3,1,23,874,0.0000,vanish
2340_Zdw3vldacEw,4,4,23,34020,0.0014,vanish
2340_Zdw3vldacEw,5,3,23,30879,0.0020,vanish
2340_Zdw3vldacEw,6,2,23,28215,0.0013,vanish
2340_Zdw3vldacEw,6,5,67,102359,0.2343,shrink
2340_Zdw3vldacEw,7,3,23,13569,0.0000,vanish
2340_Zdw3vldacEw,9,1,23,539,0.0000,vanish
2340_Zdw3vldacEw,11,1,23,633,0.0000,vanish
2340_Zdw3vldacEw,12,5,67,4380,0.1342,shrink
2340_Zdw3vldacEw,13,5,23,11327,0.0944,vanish
2340_Zdw3vldacEw,13,5,67,4255,0.0000,vanish
2340_Zdw3vldacEw,14,5,23,11035,0.0000,vanish
2340_Zdw3vldacEw,14,4,67,4199,0.0000,vanish
2340_Zdw3vldacEw,15,4,23,10589,0.0000,vanish
2340_Zdw3vldacEw,15,3,67,4117,0.0000,vanish
2340_Zdw3vldacEw,16,3,23,9627,0.0000,vanish
2340_Zdw3vldacEw,16,2,67,1125,0.0000,vanish
2340_Zdw3vldacEw,17,2,23,5832,0.0000,vanish
2340_Zdw3vldacEw,17,1,67,588,0.0000,vanish
2340_Zdw3vldacEw,18,1,23,1091,0.0000,vanish
2340_Zdw3vldacEw,20,5,49,135809,0.2256,shrink
2340_Zdw3vldacEw,21,5,49,110894,0.1717,shrink
2340_Zdw3vldacEw,22,5,49,89484,0.1246,shrink
2340_Zdw3vldacEw,23,5,49,65900,0.0932,vanish
2340_Zdw3vldacEw,24,5,49,46083,0.1088,shrink
2340_Zdw3vldacEw,25,4,49,32462,0.1544,shrink
2340_Zdw3vldacEw,26,5,49,20080,0.2477,shrink
2340_Zdw3vldacEw,44,5,29,3191,0.2353,shrink
2340_Zdw3vldacEw,45,5,29,1970,0.2447,shrink
2340_Zdw3vldacEw,46,5,29,3035,0.0936,vanish
2340_Zdw3vldacEw,47,5,29,2870,0.0502,vanish
2340_Zdw3vldacEw,48,4,29,2698,0.0697,vanish
2340_Zdw3vldacEw,49,4,29,2376,0.0859,vanish
2340_Zdw3vldacEw,50,4,29,2064,0.0635,vanish
2340_Zdw3vldacEw,50,5,29,8020,0.2082,shrink
2340_Zdw3vldacEw,51,5,29,1949,0.0251,vanish
2340_Zdw3vldacEw,51,5,29,9518,0.0866,vanish
2340_Zdw3vldacEw,51,2,67,778,0.0000,vanish
2340_Zdw3vldacEw,51,5,67,15770,0.1958,shrink
2340_Zdw3vldacEw,52,5,29,1407,0.0000,vanish
2340_Zdw3vldacEw,52,5,29,6955,0.0272,vanish
2340_Zdw3vldacEw,52,1,67,355,0.0000,vanish
2340_Zdw3vldacEw,52,5,67,23872,0.2357,shrink
2340_Zdw3vldacEw,53,4,29,1377,0.0000,vanish
2340_Zdw3vldacEw,53,5,29,8439,0.0207,vanish
2340_Zdw3vldacEw,53,4,67,11480,0.1521,shrink
2340_Zdw3vldacEw,54,3,29,751,0.0000,vanish
2340_Zdw3vldacEw,54,5,29,7627,0.0282,vanish
2340_Zdw3vldacEw,54,5,67,9068,0.1713,shrink
2340_Zdw3vldacEw,55,2,29,458,0.0000,vanish
2340_Zdw3vldacEw,55,5,29,4470,0.0087,vanish
2340_Zdw3vldacEw,56,5,29,4599,0.0213,vanish
2340_Zdw3vldacEw,57,5,29,3031,0.0000,vanish
2340_Zdw3vldacEw,58,2,29,546,0.0000,vanish
2340_Zdw3vldacEw,58,4,29,2248,0.0000,vanish
2340_Zdw3vldacEw,59,1,29,389,0.0000,vanish
2340_Zdw3vldacEw,59,3,29,1471,0.0000,vanish
2340_Zdw3vldacEw,60,2,29,755,0.0000,vanish
2340_Zdw3vldacEw,75,2,23,333,0.0060,vanish
2340_Zdw3vldacEw,84,5,23,17405,0.0000,vanish
2340_Zdw3vldacEw,84,5,23,11908,0.1836,shrink
2340_Zdw3vldacEw,84,5,29,399,0.0000,vanish
2340_Zdw3vldacEw,84,5,29,2044,0.0000,vanish
2340_Zdw3vldacEw,84,5,67,10218,0.0654,vanish
2340_Zdw3vldacEw,85,4,23,17399,0.0000,vanish
2340_Zdw3vldacEw,85,4,23,11731,0.1841,shrink
2340_Zdw3vldacEw,85,4,29,364,0.0000,vanish
2340_Zdw3vldacEw,85,4,29,2044,0.0000,vanish
2340_Zdw3vldacEw,85,5,67,14544,0.0887,vanish
2340_Zdw3vldacEw,85,4,67,10382,0.0681,vanish
2340_Zdw3vldacEw,86,3,23,17372,0.0000,vanish
2340_Zdw3vldacEw,86,3,23,11875,0.1891,shrink
2340_Zdw3vldacEw,86,3,29,366,0.0000,vanish
2340_Zdw3vldacEw,86,3,29,1897,0.0000,vanish
2340_Zdw3vldacEw,86,5,67,14442,0.0000,vanish
2340_Zdw3vldacEw,86,5,67,10478,0.0193,vanish
2340_Zdw3vldacEw,87,2,23,17003,0.0000,vanish
2340_Zdw3vldacEw,87,5,23,53305,0.0824,vanish
2340_Zdw3vldacEw,87,2,23,11601,0.1860,shrink
2340_Zdw3vldacEw,87,2,29,390,0.0000,vanish
2340_Zdw3vldacEw,87,2,29,1796,0.0000,vanish
2340_Zdw3vldacEw,87,4,67,14465,0.0000,vanish
2340_Zdw3vldacEw,87,5,67,10476,0.0000,vanish
2340_Zdw3vldacEw,88,1,23,16438,0.0000,vanish
2340_Zdw3vldacEw,88,5,23,51721,0.0000,vanish
2340_Zdw3vldacEw,88,5,23,10783,0.0128,vanish
2340_Zdw3vldacEw,88,1,29,316,0.0000,vanish
2340_Zdw3vldacEw,88,1,29,1240,0.0000,vanish
2340_Zdw3vldacEw,88,4,67,14620,0.0000,vanish
2340_Zdw3vldacEw,88,4,67,10422,0.0000,vanish
2340_Zdw3vldacEw,89,5,23,4614,0.0000,vanish
2340_Zdw3vldacEw,89,4,23,43847,0.0000,vanish
2340_Zdw3vldacEw,89,1,49,3948,0.0000,vanish
2340_Zdw3vldacEw,89,5,67,93464,0.2346,shrink
2340_Zdw3vldacEw,89,5,67,7284,0.1689,shrink
2340_Zdw3vldacEw,89,3,67,14419,0.0000,vanish
2340_Zdw3vldacEw,90,4,23,2200,0.0000,vanish
2340_Zdw3vldacEw,90,3,23,34454,0.0000,vanish
2340_Zdw3vldacEw,90,5,67,82130,0.0524,vanish
2340_Zdw3vldacEw,90,5,67,7329,0.0000,vanish
2340_Zdw3vldacEw,90,2,67,10926,0.0000,vanish
2340_Zdw3vldacEw,91,3,23,1200,0.0000,vanish
2340_Zdw3vldacEw,91,3,23,25956,0.0000,vanish
2340_Zdw3vldacEw,91,5,67,68972,0.0000,vanish
2340_Zdw3vldacEw,91,4,67,6323,0.0000,vanish
2340_Zdw3vldacEw,91,1,67,3618,0.0000,vanish
2340_Zdw3vldacEw,92,2,23,11329,0.0000,vanish
2340_Zdw3vldacEw,92,4,67,55762,0.0000,vanish
2340_Zdw3vldacEw,92,3,67,5530,0.0000,vanish
2340_Zdw3vldacEw,93,3,67,40663,0.0000,vanish
2340_Zdw3vldacEw,93,2,67,4315,0.0000,vanish
2340_Zdw3vldacEw,94,2,67,22012,0.0000,vanish
2340_Zdw3vldacEw,94,1,67,2558,0.0000,vanish
2340_Zdw3vldacEw,95,1,67,4306,0.0000,vanish
2340_Zdw3vldacEw,97,1,23,4329,0.0000,vanish
2341_ZvLKbhXqEKw,1,5,0,2323,0.2204,shrink
2341_ZvLKbhXqEKw,2,5,0,2236,0.1579,shrink
2341_ZvLKbhXqEKw,2,3,61,1417,0.0000,vanish
2341_ZvLKbhXqEKw,2,5,80,29956,0.2345,shrink
2341_ZvLKbhXqEKw,3,4,0,1781,0.1039,shrink
2341_ZvLKbhXqEKw,3,1,15,469,0.0000,vanish
2341_ZvLKbhXqEKw,3,5,80,28915,0.2247,shrink
2341_ZvLKbhXqEKw,4,3,0,1172,0.0776,vanish
2341_ZvLKbhXqEKw,4,5,80,26653,0.1877,shrink
2341_ZvLKbhXqEKw,5,3,0,739,0.0000,vanish
2341_ZvLKbhXqEKw,5,5,80,22004,0.0879,vanish
2341_ZvLKbhXqEKw,6,2,0,414,0.0000,vanish
2341_ZvLKbhXqEKw,6,5,80,18994,0.0089,vanish
2341_ZvLKbhXqEKw,8,1,61,1056,0.0000,vanish
2341_ZvLKbhXqEKw,8,4,61,1728,0.0000,vanish
2341_ZvLKbhXqEKw,9,3,61,908,0.0000,vanish
2341_ZvLKbhXqEKw,10,2,61,620,0.0000,vanish
2341_ZvLKbhXqEKw,11,5,61,3023,0.1542,shrink
2341_ZvLKbhXqEKw,12,5,61,3172,0.1655,shrink
2341_ZvLKbhXqEKw,13,5,61,3123,0.1710,shrink
2341_ZvLKbhXqEKw,14,2,15,1696,0.2229,shrink
2341_ZvLKbhXqEKw,14,5,61,3200,0.1256,shrink
2341_ZvLKbhXqEKw,15,5,61,4369,0.0975,vanish
2341_ZvLKbhXqEKw,16,5,61,1752,0.0725,vanish
2341_ZvLKbhXqEKw,17,3,22,779,0.0000,vanish
2341_ZvLKbhXqEKw,17,5,61,902,0.1142,shrink
2341_ZvLKbhXqEKw,18,2,22,681,0.0000,vanish
2341_ZvLKbhXqEKw,18,5,61,426,0.0000,vanish
2341_ZvLKbhXqEKw,19,4,22,311,0.0129,vanish
2341_ZvLKbhXqEKw,19,5,61,614,0.0000,vanish
2341_ZvLKbhXqEKw,20,5,15,16072,0.2214,shrink
2341_ZvLKbhXqEKw,20,5,61,3562,0.0000,vanish
2341_ZvLKbhXqEKw,21,5,15,13489,0.0079,vanish
2341_ZvLKbhXqEKw,22,5,15,10744,0.0000,vanish
2341_ZvLKbhXqEKw,24,5,15,2692,0.1660,shrink
2341_ZvLKbhXqEKw,24,5,22,424,0.0000,vanish
2341_ZvLKbhXqEKw,25,5,61,87520,0.2053,shrink
2341_ZvLKbhXqEKw,25,4,61,3154,0.1259,shrink
2341_ZvLKbhXqEKw,29,5,15,4167,0.0106,vanish
2341_ZvLKbhXqEKw,29,4,61,4400,0.1773,shrink
2341_ZvLKbhXqEKw,30,5,15,5164,0.0337,vanish
2341_ZvLKbhXqEKw,31,5,15,5458,0.0711,vanish
2341_ZvLKbhXqEKw,32,2,15,2114,0.2062,shrink
2341_ZvLKbhXqEKw,33,5,15,5236,0.2093,shrink
2341_ZvLKbhXqEKw,33,1,15,982,0.0000,vanish
2341_ZvLKbhXqEKw,37,5,15,583,0.2281,shrink
2341_ZvLKbhXqEKw,38,4,15,619,0.2149,shrink
2341_ZvLKbhXqEKw,39,3,15,545,0.2440,shrink
2344_rB-H0qzEcsM,4,2,37,769,0.1157,shrink
2344_rB-H0qzEcsM,5,1,37,721,0.1234,shrink
2344_rB-H0qzEcsM,17,4,0,484,0.0434,vanish
2344_rB-H0qzEcsM,18,1,0,1498,0.0340,vanish
2344_rB-H0qzEcsM,18,5,31,85619,0.0730,vanish
2344_rB-H0qzEcsM,19,4,31,170728,0.0000,vanish
2344_rB-H0qzEcsM,19,4,31,84654,0.0792,vanish
2344_rB-H0qzEcsM,20,3,31,92635,0.0000,vanish
2344_rB-H0qzEcsM,20,3,31,73746,0.0841,vanish
2344_rB-H0qzEcsM,21,2,31,65882,0.0000,vanish
2344_rB-H0qzEcsM,21,2,31,69231,0.0858,vanish
2344_rB-H0qzEcsM,22,5,0,738,0.0000,vanish
2344_rB-H0qzEcsM,22,1,31,65419,0.1105,shrink
2344_rB-H0qzEcsM,22,1,31,25539,0.0000,vanish
2344_rB-H0qzEcsM,23,5,0,48174,0.0000,vanish
2344_rB-H0qzEcsM,24,2,0,858,0.0000,vanish
2344_rB-H0qzEcsM,24,5,31,49121,0.0000,vanish
2344_rB-H0qzEcsM,25,2,0,1194,0.0000,vanish
2344_rB-H0qzEcsM,25,4,31,38686,0.0000,vanish
2344_rB-H0qzEcsM,26,2,0,725,0.0000,vanish
2344_rB-H0qzEcsM,26,3,31,25766,0.0000,vanish
2344_rB-H0qzEcsM,27,1,0,333,0.0000,vanish
2344_rB-H0qzEcsM,27,2,31,20083,0.0000,vanish
2344_rB-H0qzEcsM,27,5,67,14093,0.1567,shrink
2344_rB-H0qzEcsM,28,1,31,9580,0.0000,vanish
2344_rB-H0qzEcsM,28,5,67,12548,0.1301,shrink
2344_rB-H0qzEcsM,29,5,67,10647,0.0863,vanish
2344_rB-H0qzEcsM,30,5,67,10416,0.0007,vanish
2344_rB-H0qzEcsM,31,5,67,8286,0.0000,vanish
2344_rB-H0qzEcsM,32,4,67,6060,0.0000,vanish
2344_rB-H0qzEcsM,33,4,67,4676,0.0000,vanish
2344_rB-H0qzEcsM,34,3,67,3064,0.0000,vanish
2344_rB-H0qzEcsM,35,2,67,954,0.0000,vanish
2344_rB-H0qzEcsM,36,1,67,324,0.0000,vanish
2345_rBH2uoem_4w,2,5,29,517,0.2263,shrink
2345_rBH2uoem_4w,3,5,29,521,0.0000,vanish
2345_rBH2uoem_4w,4,4,29,525,0.0000,vanish
2345_rBH2uoem_4w,5,5,8,2060,0.0403,vanish
2345_rBH2uoem_4w,5,5,23,4018,0.0254,vanish
2345_rBH2uoem_4w,5,5,23,7398,0.2046,shrink
2345_rBH2uoem_4w,5,3,29,508,0.0000,vanish
2345_rBH2uoem_4w,6,5,8,2102,0.0000,vanish
2345_rBH2uoem_4w,6,5,23,4024,0.0040,vanish
2345_rBH2uoem_4w,6,5,23,7425,0.0000,vanish
2345_rBH2uoem_4w,6,2,29,369,0.0000,vanish
2345_rBH2uoem_4w,6,5,67,5489,0.0521,vanish
2345_rBH2uoem_4w,7,4,8,2034,0.0000,vanish
2345_rBH2uoem_4w,7,5,23,3767,0.0000,vanish
2345_rBH2uoem_4w,7,4,23,6998,0.0000,vanish
2345_rBH2uoem_4w,7,5,67,5096,0.0000,vanish
2345_rBH2uoem_4w,8,3,8,1630,0.0000,vanish
2345_rBH2uoem_4w,8,4,23,2891,0.0000,vanish
2345_rBH2uoem_4w,8,3,23,5633,0.0000,vanish
2345_rBH2uoem_4w,8,4,67,3826,0.0000,vanish
2345_rBH2uoem_4w,9,2,8,934,0.0000,vanish
2345_rBH2uoem_4w,9,3,23,1931,0.0000,vanish
2345_rBH2uoem_4w,9,2,23,3754,0.0000,vanish
2345_rBH2uoem_4w,9,3,67,2590,0.0000,vanish
2345_rBH2uoem_4w,10,5,16,24823,0.1150,shrink
2345_rBH2uoem_4w,10,1,23,1521,0.0000,vanish
2345_rBH2uoem_4w,10,2,67,1461,0.0000,vanish
2345_rBH2uoem_4w,11,4,16,28978,0.1796,shrink
2345_rBH2uoem_4w,12,3,16,30061,0.2344,shrink
2345_rBH2uoem_4w,13,5,16,29539,0.2192,shrink
2345_rBH2uoem_4w,14,5,16,21897,0.0877,vanish
2345_rBH2uoem_4w,15,3,16,12401,0.1213,shrink
2345_rBH2uoem_4w,20,5,29,14851,0.2065,shrink
2345_rBH2uoem_4w,21,5,29,12651,0.0305,vanish
2345_rBH2uoem_4w,22,5,29,10049,0.0000,vanish
2345_rBH2uoem_4w,23,4,29,7793,0.0000,vanish
2345_rBH2uoem_4w,24,3,29,5483,0.0000,vanish
2345_rBH2uoem_4w,25,2,29,3074,0.0000,vanish
2345_rBH2uoem_4w,28,5,16,8053,0.0635,vanish
2345_rBH2uoem_4w,29,5,16,12061,0.1582,shrink
2345_rBH2uoem_4w,30,5,16,12927,0.1398,shrink
2345_rBH2uoem_4w,31,5,16,8862,0.0912,vanish
2345_rBH2uoem_4w,32,5,16,6334,0.0180,vanish
2345_rBH2uoem_4w,33,5,16,4350,0.0000,vanish
2345_rBH2uoem_4w,34,4,16,2969,0.0000,vanish
2345_rBH2uoem_4w,35,3,16,1858,0.0000,vanish
2345_rBH2uoem_4w,36,2,16,943,0.0000,vanish
2347_rNGJ7VD5d90,0,5,42,3050,0.1603,shrink
2347_rNGJ7VD5d90,1,5,42,2490,0.0000,vanish
2347_rNGJ7VD5d90,2,4,42,1755,0.0000,vanish
2347_rNGJ7VD5d90,3,3,42,1141,0.0000,vanish
2347_rNGJ7VD5d90,4,2,42,910,0.0000,vanish
2347_rNGJ7VD5d90,5,1,42,509,0.0000,vanish
2347_rNGJ7VD5d90,13,5,14,6001,0.2491,shrink
2347_rNGJ7VD5d90,14,5,14,5308,0.2176,shrink
2347_rNGJ7VD5d90,15,5,14,4140,0.2217,shrink
2347_rNGJ7VD5d90,19,5,42,9548,0.0197,vanish
2347_rNGJ7VD5d90,20,5,42,8321,0.0000,vanish
2347_rNGJ7VD5d90,21,4,42,6599,0.0000,vanish
2347_rNGJ7VD5d90,22,3,42,5655,0.0000,vanish
2347_rNGJ7VD5d90,23,2,42,3219,0.0000,vanish
2347_rNGJ7VD5d90,24,2,42,1769,0.0198,vanish
2347_rNGJ7VD5d90,25,2,42,1225,0.0000,vanish
2347_rNGJ7VD5d90,29,5,1,992,0.1643,shrink
2347_rNGJ7VD5d90,29,5,9,2189,0.1809,shrink
2347_rNGJ7VD5d90,30,5,1,1125,0.0649,vanish
2347_rNGJ7VD5d90,30,4,9,1979,0.2001,shrink
2347_rNGJ7VD5d90,31,5,1,839,0.0238,vanish
2347_rNGJ7VD5d90,31,3,9,1921,0.2061,shrink
2347_rNGJ7VD5d90,32,4,1,472,0.0424,vanish
2347_rNGJ7VD5d90,33,5,42,1762,0.0000,vanish
2347_rNGJ7VD5d90,34,4,42,1599,0.0000,vanish
2347_rNGJ7VD5d90,35,3,42,1316,0.0000,vanish
2347_rNGJ7VD5d90,36,2,42,939,0.0000,vanish
2347_rNGJ7VD5d90,37,1,42,713,0.0000,vanish
2347_rNGJ7VD5d90,39,5,14,2662,0.1146,shrink
2347_rNGJ7VD5d90,40,5,14,2077,0.0130,vanish
2347_rNGJ7VD5d90,41,5,14,1918,0.0000,vanish
2347_rNGJ7VD5d90,42,4,14,1306,0.0000,vanish
2347_rNGJ7VD5d90,43,5,9,1254,0.1483,shrink
2347_rNGJ7VD5d90,43,3,14,743,0.0000,vanish
2347_rNGJ7VD5d90,44,5,9,1149,0.0000,vanish
2347_rNGJ7VD5d90,44,2,14,305,0.0000,vanish
2347_rNGJ7VD5d90,45,5,1,4860,0.2329,shrink
2347_rNGJ7VD5d90,45,4,9,1073,0.0000,vanish
2347_rNGJ7VD5d90,46,5,1,4502,0.1917,shrink
2347_rNGJ7VD5d90,46,3,9,976,0.0000,vanish
2347_rNGJ7VD5d90,46,5,42,2625,0.0476,vanish
2347_rNGJ7VD5d90,47,5,1,3228,0.2320,shrink
2347_rNGJ7VD5d90,47,2,9,680,0.0000,vanish
2347_rNGJ7VD5d90,47,5,42,2496,0.0012,vanish
2347_rNGJ7VD5d90,48,5,1,1585,0.0322,vanish
2347_rNGJ7VD5d90,48,5,42,2259,0.0000,vanish
2347_rNGJ7VD5d90,49,5,1,1320,0.0000,vanish
2347_rNGJ7VD5d90,49,4,42,2006,0.0000,vanish
2347_rNGJ7VD5d90,50,4,1,794,0.0000,vanish
2347_rNGJ7VD5d90,50,3,42,951,0.0000,vanish
2347_rNGJ7VD5d90,51,3,1,586,0.0000,vanish
2347_rNGJ7VD5d90,52,2,1,360,0.0000,vanish
2350_sCLtK1a2GGc,0,2,19,1981,0.0000,vanish
2350_sCLtK1a2GGc,0,2,67,2019,0.0000,vanish
2350_sCLtK1a2GGc,0,2,67,695,0.0000,vanish
2350_sCLtK1a2GGc,0,4,67,8999,0.2321,shrink
2350_sCLtK1a2GGc,0,5,120,31014,0.1762,shrink
2350_sCLtK1a2GGc,1,1,19,1319,0.0000,vanish
2350_sCLtK1a2GGc,1,3,23,3397,0.0000,vanish
2350_sCLtK1a2GGc,1,5,23,4384,0.1106,shrink
2350_sCLtK1a2GGc,1,1,67,470,0.0000,vanish
2350_sCLtK1a2GGc,1,3,67,638,0.0000,vanish
2350_sCLtK1a2GGc,1,1,67,802,0.0000,vanish
2350_sCLtK1a2GGc,1,3,67,2167,0.1744,shrink
2350_sCLtK1a2GGc,1,3,80,14265,0.0000,vanish
2350_sCLtK1a2GGc,1,5,120,38982,0.2165,shrink
2350_sCLtK1a2GGc,2,2,23,3092,0.0000,vanish
2350_sCLtK1a2GGc,2,5,67,5740,0.2448,shrink
2350_sCLtK1a2GGc,2,4,80,22398,0.0809,vanish
2350_sCLtK1a2GGc,3,5,19,43201,0.2412,shrink
2350_sCLtK1a2GGc,3,1,19,803,0.0000,vanish
2350_sCLtK1a2GGc,3,4,23,342,0.0000,vanish
2350_sCLtK1a2GGc,3,4,23,5524,0.0000,vanish
2350_sCLtK1a2GGc,3,5,23,5165,0.2430,shrink
2350_sCLtK1a2GGc,3,1,54,439,0.0000,vanish
2350_sCLtK1a2GGc,3,5,67,9362,0.1462,shrink
2350_sCLtK1a2GGc,3,5,67,7211,0.0000,vanish
2350_sCLtK1a2GGc,4,5,19,38256,0.1186,shrink
2350_sCLtK1a2GGc,4,5,19,4443,0.2109,shrink
2350_sCLtK1a2GGc,4,3,23,602,0.0000,vanish
2350_sCLtK1a2GGc,4,5,23,3746,0.0198,vanish
2350_sCLtK1a2GGc,4,5,67,8588,0.0000,vanish
2350_sCLtK1a2GGc,4,4,67,5462,0.0000,vanish
2350_sCLtK1a2GGc,5,5,19,31615,0.0680,vanish
2350_sCLtK1a2GGc,5,4,19,4449,0.2174,shrink
2350_sCLtK1a2GGc,5,2,23,312,0.0000,vanish
2350_sCLtK1a2GGc,5,5,23,3198,0.0000,vanish
2350_sCLtK1a2GGc,5,5,67,6645,0.0000,vanish
2350_sCLtK1a2GGc,5,5,67,5027,0.0084,vanish
2350_sCLtK1a2GGc,5,5,67,1172,0.0017,vanish
2350_sCLtK1a2GGc,5,5,67,3778,0.0000,vanish
2350_sCLtK1a2GGc,6,5,19,24431,0.0719,vanish
2350_sCLtK1a2GGc,6,5,19,3891,0.1560,shrink
2350_sCLtK1a2GGc,6,1,23,505,0.0000,vanish
2350_sCLtK1a2GGc,6,4,23,2569,0.0000,vanish
2350_sCLtK1a2GGc,6,4,67,6762,0.0000,vanish
2350_sCLtK1a2GGc,6,5,67,8242,0.0039,vanish
2350_sCLtK1a2GGc,6,4,67,913,0.0000,vanish
2350_sCLtK1a2GGc,6,4,67,1416,0.0826,vanish
2350_sCLtK1a2GGc,6,4,67,3183,0.0000,vanish
2350_sCLtK1a2GGc,7,5,19,17396,0.0768,vanish
2350_sCLtK1a2GGc,7,4,19,3606,0.1966,shrink
2350_sCLtK1a2GGc,7,1,23,361,0.0000,vanish
2350_sCLtK1a2GGc,7,1,23,435,0.0000,vanish
2350_sCLtK1a2GGc,7,3,23,2428,0.0000,vanish
2350_sCLtK1a2GGc,7,3,67,6011,0.0000,vanish
2350_sCLtK1a2GGc,7,5,67,9609,0.0042,vanish
2350_sCLtK1a2GGc,7,3,67,1643,0.0000,vanish
2350_sCLtK1a2GGc,7,3,67,4013,0.0964,vanish
2350_sCLtK1a2GGc,8,4,19,10419,0.1282,shrink
2350_sCLtK1a2GGc,8,3,19,3311,0.2413,shrink
2350_sCLtK1a2GGc,8,1,23,401,0.0000,vanish
2350_sCLtK1a2GGc,8,2,23,1849,0.0000,vanish
2350_sCLtK1a2GGc,8,2,67,6962,0.0000,vanish
2350_sCLtK1a2GGc,8,5,67,10863,0.0054,vanish
2350_sCLtK1a2GGc,8,2,67,2243,0.0000,vanish
2350_sCLtK1a2GGc,8,2,67,2995,0.1773,shrink
2350_sCLtK1a2GGc,9,1,16,2765,0.0000,vanish
2350_sCLtK1a2GGc,9,3,19,4522,0.2138,shrink
2350_sCLtK1a2GGc,9,3,19,956,0.0000,vanish
2350_sCLtK1a2GGc,9,3,67,7733,0.0000,vanish
2350_sCLtK1a2GGc,9,5,67,11243,0.0004,vanish
2350_sCLtK1a2GGc,9,1,67,764,0.0000,vanish
2350_sCLtK1a2GGc,9,1,67,1286,0.0000,vanish
2350_sCLtK1a2GGc,10,3,67,5110,0.0000,vanish
2350_sCLtK1a2GGc,10,5,67,12102,0.0067,vanish
2350_sCLtK1a2GGc,10,5,67,1245,0.1237,shrink
2350_sCLtK1a2GGc,11,5,16,3701,0.0416,vanish
2350_sCLtK1a2GGc,11,1,19,3947,0.0000,vanish
2350_sCLtK1a2GGc,11,2,67,4217,0.0000,vanish
2350_sCLtK1a2GGc,11,5,67,12033,0.0075,vanish
2350_sCLtK1a2GGc,12,5,19,2869,0.1157,shrink
2350_sCLtK1a2GGc,12,5,19,1336,0.2260,shrink
2350_sCLtK1a2GGc,12,5,19,314,0.0000,vanish
2350_sCLtK1a2GGc,12,1,67,1817,0.0000,vanish
2350_sCLtK1a2GGc,12,4,67,12790,0.0275,vanish
2350_sCLtK1a2GGc,12,4,67,4469,0.0269,vanish
2350_sCLtK1a2GGc,13,5,16,26452,0.2020,shrink
2350_sCLtK1a2GGc,13,5,19,2862,0.1740,shrink
2350_sCLtK1a2GGc,13,5,19,1886,0.0000,vanish
2350_sCLtK1a2GGc,13,5,67,13148,0.0002,vanish
2350_sCLtK1a2GGc,13,4,67,5211,0.0750,vanish
2350_sCLtK1a2GGc,14,4,16,20701,0.2137,shrink
2350_sCLtK1a2GGc,14,5,19,2638,0.1114,shrink
2350_sCLtK1a2GGc,14,4,19,2336,0.0000,vanish
2350_sCLtK1a2GGc,14,5,67,13628,0.0000,vanish
2350_sCLtK1a2GGc,14,3,67,2821,0.0907,vanish
2350_sCLtK1a2GGc,15,3,16,14957,0.1875,shrink
2350_sCLtK1a2GGc,15,5,23,3394,0.0144,vanish
2350_sCLtK1a2GGc,15,4,67,14538,0.0000,vanish
2350_sCLtK1a2GGc,15,2,67,2555,0.0031,vanish
2350_sCLtK1a2GGc,16,5,16,9948,0.1377,shrink
2350_sCLtK1a2GGc,16,2,19,1360,0.0000,vanish
2350_sCLtK1a2GGc,16,5,23,4592,0.0000,vanish
2350_sCLtK1a2GGc,16,5,23,17609,0.2027,shrink
2350_sCLtK1a2GGc,16,5,54,39565,0.0000,vanish
2350_sCLtK1a2GGc,16,4,67,14514,0.0000,vanish
2350_sCLtK1a2GGc,16,1,67,582,0.0000,vanish
2350_sCLtK1a2GGc,16,5,67,3213,0.1531,shrink
2350_sCLtK1a2GGc,17,5,16,6099,0.0089,vanish
2350_sCLtK1a2GGc,17,5,19,1566,0.2107,shrink
2350_sCLtK1a2GGc,17,1,19,314,0.0000,vanish
2350_sCLtK1a2GGc,17,4,23,4986,0.0000,vanish
2350_sCLtK1a2GGc,17,5,23,18862,0.1314,shrink
2350_sCLtK1a2GGc,17,4,54,35700,0.0000,vanish
2350_sCLtK1a2GGc,17,4,67,15106,0.0000,vanish
2350_sCLtK1a2GGc,17,5,67,7228,0.2367,shrink
2350_sCLtK1a2GGc,18,3,16,2546,0.0000,vanish
2350_sCLtK1a2GGc,18,5,19,1702,0.2221,shrink
2350_sCLtK1a2GGc,18,3,23,5229,0.0000,vanish
2350_sCLtK1a2GGc,18,5,23,19535,0.1097,shrink
2350_sCLtK1a2GGc,18,3,54,26262,0.0000,vanish
2350_sCLtK1a2GGc,18,3,67,10174,0.0000,vanish
2350_sCLtK1a2GGc,18,5,67,7620,0.1541,shrink
2350_sCLtK1a2GGc,19,3,16,1563,0.0000,vanish
2350_sCLtK1a2GGc,19,5,19,1732,0.2321,shrink
2350_sCLtK1a2GGc,19,2,23,2549,0.0000,vanish
2350_sCLtK1a2GGc,19,5,23,13410,0.0888,vanish
2350_sCLtK1a2GGc,19,2,54,12520,0.0000,vanish
2350_sCLtK1a2GGc,19,2,67,4554,0.0000,vanish
2350_sCLtK1a2GGc,19,5,67,5971,0.0033,vanish
2350_sCLtK1a2GGc,20,2,16,977,0.0000,vanish
2350_sCLtK1a2GGc,20,4,19,896,0.0112,vanish
2350_sCLtK1a2GGc,20,4,23,11175,0.0549,vanish
2350_sCLtK1a2GGc,20,4,61,1150,0.0774,vanish
2350_sCLtK1a2GGc,20,5,67,6541,0.0023,vanish
2350_sCLtK1a2GGc,20,1,67,710,0.0000,vanish
2350_sCLtK1a2GGc,21,5,16,8010,0.2180,shrink
2350_sCLtK1a2GGc,21,1,16,564,0.0000,vanish
2350_sCLtK1a2GGc,21,4,19,13032,0.1862,shrink
2350_sCLtK1a2GGc,21,3,19,2253,0.2042,shrink
2350_sCLtK1a2GGc,21,2,19,637,0.0675,vanish
2350_sCLtK1a2GGc,21,5,23,12801,0.0667,vanish
2350_sCLtK1a2GGc,21,5,67,7234,0.0000,vanish
2350_sCLtK1a2GGc,22,5,16,8411,0.0383,vanish
2350_sCLtK1a2GGc,22,3,19,12783,0.0272,vanish
2350_sCLtK1a2GGc,22,5,19,1477,0.1395,shrink
2350_sCLtK1a2GGc,22,5,19,2661,0.2067,shrink
2350_sCLtK1a2GGc,22,5,19,675,0.0000,vanish
2350_sCLtK1a2GGc,22,4,23,9227,0.0923,vanish
2350_sCLtK1a2GGc,22,4,67,5931,0.0000,vanish
2350_sCLtK1a2GGc,23,5,16,4414,0.0000,vanish
2350_sCLtK1a2GGc,23,5,19,9297,0.0034,vanish
2350_sCLtK1a2GGc,23,2,19,11258,0.0382,vanish
2350_sCLtK1a2GGc,23,5,19,1386,0.0000,vanish
2350_sCLtK1a2GGc,23,5,19,2550,0.0153,vanish
2350_sCLtK1a2GGc,23,3,23,7750,0.1385,shrink
2350_sCLtK1a2GGc,23,2,61,392,0.0000,vanish
2350_sCLtK1a2GGc,23,2,67,750,0.0000,vanish
2350_sCLtK1a2GGc,23,3,67,3050,0.0000,vanish
2350_sCLtK1a2GGc,24,4,16,12086,0.0000,vanish
2350_sCLtK1a2GGc,24,5,19,8830,0.0000,vanish
2350_sCLtK1a2GGc,24,1,19,4243,0.0000,vanish
2350_sCLtK1a2GGc,24,4,19,1261,0.0000,vanish
2350_sCLtK1a2GGc,24,5,19,2402,0.0000,vanish
2350_sCLtK1a2GGc,24,3,19,1035,0.0000,vanish
2350_sCLtK1a2GGc,24,2,23,693,0.0534,vanish
2350_sCLtK1a2GGc,24,5,23,1438,0.0000,vanish
2350_sCLtK1a2GGc,24,5,23,6516,0.1177,shrink
2350_sCLtK1a2GGc,24,2,23,1030,0.0000,vanish
2350_sCLtK1a2GGc,24,1,61,3830,0.0684,vanish
2350_sCLtK1a2GGc,24,4,67,1092,0.0000,vanish
2350_sCLtK1a2GGc,25,3,16,3604,0.0000,vanish
2350_sCLtK1a2GGc,25,4,16,7832,0.0000,vanish
2350_sCLtK1a2GGc,25,4,19,9645,0.0000,vanish
2350_sCLtK1a2GGc,25,5,19,11888,0.0808,vanish
2350_sCLtK1a2GGc,25,3,19,1067,0.0000,vanish
2350_sCLtK1a2GGc,25,4,19,2360,0.0000,vanish
2350_sCLtK1a2GGc,25,2,19,1237,0.0000,vanish
2350_sCLtK1a2GGc,25,1,23,355,0.0000,vanish
2350_sCLtK1a2GGc,25,4,23,2141,0.0234,vanish
2350_sCLtK1a2GGc,25,5,23,4234,0.0912,vanish
2350_sCLtK1a2GGc,25,4,23,1380,0.0000,vanish
2350_sCLtK1a2GGc,25,4,61,8226,0.2385,shrink
2350_sCLtK1a2GGc,25,4,67,1804,0.0000,vanish
2350_sCLtK1a2GGc,26,2,16,1953,0.0000,vanish
2350_sCLtK1a2GGc,26,3,16,3465,0.0000,vanish
2350_sCLtK1a2GGc,26,3,19,9080,0.0000,vanish
2350_sCLtK1a2GGc,26,5,19,11923,0.0000,vanish
2350_sCLtK1a2GGc,26,3,19,1993,0.0000,vanish
2350_sCLtK1a2GGc,26,2,19,620,0.0000,vanish
2350_sCLtK1a2GGc,26,1,19,916,0.0000,vanish
2350_sCLtK1a2GGc,26,1,23,685,0.0000,vanish
2350_sCLtK1a2GGc,26,5,23,4492,0.0710,vanish
2350_sCLtK1a2GGc,26,3,23,2462,0.2039,shrink
2350_sCLtK1a2GGc,26,3,23,1622,0.0000,vanish
2350_sCLtK1a2GGc,26,2,61,1791,0.0865,vanish
2350_sCLtK1a2GGc,26,4,67,11447,0.1633,shrink
2350_sCLtK1a2GGc,26,4,67,2113,0.0000,vanish
2350_sCLtK1a2GGc,27,1,16,950,0.0000,vanish
2350_sCLtK1a2GGc,27,2,16,2696,0.0000,vanish
2350_sCLtK1a2GGc,27,2,19,7107,0.0000,vanish
2350_sCLtK1a2GGc,27,4,19,6928,0.0000,vanish
2350_sCLtK1a2GGc,27,2,19,1628,0.0000,vanish
2350_sCLtK1a2GGc,27,2,19,1535,0.0000,vanish
2350_sCLtK1a2GGc,27,5,23,730,0.0986,vanish
2350_sCLtK1a2GGc,27,4,23,6601,0.1419,shrink
2350_sCLtK1a2GGc,27,4,23,2278,0.1673,shrink
2350_sCLtK1a2GGc,27,4,61,1816,0.0154,vanish
2350_sCLtK1a2GGc,27,3,67,9980,0.1280,shrink
2350_sCLtK1a2GGc,27,3,67,2325,0.0000,vanish
2350_sCLtK1a2GGc,27,5,80,3413,0.0000,vanish
2350_sCLtK1a2GGc,28,2,0,979,0.0000,vanish
2350_sCLtK1a2GGc,28,1,16,1623,0.0000,vanish
2350_sCLtK1a2GGc,28,3,19,8287,0.0000,vanish
2350_sCLtK1a2GGc,28,1,19,2742,0.0000,vanish
2350_sCLtK1a2GGc,28,1,19,1060,0.0000,vanish
2350_sCLtK1a2GGc,28,1,19,1045,0.0000,vanish
2350_sCLtK1a2GGc,28,1,19,1295,0.0000,vanish
2350_sCLtK1a2GGc,28,3,23,525,0.0000,vanish
2350_sCLtK1a2GGc,28,3,23,2849,0.0323,vanish
2350_sCLtK1a2GGc,28,1,61,1902,0.0116,vanish
2350_sCLtK1a2GGc,28,2,67,2709,0.1908,shrink
2350_sCLtK1a2GGc,28,4,80,5478,0.0000,vanish
2350_sCLtK1a2GGc,29,1,0,351,0.0000,vanish
2350_sCLtK1a2GGc,29,2,19,729,0.0370,vanish
2350_sCLtK1a2GGc,29,2,19,5626,0.0000,vanish
2350_sCLtK1a2GGc,29,2,19,1727,0.0000,vanish
2350_sCLtK1a2GGc,29,2,19,518,0.0000,vanish
2350_sCLtK1a2GGc,29,2,19,667,0.0000,vanish
2350_sCLtK1a2GGc,29,3,23,5461,0.1588,shrink
2350_sCLtK1a2GGc,29,2,23,960,0.0000,vanish
2350_sCLtK1a2GGc,29,3,80,16416,0.0000,vanish
2350_sCLtK1a2GGc,29,3,120,23948,0.1246,shrink
2350_sCLtK1a2GGc,30,1,19,5593,0.0000,vanish
2350_sCLtK1a2GGc,30,1,19,2278,0.0000,vanish
2350_sCLtK1a2GGc,30,1,19,976,0.0000,vanish
2350_sCLtK1a2GGc,30,5,19,1010,0.0000,vanish
2350_sCLtK1a2GGc,30,1,23,1306,0.0000,vanish
2350_sCLtK1a2GGc,30,5,61,6278,0.0545,vanish
2350_sCLtK1a2GGc,30,5,67,3498,0.0000,vanish
2350_sCLtK1a2GGc,30,5,67,33904,0.1886,shrink
2350_sCLtK1a2GGc,30,5,67,5357,0.0450,vanish
2350_sCLtK1a2GGc,30,2,80,12518,0.0000,vanish
2350_sCLtK1a2GGc,31,2,19,2610,0.0000,vanish
2350_sCLtK1a2GGc,31,2,67,6967,0.0000,vanish
2350_sCLtK1a2GGc,31,5,67,59712,0.0001,vanish
2350_sCLtK1a2GGc,31,5,67,7166,0.0000,vanish
2350_sCLtK1a2GGc,31,1,67,931,0.0000,vanish
2350_sCLtK1a2GGc,31,1,80,7401,0.0000,vanish
2350_sCLtK1a2GGc,32,2,19,2678,0.0000,vanish
2350_sCLtK1a2GGc,32,5,54,4999,0.0000,vanish
2350_sCLtK1a2GGc,32,5,67,59096,0.0000,vanish
2350_sCLtK1a2GGc,32,3,67,7037,0.0000,vanish
2350_sCLtK1a2GGc,33,1,19,513,0.0000,vanish
2350_sCLtK1a2GGc,33,2,19,4174,0.1802,shrink
2350_sCLtK1a2GGc,33,4,23,13724,0.1451,shrink
2350_sCLtK1a2GGc,33,2,61,5033,0.0856,vanish
2350_sCLtK1a2GGc,33,4,67,34287,0.0000,vanish
2350_sCLtK1a2GGc,33,3,67,6223,0.0000,vanish
2350_sCLtK1a2GGc,33,1,67,362,0.0000,vanish
2350_sCLtK1a2GGc,33,5,67,13140,0.1157,shrink
2350_sCLtK1a2GGc,33,1,80,9739,0.0000,vanish
2350_sCLtK1a2GGc,34,5,19,6648,0.0259,vanish
2350_sCLtK1a2GGc,34,5,19,4862,0.0000,vanish
2350_sCLtK1a2GGc,34,5,23,10705,0.0000,vanish
2350_sCLtK1a2GGc,34,5,23,8265,0.0000,vanish
2350_sCLtK1a2GGc,34,4,23,2531,0.0000,vanish
2350_sCLtK1a2GGc,34,3,61,1983,0.1286,shrink
2350_sCLtK1a2GGc,34,1,67,686,0.0000,vanish
2350_sCLtK1a2GGc,34,1,67,1504,0.0000,vanish
2350_sCLtK1a2GGc,34,3,67,16882,0.0000,vanish
2350_sCLtK1a2GGc,34,4,67,4063,0.0000,vanish
2350_sCLtK1a2GGc,34,5,67,12565,0.0000,vanish
2350_sCLtK1a2GGc,35,1,19,1095,0.0000,vanish
2350_sCLtK1a2GGc,35,5,19,56319,0.1966,shrink
2350_sCLtK1a2GGc,35,4,19,3813,0.0000,vanish
2350_sCLtK1a2GGc,35,4,19,7565,0.1249,shrink
2350_sCLtK1a2GGc,35,4,23,6621,0.0000,vanish
2350_sCLtK1a2GGc,35,3,23,6034,0.0000,vanish
2350_sCLtK1a2GGc,35,2,23,1640,0.0000,vanish
2350_sCLtK1a2GGc,35,5,61,13211,0.2233,shrink
2350_sCLtK1a2GGc,35,1,67,933,0.0000,vanish
2350_sCLtK1a2GGc,35,2,67,5462,0.0000,vanish
2350_sCLtK1a2GGc,35,3,67,1028,0.0000,vanish
2350_sCLtK1a2GGc,35,4,67,10676,0.0000,vanish
2350_sCLtK1a2GGc,35,5,80,24167,0.0000,vanish
2350_sCLtK1a2GGc,36,5,16,6041,0.0000,vanish
2350_sCLtK1a2GGc,36,4,16,6306,0.0000,vanish
2350_sCLtK1a2GGc,36,2,19,2218,0.0000,vanish
2350_sCLtK1a2GGc,36,5,19,78492,0.1998,shrink
2350_sCLtK1a2GGc,36,5,19,50315,0.0981,vanish
2350_sCLtK1a2GGc,36,3,19,4227,0.0000,vanish
2350_sCLtK1a2GGc,36,3,19,13249,0.1678,shrink
2350_sCLtK1a2GGc,36,3,23,3132,0.0000,vanish
2350_sCLtK1a2GGc,36,4,23,3934,0.0000,vanish
2350_sCLtK1a2GGc,36,2,23,1141,0.0000,vanish
2350_sCLtK1a2GGc,36,5,61,4129,0.0925,vanish
2350_sCLtK1a2GGc,36,5,61,15684,0.0109,vanish
2350_sCLtK1a2GGc,36,2,67,452,0.0000,vanish
2350_sCLtK1a2GGc,36,4,67,7738,0.0000,vanish
2350_sCLtK1a2GGc,36,5,80,22950,0.0000,vanish
2350_sCLtK1a2GGc,36,4,80,6472,0.0000,vanish
2350_sCLtK1a2GGc,36,5,120,25036,0.0000,vanish
2350_sCLtK1a2GGc,37,4,16,5999,0.0000,vanish
2350_sCLtK1a2GGc,37,3,16,5434,0.0000,vanish
2350_sCLtK1a2GGc,37,2,19,1463,0.0000,vanish
2350_sCLtK1a2GGc,37,4,19,75202,0.1979,shrink
2350_sCLtK1a2GGc,37,4,19,46623,0.0758,vanish
2350_sCLtK1a2GGc,37,2,19,16563,0.1626,shrink
2350_sCLtK1a2GGc,37,3,19,5169,0.0000,vanish
2350_sCLtK1a2GGc,37,2,23,911,0.0000,vanish
2350_sCLtK1a2GGc,37,3,23,2524,0.0000,vanish
2350_sCLtK1a2GGc,37,5,61,3816,0.0912,vanish
2350_sCLtK1a2GGc,37,5,61,17074,0.0021,vanish
2350_sCLtK1a2GGc,37,2,67,779,0.0000,vanish
2350_sCLtK1a2GGc,37,3,67,5139,0.0000,vanish
2350_sCLtK1a2GGc,37,4,80,21568,0.0000,vanish
2350_sCLtK1a2GGc,37,4,80,13800,0.0000,vanish
2350_sCLtK1a2GGc,37,5,120,24550,0.0000,vanish
2350_sCLtK1a2GGc,38,4,16,7066,0.0000,vanish
2350_sCLtK1a2GGc,38,2,16,4126,0.0000,vanish
2350_sCLtK1a2GGc,38,1,19,312,0.0000,vanish
2350_sCLtK1a2GGc,38,4,19,60174,0.2295,shrink
2350_sCLtK1a2GGc,38,5,19,40812,0.0716,vanish
2350_sCLtK1a2GGc,38,2,19,15017,0.0939,vanish
2350_sCLtK1a2GGc,38,3,19,5716,0.0000,vanish
2350_sCLtK1a2GGc,38,1,23,2140,0.0000,vanish
2350_sCLtK1a2GGc,38,2,23,1789,0.0000,vanish
2350_sCLtK1a2GGc,38,4,61,3393,0.0041,vanish
2350_sCLtK1a2GGc,38,5,61,17477,0.0000,vanish
2350_sCLtK1a2GGc,38,2,67,2902,0.0000,vanish
2350_sCLtK1a2GGc,38,5,67,15384,0.0086,vanish
2350_sCLtK1a2GGc,38,4,80,21519,0.0000,vanish
2350_sCLtK1a2GGc,38,3,80,18278,0.0000,vanish
2350_sCLtK1a2GGc,38,4,120,22537,0.0000,vanish
2350_sCLtK1a2GGc,39,4,16,6489,0.0000,vanish
2350_sCLtK1a2GGc,39,1,16,1978,0.0000,vanish
2350_sCLtK1a2GGc,39,1,19,1242,0.0000,vanish
2350_sCLtK1a2GGc,39,4,19,35724,0.0913,vanish
2350_sCLtK1a2GGc,39,4,19,44177,0.2045,shrink
2350_sCLtK1a2GGc,39,2,19,9026,0.0742,vanish
2350_sCLtK1a2GGc,39,2,19,5688,0.0000,vanish
2350_sCLtK1a2GGc,39,2,23,1702,0.0000,vanish
2350_sCLtK1a2GGc,39,3,61,558,0.0000,vanish
2350_sCLtK1a2GGc,39,4,61,18067,0.0000,vanish
2350_sCLtK1a2GGc,39,5,67,21439,0.0040,vanish
2350_sCLtK1a2GGc,39,1,67,377,0.0000,vanish
2350_sCLtK1a2GGc,39,3,80,20962,0.0000,vanish
2350_sCLtK1a2GGc,39,3,80,32313,0.0000,vanish
2350_sCLtK1a2GGc,39,3,80,19519,0.0000,vanish
2350_sCLtK1a2GGc,39,3,120,20425,0.0000,vanish
2350_sCLtK1a2GGc,40,3,16,7568,0.0000,vanish
2350_sCLtK1a2GGc,40,5,19,32275,0.1082,shrink
2350_sCLtK1a2GGc,40,3,19,28267,0.1348,shrink
2350_sCLtK1a2GGc,40,2,19,6999,0.1420,shrink
2350_sCLtK1a2GGc,40,2,19,3462,0.0000,vanish
2350_sCLtK1a2GGc,40,2,23,1290,0.0000,vanish
2350_sCLtK1a2GGc,40,1,23,384,0.0000,vanish
2350_sCLtK1a2GGc,40,3,23,1836,0.0000,vanish
2350_sCLtK1a2GGc,40,4,61,18891,0.0000,vanish
2350_sCLtK1a2GGc,40,1,67,1267,0.0000,vanish
2350_sCLtK1a2GGc,40,5,67,25961,0.0000,vanish
2350_sCLtK1a2GGc,40,3,80,21885,0.0000,vanish
2350_sCLtK1a2GGc,40,2,80,12990,0.0000,vanish
2350_sCLtK1a2GGc,40,3,120,17318,0.0000,vanish
2350_sCLtK1a2GGc,41,2,16,8788,0.0000,vanish
2350_sCLtK1a2GGc,41,1,16,924,0.0000,vanish
2350_sCLtK1a2GGc,41,2,19,434,0.0000,vanish
2350_sCLtK1a2GGc,41,5,19,13484,0.0000,vanish
2350_sCLtK1a2GGc,41,2,19,9670,0.1346,shrink
2350_sCLtK1a2GGc,41,1,19,2152,0.0232,vanish
2350_sCLtK1a2GGc,41,1,23,1156,0.0000,vanish
2350_sCLtK1a2GGc,41,2,23,1216,0.0000,vanish
2350_sCLtK1a2GGc,41,3,61,1266,0.0000,vanish
2350_sCLtK1a2GGc,41,4,61,19594,0.0000,vanish
2350_sCLtK1a2GGc,41,2,67,2082,0.0000,vanish
2350_sCLtK1a2GGc,41,4,67,26420,0.0000,vanish
2350_sCLtK1a2GGc,41,3,80,22426,0.0000,vanish
2350_sCLtK1a2GGc,41,1,80,3540,0.0000,vanish
2350_sCLtK1a2GGc,41,2,120,13292,0.0000,vanish
2350_sCLtK1a2GGc,42,2,16,9028,0.0000,vanish
2350_sCLtK1a2GGc,42,4,19,10730,0.0000,vanish
2350_sCLtK1a2GGc,42,1,19,11278,0.0002,vanish
2350_sCLtK1a2GGc,42,2,23,3511,0.0000,vanish
2350_sCLtK1a2GGc,42,1,61,1902,0.1987,shrink
2350_sCLtK1a2GGc,42,4,61,692,0.0000,vanish
2350_sCLtK1a2GGc,42,2,61,1968,0.0000,vanish
2350_sCLtK1a2GGc,42,3,61,23681,0.0000,vanish
2350_sCLtK1a2GGc,42,3,67,29434,0.0000,vanish
2350_sCLtK1a2GGc,42,3,80,23737,0.0000,vanish
2350_sCLtK1a2GGc,42,1,120,11313,0.0000,vanish
2350_sCLtK1a2GGc,43,2,16,5754,0.0000,vanish
2350_sCLtK1a2GGc,43,3,16,3438,0.0000,vanish
2350_sCLtK1a2GGc,43,2,19,5639,0.0000,vanish
2350_sCLtK1a2GGc,43,2,19,12341,0.1875,shrink
2350_sCLtK1a2GGc,43,2,19,857,0.0000,vanish
2350_sCLtK1a2GGc,43,1,23,512,0.0000,vanish
2350_sCLtK1a2GGc,43,5,61,23289,0.0073,vanish
2350_sCLtK1a2GGc,43,2,67,12113,0.0000,vanish
2350_sCLtK1a2GGc,43,5,80,18890,0.0000,vanish
2350_sCLtK1a2GGc,43,2,120,8282,0.0000,vanish
2350_sCLtK1a2GGc,44,1,16,2049,0.0000,vanish
2350_sCLtK1a2GGc,44,3,16,2958,0.0000,vanish
2350_sCLtK1a2GGc,44,1,19,682,0.0000,vanish
2350_sCLtK1a2GGc,44,4,19,1420,0.0479,vanish
2350_sCLtK1a2GGc,44,3,61,6042,0.0161,vanish
2350_sCLtK1a2GGc,44,4,80,15020,0.0000,vanish
2350_sCLtK1a2GGc,44,1,120,5237,0.0000,vanish
2350_sCLtK1a2GGc,45,2,16,2582,0.0000,vanish
2350_sCLtK1a2GGc,45,3,80,10649,0.0000,vanish
2350_sCLtK1a2GGc,46,1,16,797,0.0000,vanish
2350_sCLtK1a2GGc,46,5,19,13658,0.2396,shrink
2350_sCLtK1a2GGc,46,5,19,5504,0.0000,vanish
2350_sCLtK1a2GGc,46,2,80,5831,0.0000,vanish
2350_sCLtK1a2GGc,47,1,19,568,0.0000,vanish
2350_sCLtK1a2GGc,47,5,19,8624,0.0176,vanish
2350_sCLtK1a2GGc,47,3,61,11531,0.2465,shrink
2350_sCLtK1a2GGc,48,5,19,11699,0.0048,vanish
2350_sCLtK1a2GGc,48,1,23,1712,0.0882,vanish
2350_sCLtK1a2GGc,48,3,61,8872,0.1830,shrink
2350_sCLtK1a2GGc,48,3,61,3184,0.0000,vanish
2350_sCLtK1a2GGc,48,1,120,442,0.0000,vanish
2350_sCLtK1a2GGc,49,5,19,3252,0.0169,vanish
2350_sCLtK1a2GGc,49,5,19,12614,0.0013,vanish
2350_sCLtK1a2GGc,49,2,54,669,0.0000,vanish
2350_sCLtK1a2GGc,49,3,61,6298,0.0942,vanish
2350_sCLtK1a2GGc,49,2,61,2918,0.0264,vanish
2350_sCLtK1a2GGc,50,5,19,8844,0.0000,vanish
2350_sCLtK1a2GGc,50,4,23,1024,0.0000,vanish
2350_sCLtK1a2GGc,50,3,61,4001,0.0000,vanish
2350_sCLtK1a2GGc,51,4,19,10949,0.0000,vanish
2350_sCLtK1a2GGc,51,5,21,9944,0.2491,shrink
2350_sCLtK1a2GGc,51,4,23,2109,0.0000,vanish
2350_sCLtK1a2GGc,51,2,61,2073,0.0000,vanish
2350_sCLtK1a2GGc,51,1,67,596,0.0000,vanish
2350_sCLtK1a2GGc,52,3,19,13100,0.0000,vanish
2350_sCLtK1a2GGc,52,5,21,5377,0.0517,vanish
2350_sCLtK1a2GGc,52,5,21,8704,0.2188,shrink
2350_sCLtK1a2GGc,52,5,21,10061,0.0803,vanish
2350_sCLtK1a2GGc,52,3,23,1273,0.0000,vanish
2350_sCLtK1a2GGc,52,1,61,465,0.0000,vanish
2350_sCLtK1a2GGc,52,5,61,8909,0.1447,shrink
2350_sCLtK1a2GGc,52,1,61,917,0.0000,vanish
2350_sCLtK1a2GGc,53,5,21,4664,0.0000,vanish
2350_sCLtK1a2GGc,53,5,21,6905,0.1767,shrink
2350_sCLtK1a2GGc,53,5,21,8169,0.0006,vanish
2350_sCLtK1a2GGc,53,3,21,424,0.0000,vanish
2350_sCLtK1a2GGc,53,3,23,1189,0.0000,vanish
2350_sCLtK1a2GGc,53,5,61,7501,0.0457,vanish
2350_sCLtK1a2GGc,53,5,61,15052,0.0000,vanish
2350_sCLtK1a2GGc,54,4,21,6486,0.1728,shrink
2350_sCLtK1a2GGc,54,4,21,6941,0.0000,vanish
2350_sCLtK1a2GGc,54,2,21,786,0.0000,vanish
2350_sCLtK1a2GGc,54,4,61,15017,0.0000,vanish
2350_sCLtK1a2GGc,55,3,21,3722,0.0325,vanish
2350_sCLtK1a2GGc,55,5,21,6659,0.1358,shrink
2350_sCLtK1a2GGc,55,5,21,6789,0.0000,vanish
2350_sCLtK1a2GGc,55,1,21,1879,0.0245,vanish
2350_sCLtK1a2GGc,55,1,23,400,0.0000,vanish
2350_sCLtK1a2GGc,55,3,61,10095,0.0000,vanish
2350_sCLtK1a2GGc,56,4,21,5674,0.0000,vanish
2350_sCLtK1a2GGc,56,2,61,7426,0.0000,vanish
2350_sCLtK1a2GGc,57,5,19,484,0.0000,vanish
2350_sCLtK1a2GGc,57,4,21,4252,0.1164,shrink
2350_sCLtK1a2GGc,57,3,21,4245,0.0000,vanish
2350_sCLtK1a2GGc,57,1,61,2653,0.0000,vanish
2350_sCLtK1a2GGc,58,4,19,1833,0.0000,vanish
2350_sCLtK1a2GGc,58,2,21,2903,0.0000,vanish
2350_sCLtK1a2GGc,58,3,61,2242,0.0000,vanish
2350_sCLtK1a2GGc,59,5,19,3654,0.0993,vanish
2350_sCLtK1a2GGc,59,3,19,420,0.0000,vanish
2350_sCLtK1a2GGc,59,2,21,1704,0.2025,shrink
2350_sCLtK1a2GGc,59,1,21,802,0.0000,vanish
2350_sCLtK1a2GGc,59,5,61,3574,0.0039,vanish
2350_sCLtK1a2GGc,59,2,61,2277,0.0000,vanish
2350_sCLtK1a2GGc,60,4,19,1624,0.0000,vanish
2350_sCLtK1a2GGc,60,2,19,3510,0.0000,vanish
2350_sCLtK1a2GGc,60,5,21,1447,0.2184,shrink
2350_sCLtK1a2GGc,60,5,21,509,0.0000,vanish
2350_sCLtK1a2GGc,60,4,61,3840,0.0042,vanish
2350_sCLtK1a2GGc,61,3,19,1265,0.0000,vanish
2350_sCLtK1a2GGc,61,2,19,3111,0.0000,vanish
2350_sCLtK1a2GGc,61,3,21,3530,0.0000,vanish
2350_sCLtK1a2GGc,61,3,61,2538,0.0028,vanish
2350_sCLtK1a2GGc,62,3,19,1478,0.0000,vanish
2350_sCLtK1a2GGc,62,3,21,2197,0.0000,vanish
2350_sCLtK1a2GGc,62,3,61,1807,0.0105,vanish
2350_sCLtK1a2GGc,62,5,80,121172,0.2418,shrink
2350_sCLtK1a2GGc,63,3,21,4398,0.0000,vanish
2350_sCLtK1a2GGc,63,3,21,6081,0.0000,vanish
2350_sCLtK1a2GGc,63,2,23,354,0.0000,vanish
2350_sCLtK1a2GGc,63,5,61,198703,0.2484,shrink
2350_sCLtK1a2GGc,63,2,61,955,0.0335,vanish
2350_sCLtK1a2GGc,63,2,61,2716,0.0000,vanish
2350_sCLtK1a2GGc,63,2,67,2315,0.0000,vanish
2350_sCLtK1a2GGc,63,5,80,117637,0.1743,shrink
2350_sCLtK1a2GGc,64,2,19,3505,0.0000,vanish
2350_sCLtK1a2GGc,64,5,21,15724,0.1895,shrink
2350_sCLtK1a2GGc,64,4,21,5668,0.0000,vanish
2350_sCLtK1a2GGc,64,2,21,5392,0.0000,vanish
2350_sCLtK1a2GGc,64,5,21,10323,0.1165,shrink
2350_sCLtK1a2GGc,64,5,61,166918,0.2420,shrink
2350_sCLtK1a2GGc,64,5,61,554,0.0144,vanish
2350_sCLtK1a2GGc,64,2,61,13341,0.1569,shrink
2350_sCLtK1a2GGc,64,3,61,18223,0.0000,vanish
2350_sCLtK1a2GGc,64,1,61,3258,0.0000,vanish
2350_sCLtK1a2GGc,64,5,80,115017,0.2211,shrink
2350_sCLtK1a2GGc,64,1,120,1077,0.0000,vanish
2350_sCLtK1a2GGc,65,4,19,1234,0.0000,vanish
2350_sCLtK1a2GGc,65,5,19,6148,0.0740,vanish
2350_sCLtK1a2GGc,65,2,19,11329,0.1885,shrink
2350_sCLtK1a2GGc,65,5,21,17841,0.1286,shrink
2350_sCLtK1a2GGc,65,4,21,7453,0.0000,vanish
2350_sCLtK1a2GGc,65,2,21,4562,0.0000,vanish
2350_sCLtK1a2GGc,65,5,21,4923,0.1215,shrink
2350_sCLtK1a2GGc,65,5,21,14086,0.1094,shrink
2350_sCLtK1a2GGc,65,1,21,5076,0.0000,vanish
2350_sCLtK1a2GGc,65,5,61,168062,0.2217,shrink
2350_sCLtK1a2GGc,65,5,61,694,0.0879,vanish
2350_sCLtK1a2GGc,65,2,61,6205,0.0000,vanish
2350_sCLtK1a2GGc,66,3,19,3905,0.0000,vanish
2350_sCLtK1a2GGc,66,5,19,9895,0.0000,vanish
2350_sCLtK1a2GGc,66,1,19,6477,0.0804,vanish
2350_sCLtK1a2GGc,66,5,21,18746,0.1836,shrink
2350_sCLtK1a2GGc,66,4,21,10097,0.0000,vanish
2350_sCLtK1a2GGc,66,4,21,7816,0.0407,vanish
2350_sCLtK1a2GGc,66,5,21,17353,0.1664,shrink
2350_sCLtK1a2GGc,66,1,54,47987,0.0000,vanish
2350_sCLtK1a2GGc,66,5,61,115882,0.0953,vanish
2350_sCLtK1a2GGc,66,1,61,11824,0.1855,shrink
2350_sCLtK1a2GGc,66,1,61,39915,0.1418,shrink
2350_sCLtK1a2GGc,67,2,19,12715,0.0411,vanish
2350_sCLtK1a2GGc,67,4,19,18532,0.0374,vanish
2350_sCLtK1a2GGc,67,5,19,4997,0.0654,vanish
2350_sCLtK1a2GGc,67,2,21,11312,0.0000,vanish
2350_sCLtK1a2GGc,67,1,21,5364,0.0006,vanish
2350_sCLtK1a2GGc,67,4,21,14351,0.0279,vanish
2350_sCLtK1a2GGc,67,3,54,23060,0.0000,vanish
2350_sCLtK1a2GGc,67,5,61,1537,0.0000,vanish
2350_sCLtK1a2GGc,68,5,19,13732,0.0472,vanish
2350_sCLtK1a2GGc,68,2,19,553,0.0000,vanish
2350_sCLtK1a2GGc,68,5,19,7260,0.0517,vanish
2350_sCLtK1a2GGc,68,2,21,7922,0.0514,vanish
2350_sCLtK1a2GGc,68,5,21,20819,0.0556,vanish
2350_sCLtK1a2GGc,68,2,54,2865,0.0000,vanish
2350_sCLtK1a2GGc,68,5,61,5886,0.0928,vanish
2350_sCLtK1a2GGc,68,1,67,841,0.0000,vanish
2350_sCLtK1a2GGc,69,5,16,8136,0.0000,vanish
2350_sCLtK1a2GGc,69,4,19,15983,0.1814,shrink
2350_sCLtK1a2GGc,69,1,19,1504,0.0000,vanish
2350_sCLtK1a2GGc,69,4,19,6932,0.0162,vanish
2350_sCLtK1a2GGc,69,5,21,19441,0.1002,shrink
2350_sCLtK1a2GGc,69,1,54,1369,0.0000,vanish
2350_sCLtK1a2GGc,69,3,61,322,0.0000,vanish
2350_sCLtK1a2GGc,69,5,61,6815,0.1633,shrink
2350_sCLtK1a2GGc,69,5,61,38506,0.1835,shrink
2350_sCLtK1a2GGc,69,1,67,511,0.0000,vanish
2350_sCLtK1a2GGc,70,4,16,11643,0.0000,vanish
2350_sCLtK1a2GGc,70,3,19,2110,0.2403,shrink
2350_sCLtK1a2GGc,70,3,19,17025,0.0804,vanish
2350_sCLtK1a2GGc,70,3,19,6123,0.0000,vanish
2350_sCLtK1a2GGc,70,4,21,5819,0.0457,vanish
2350_sCLtK1a2GGc,70,2,21,440,0.0000,vanish
2350_sCLtK1a2GGc,70,5,61,10450,0.2495,shrink
2350_sCLtK1a2GGc,70,3,61,431,0.0000,vanish
2350_sCLtK1a2GGc,70,5,61,10934,0.1360,shrink
2350_sCLtK1a2GGc,70,5,61,52966,0.0480,vanish
2350_sCLtK1a2GGc,70,3,67,1336,0.0000,vanish
2350_sCLtK1a2GGc,71,3,16,11933,0.0000,vanish
2350_sCLtK1a2GGc,71,5,19,2197,0.1120,shrink
2350_sCLtK1a2GGc,71,5,21,10474,0.0000,vanish
2350_sCLtK1a2GGc,71,3,21,3995,0.0000,vanish
2350_sCLtK1a2GGc,71,1,21,952,0.0000,vanish
2350_sCLtK1a2GGc,71,5,61,4472,0.0013,vanish
2350_sCLtK1a2GGc,71,1,61,651,0.0000,vanish
2350_sCLtK1a2GGc,71,5,61,15406,0.0052,vanish
2350_sCLtK1a2GGc,71,5,61,58861,0.0000,vanish
2350_sCLtK1a2GGc,72,2,16,8700,0.0000,vanish
2350_sCLtK1a2GGc,72,5,21,7916,0.0000,vanish
2350_sCLtK1a2GGc,72,5,21,3459,0.0000,vanish
2350_sCLtK1a2GGc,72,3,54,1208,0.0025,vanish
2350_sCLtK1a2GGc,72,2,61,729,0.0000,vanish
2350_sCLtK1a2GGc,72,5,61,8029,0.0000,vanish
2350_sCLtK1a2GGc,72,4,61,43549,0.0000,vanish
2350_sCLtK1a2GGc,72,1,80,735,0.0000,vanish
2350_sCLtK1a2GGc,73,1,16,2705,0.0000,vanish
2350_sCLtK1a2GGc,73,4,19,1618,0.0000,vanish
2350_sCLtK1a2GGc,73,5,19,20947,0.2021,shrink
2350_sCLtK1a2GGc,73,1,21,3646,0.0000,vanish
2350_sCLtK1a2GGc,73,5,21,1097,0.0091,vanish
2350_sCLtK1a2GGc,73,5,21,34306,0.2340,shrink
2350_sCLtK1a2GGc,73,5,61,16610,0.1863,shrink
2350_sCLtK1a2GGc,73,1,61,664,0.0000,vanish
2350_sCLtK1a2GGc,73,4,61,5896,0.0000,vanish
2350_sCLtK1a2GGc,73,3,61,30891,0.0000,vanish
2350_sCLtK1a2GGc,74,4,19,827,0.0000,vanish
2350_sCLtK1a2GGc,74,3,19,1200,0.0000,vanish
2350_sCLtK1a2GGc,74,5,19,21395,0.0595,vanish
2350_sCLtK1a2GGc,74,5,19,37217,0.1351,shrink
2350_sCLtK1a2GGc,74,1,19,452,0.1217,shrink
2350_sCLtK1a2GGc,74,4,19,6194,0.1902,shrink
2350_sCLtK1a2GGc,74,5,19,115008,0.2096,shrink
2350_sCLtK1a2GGc,74,4,21,1024,0.0098,vanish
2350_sCLtK1a2GGc,74,5,21,33183,0.0868,vanish
2350_sCLtK1a2GGc,74,5,21,79755,0.1897,shrink
2350_sCLtK1a2GGc,74,1,61,1955,0.0000,vanish
2350_sCLtK1a2GGc,74,5,61,12448,0.0226,vanish
2350_sCLtK1a2GGc,74,3,61,2503,0.0000,vanish
2350_sCLtK1a2GGc,74,1,61,460,0.0000,vanish
2350_sCLtK1a2GGc,74,1,61,4089,0.0000,vanish
2350_sCLtK1a2GGc,75,3,19,1866,0.0000,vanish
2350_sCLtK1a2GGc,75,2,19,811,0.0000,vanish
2350_sCLtK1a2GGc,75,1,19,382,0.0000,vanish
2350_sCLtK1a2GGc,75,5,19,17674,0.0088,vanish
2350_sCLtK1a2GGc,75,5,19,38939,0.1631,shrink
2350_sCLtK1a2GGc,75,5,21,31239,0.1096,shrink
2350_sCLtK1a2GGc,75,5,21,83786,0.2166,shrink
2350_sCLtK1a2GGc,75,5,61,9689,0.0051,vanish
2350_sCLtK1a2GGc,75,2,61,1764,0.0000,vanish
2350_sCLtK1a2GGc,76,2,19,1731,0.0000,vanish
2350_sCLtK1a2GGc,76,4,19,11070,0.0089,vanish
2350_sCLtK1a2GGc,76,5,19,3060,0.0000,vanish
2350_sCLtK1a2GGc,76,5,19,100951,0.1254,shrink
2350_sCLtK1a2GGc,76,4,19,3113,0.0312,vanish
2350_sCLtK1a2GGc,76,4,21,1539,0.0000,vanish
2350_sCLtK1a2GGc,76,4,21,29341,0.2067,shrink
2350_sCLtK1a2GGc,76,5,21,27877,0.2121,shrink
2350_sCLtK1a2GGc,76,5,54,5226,0.0825,vanish
2350_sCLtK1a2GGc,76,5,61,3748,0.0728,vanish
2350_sCLtK1a2GGc,76,4,61,10160,0.0002,vanish
2350_sCLtK1a2GGc,76,1,61,337,0.0000,vanish
2350_sCLtK1a2GGc,76,5,80,2063,0.0000,vanish
2350_sCLtK1a2GGc,76,2,80,360,0.0000,vanish
2350_sCLtK1a2GGc,76,2,80,310,0.0000,vanish
2350_sCLtK1a2GGc,77,4,19,6591,0.0000,vanish
2350_sCLtK1a2GGc,77,5,19,11350,0.1446,shrink
2350_sCLtK1a2GGc,77,5,19,83033,0.0476,vanish
2350_sCLtK1a2GGc,77,1,19,2137,0.0000,vanish
2350_sCLtK1a2GGc,77,5,21,1032,0.0165,vanish
2350_sCLtK1a2GGc,77,3,21,903,0.0000,vanish
2350_sCLtK1a2GGc,77,5,21,26894,0.2025,shrink
2350_sCLtK1a2GGc,77,5,21,30110,0.1745,shrink
2350_sCLtK1a2GGc,77,5,54,9784,0.0012,vanish
2350_sCLtK1a2GGc,77,4,61,4280,0.0000,vanish
2350_sCLtK1a2GGc,77,4,80,4759,0.0000,vanish
2350_sCLtK1a2GGc,78,5,19,1257,0.0000,vanish
2350_sCLtK1a2GGc,78,2,19,2724,0.0000,vanish
2350_sCLtK1a2GGc,78,3,19,8120,0.0000,vanish
2350_sCLtK1a2GGc,78,5,19,13425,0.0343,vanish
2350_sCLtK1a2GGc,78,5,19,66102,0.0205,vanish
2350_sCLtK1a2GGc,78,3,21,4393,0.0000,vanish
2350_sCLtK1a2GGc,78,5,21,25951,0.2449,shrink
2350_sCLtK1a2GGc,78,5,21,27840,0.2466,shrink
2350_sCLtK1a2GGc,78,5,54,10547,0.0000,vanish
2350_sCLtK1a2GGc,78,5,61,118215,0.1991,shrink
2350_sCLtK1a2GGc,78,3,61,5156,0.0000,vanish
2350_sCLtK1a2GGc,78,5,80,11100,0.0283,vanish
2350_sCLtK1a2GGc,79,4,19,1476,0.0000,vanish
2350_sCLtK1a2GGc,79,2,19,1112,0.0000,vanish
2350_sCLtK1a2GGc,79,2,19,7281,0.0000,vanish
2350_sCLtK1a2GGc,79,5,19,12625,0.0004,vanish
2350_sCLtK1a2GGc,79,4,19,47356,0.0850,vanish
2350_sCLtK1a2GGc,79,3,21,11457,0.0092,vanish
2350_sCLtK1a2GGc,79,1,21,880,0.0000,vanish
2350_sCLtK1a2GGc,79,5,21,40814,0.1672,shrink
2350_sCLtK1a2GGc,79,4,54,6012,0.0000,vanish
2350_sCLtK1a2GGc,79,5,61,119108,0.1458,shrink
2350_sCLtK1a2GGc,79,3,61,6502,0.0000,vanish
2350_sCLtK1a2GGc,79,4,61,1730,0.0000,vanish
2350_sCLtK1a2GGc,79,5,80,15005,0.1038,shrink
2350_sCLtK1a2GGc,80,4,16,716,0.0000,vanish
2350_sCLtK1a2GGc,80,4,19,2413,0.0000,vanish
2350_sCLtK1a2GGc,80,2,19,3599,0.0000,vanish
2350_sCLtK1a2GGc,80,5,19,10824,0.0000,vanish
2350_sCLtK1a2GGc,80,5,19,41034,0.0900,vanish
2350_sCLtK1a2GGc,80,5,21,10042,0.0288,vanish
2350_sCLtK1a2GGc,80,3,21,5014,0.0000,vanish
2350_sCLtK1a2GGc,80,4,21,43334,0.2001,shrink
2350_sCLtK1a2GGc,80,3,54,2094,0.0000,vanish
2350_sCLtK1a2GGc,80,5,61,112823,0.1821,shrink
2350_sCLtK1a2GGc,80,3,61,6856,0.0000,vanish
2350_sCLtK1a2GGc,80,3,61,2430,0.0107,vanish
2350_sCLtK1a2GGc,80,5,80,18328,0.1502,shrink
2350_sCLtK1a2GGc,81,3,16,2627,0.0000,vanish
2350_sCLtK1a2GGc,81,3,19,2564,0.0000,vanish
2350_sCLtK1a2GGc,81,1,19,556,0.0000,vanish
2350_sCLtK1a2GGc,81,4,19,10439,0.0000,vanish
2350_sCLtK1a2GGc,81,5,19,26540,0.1038,shrink
2350_sCLtK1a2GGc,81,5,21,10135,0.0075,vanish
2350_sCLtK1a2GGc,81,2,21,3727,0.0000,vanish
2350_sCLtK1a2GGc,81,4,21,42958,0.2400,shrink
2350_sCLtK1a2GGc,81,1,23,646,0.0000,vanish
2350_sCLtK1a2GGc,81,2,54,448,0.0000,vanish
2350_sCLtK1a2GGc,81,4,61,116801,0.2299,shrink
2350_sCLtK1a2GGc,81,2,61,1689,0.0000,vanish
2350_sCLtK1a2GGc,81,1,80,2254,0.0000,vanish
2350_sCLtK1a2GGc,82,2,16,4922,0.0000,vanish
2350_sCLtK1a2GGc,82,5,19,4550,0.0198,vanish
2350_sCLtK1a2GGc,82,4,19,8582,0.0000,vanish
2350_sCLtK1a2GGc,82,5,19,11793,0.1626,shrink
2350_sCLtK1a2GGc,82,5,21,10928,0.0000,vanish
2350_sCLtK1a2GGc,82,2,21,3496,0.0000,vanish
2350_sCLtK1a2GGc,82,4,61,4234,0.0000,vanish
2350_sCLtK1a2GGc,82,4,61,1675,0.0000,vanish
2350_sCLtK1a2GGc,82,3,61,1657,0.0000,vanish
2350_sCLtK1a2GGc,82,5,61,14591,0.0000,vanish
2350_sCLtK1a2GGc,82,5,80,25335,0.0772,vanish
2350_sCLtK1a2GGc,83,1,16,5124,0.0000,vanish
2350_sCLtK1a2GGc,83,5,19,5468,0.0007,vanish
2350_sCLtK1a2GGc,83,3,19,3279,0.0000,vanish
2350_sCLtK1a2GGc,83,5,19,7396,0.0414,vanish
2350_sCLtK1a2GGc,83,3,21,2098,0.0000,vanish
2350_sCLtK1a2GGc,83,1,21,1036,0.0000,vanish
2350_sCLtK1a2GGc,83,5,61,12257,0.0000,vanish
2350_sCLtK1a2GGc,83,1,61,1652,0.0000,vanish
2350_sCLtK1a2GGc,83,4,61,10515,0.0000,vanish
2350_sCLtK1a2GGc,83,1,67,618,0.0000,vanish
2350_sCLtK1a2GGc,84,3,19,1029,0.0000,vanish
2350_sCLtK1a2GGc,84,5,19,4362,0.0000,vanish
2350_sCLtK1a2GGc,84,5,19,10940,0.1946,shrink
2350_sCLtK1a2GGc,84,3,19,2521,0.0000,vanish
2350_sCLtK1a2GGc,84,4,19,8634,0.0354,vanish
2350_sCLtK1a2GGc,84,1,21,1276,0.0000,vanish
2350_sCLtK1a2GGc,84,5,61,10142,0.0000,vanish
2350_sCLtK1a2GGc,84,5,61,88953,0.1925,shrink
2350_sCLtK1a2GGc,84,3,61,9480,0.0000,vanish
2350_sCLtK1a2GGc,84,1,67,389,0.0000,vanish
2350_sCLtK1a2GGc,84,5,80,30982,0.1493,shrink
2350_sCLtK1a2GGc,84,5,80,9197,0.0000,vanish
2350_sCLtK1a2GGc,85,5,19,3027,0.0000,vanish
2350_sCLtK1a2GGc,85,2,19,1634,0.0000,vanish
2350_sCLtK1a2GGc,85,3,19,6907,0.0443,vanish
2350_sCLtK1a2GGc,85,2,21,2663,0.0000,vanish
2350_sCLtK1a2GGc,85,5,61,550,0.0000,vanish
2350_sCLtK1a2GGc,85,4,61,7738,0.0000,vanish
2350_sCLtK1a2GGc,85,5,61,84615,0.0000,vanish
2350_sCLtK1a2GGc,85,2,61,6648,0.0000,vanish
2350_sCLtK1a2GGc,85,2,67,2263,0.0000,vanish
2350_sCLtK1a2GGc,85,5,80,30527,0.1341,shrink
2350_sCLtK1a2GGc,85,4,80,9607,0.0000,vanish
2350_sCLtK1a2GGc,86,3,19,830,0.0000,vanish
2350_sCLtK1a2GGc,86,3,19,2395,0.0000,vanish
2350_sCLtK1a2GGc,86,3,19,5722,0.2204,shrink
2350_sCLtK1a2GGc,86,5,19,102929,0.2263,shrink
2350_sCLtK1a2GGc,86,2,19,4241,0.0722,vanish
2350_sCLtK1a2GGc,86,5,19,661,0.0151,vanish
2350_sCLtK1a2GGc,86,4,61,15681,0.0000,vanish
2350_sCLtK1a2GGc,86,4,61,80028,0.0000,vanish
2350_sCLtK1a2GGc,86,1,61,5565,0.0000,vanish
2350_sCLtK1a2GGc,86,1,67,1242,0.0000,vanish
2350_sCLtK1a2GGc,86,5,80,30150,0.0846,vanish
2350_sCLtK1a2GGc,86,5,80,11878,0.0000,vanish
2350_sCLtK1a2GGc,87,4,19,1652,0.0000,vanish
2350_sCLtK1a2GGc,87,3,19,2262,0.0000,vanish
2350_sCLtK1a2GGc,87,5,19,4585,0.2310,shrink
2350_sCLtK1a2GGc,87,5,19,99185,0.1237,shrink
2350_sCLtK1a2GGc,87,5,19,2699,0.0900,vanish
2350_sCLtK1a2GGc,87,5,19,1143,0.0000,vanish
2350_sCLtK1a2GGc,87,1,23,364,0.0000,vanish
2350_sCLtK1a2GGc,87,4,61,20991,0.0432,vanish
2350_sCLtK1a2GGc,87,4,61,73928,0.0000,vanish
2350_sCLtK1a2GGc,87,1,67,982,0.0000,vanish
2350_sCLtK1a2GGc,87,5,80,88726,0.2340,shrink
2350_sCLtK1a2GGc,87,5,80,30720,0.0396,vanish
2350_sCLtK1a2GGc,87,5,80,13469,0.0000,vanish
2350_sCLtK1a2GGc,88,3,19,1008,0.0000,vanish
2350_sCLtK1a2GGc,88,3,19,1360,0.0000,vanish
2350_sCLtK1a2GGc,88,1,19,2632,0.1949,shrink
2350_sCLtK1a2GGc,88,1,19,547,0.0000,vanish
2350_sCLtK1a2GGc,88,5,19,89882,0.0939,vanish
2350_sCLtK1a2GGc,88,4,19,1540,0.0000,vanish
2350_sCLtK1a2GGc,88,5,19,3380,0.0000,vanish
2350_sCLtK1a2GGc,88,1,19,306,0.0000,vanish
2350_sCLtK1a2GGc,88,5,21,54876,0.1905,shrink
2350_sCLtK1a2GGc,88,3,61,27880,0.0586,vanish
2350_sCLtK1a2GGc,88,2,61,832,0.1346,shrink
2350_sCLtK1a2GGc,88,3,61,57763,0.0000,vanish
2350_sCLtK1a2GGc,88,4,80,75089,0.1771,shrink
2350_sCLtK1a2GGc,88,5,80,31516,0.0000,vanish
2350_sCLtK1a2GGc,88,5,80,13603,0.0000,vanish
2350_sCLtK1a2GGc,89,3,19,1274,0.0000,vanish
2350_sCLtK1a2GGc,89,2,19,1166,0.0000,vanish
2350_sCLtK1a2GGc,89,2,19,1945,0.0000,vanish
2350_sCLtK1a2GGc,89,4,19,75559,0.0968,vanish
2350_sCLtK1a2GGc,89,5,19,5713,0.0000,vanish
2350_sCLtK1a2GGc,89,4,19,5575,0.0219,vanish
2350_sCLtK1a2GGc,89,2,21,489,0.0716,vanish
2350_sCLtK1a2GGc,89,4,61,28760,0.0820,vanish
2350_sCLtK1a2GGc,89,3,61,34302,0.0000,vanish
2350_sCLtK1a2GGc,89,3,80,58147,0.0950,vanish
2350_sCLtK1a2GGc,89,5,80,35576,0.0000,vanish
2350_sCLtK1a2GGc,89,5,80,13108,0.0000,vanish
2350_sCLtK1a2GGc,90,3,19,2589,0.0000,vanish
2350_sCLtK1a2GGc,90,2,19,1517,0.0000,vanish
2350_sCLtK1a2GGc,90,4,19,2419,0.0000,vanish
2350_sCLtK1a2GGc,90,5,19,19305,0.0839,vanish
2350_sCLtK1a2GGc,90,4,19,61624,0.1302,shrink
2350_sCLtK1a2GGc,90,3,19,6824,0.1572,shrink
2350_sCLtK1a2GGc,90,4,19,3223,0.0000,vanish
2350_sCLtK1a2GGc,90,5,21,7672,0.0845,vanish
2350_sCLtK1a2GGc,90,4,61,29186,0.1117,shrink
2350_sCLtK1a2GGc,90,3,61,9660,0.0000,vanish
2350_sCLtK1a2GGc,90,3,80,43585,0.0563,vanish
2350_sCLtK1a2GGc,90,5,80,36837,0.0000,vanish
2350_sCLtK1a2GGc,90,4,80,12568,0.0000,vanish
2350_sCLtK1a2GGc,91,2,19,3141,0.0000,vanish
2350_sCLtK1a2GGc,91,1,19,933,0.0000,vanish
2350_sCLtK1a2GGc,91,4,19,2573,0.0000,vanish
2350_sCLtK1a2GGc,91,5,19,18400,0.1307,shrink
2350_sCLtK1a2GGc,91,5,19,7568,0.0609,vanish
2350_sCLtK1a2GGc,91,3,19,2340,0.0000,vanish
2350_sCLtK1a2GGc,91,4,21,7890,0.1084,shrink
2350_sCLtK1a2GGc,91,3,61,36132,0.1313,shrink
2350_sCLtK1a2GGc,91,1,61,971,0.0134,vanish
2350_sCLtK1a2GGc,91,2,61,4479,0.0000,vanish
2350_sCLtK1a2GGc,91,4,80,42325,0.0792,vanish
2350_sCLtK1a2GGc,91,3,80,13174,0.0000,vanish
2350_sCLtK1a2GGc,91,2,80,24507,0.0000,vanish
2350_sCLtK1a2GGc,92,2,19,1118,0.0000,vanish
2350_sCLtK1a2GGc,92,5,19,1014,0.1292,shrink
2350_sCLtK1a2GGc,92,4,19,17174,0.1951,shrink
2350_sCLtK1a2GGc,92,4,19,8462,0.1865,shrink
2350_sCLtK1a2GGc,92,2,19,1901,0.0000,vanish
2350_sCLtK1a2GGc,92,3,21,10028,0.0848,vanish
2350_sCLtK1a2GGc,92,3,61,38692,0.1697,shrink
2350_sCLtK1a2GGc,92,2,61,2031,0.0226,vanish
2350_sCLtK1a2GGc,92,1,61,860,0.0000,vanish
2350_sCLtK1a2GGc,92,4,80,12692,0.0000,vanish
2350_sCLtK1a2GGc,92,1,80,3260,0.0000,vanish
2350_sCLtK1a2GGc,93,2,19,1357,0.0000,vanish
2350_sCLtK1a2GGc,93,1,19,949,0.0000,vanish
2350_sCLtK1a2GGc,93,5,19,10657,0.0992,vanish
2350_sCLtK1a2GGc,93,1,19,445,0.0000,vanish
2350_sCLtK1a2GGc,93,5,19,13135,0.0745,vanish
2350_sCLtK1a2GGc,93,5,19,9632,0.2330,shrink
2350_sCLtK1a2GGc,93,1,19,1495,0.0000,vanish
2350_sCLtK1a2GGc,93,1,21,2450,0.0000,vanish
2350_sCLtK1a2GGc,93,2,21,10883,0.1048,shrink
2350_sCLtK1a2GGc,93,2,61,35517,0.2189,shrink
2350_sCLtK1a2GGc,93,4,80,9769,0.0000,vanish
2350_sCLtK1a2GGc,94,5,19,2077,0.0000,vanish
2350_sCLtK1a2GGc,94,1,19,1089,0.0000,vanish
2350_sCLtK1a2GGc,94,5,19,17062,0.0000,vanish
2350_sCLtK1a2GGc,94,2,19,8015,0.1133,shrink
2350_sCLtK1a2GGc,94,5,19,10766,0.0000,vanish
2350_sCLtK1a2GGc,94,5,21,8938,0.1082,shrink
2350_sCLtK1a2GGc,94,5,80,9327,0.0000,vanish
2350_sCLtK1a2GGc,95,4,19,16984,0.0000,vanish
2350_sCLtK1a2GGc,95,4,19,2007,0.0000,vanish
2350_sCLtK1a2GGc,95,5,19,5866,0.2288,shrink
2350_sCLtK1a2GGc,95,4,19,10252,0.0000,vanish
2350_sCLtK1a2GGc,95,3,21,1272,0.0000,vanish
2350_sCLtK1a2GGc,95,4,80,10188,0.0000,vanish
2350_sCLtK1a2GGc,96,3,19,10512,0.0000,vanish
2350_sCLtK1a2GGc,96,3,19,10159,0.0000,vanish
2350_sCLtK1a2GGc,96,5,21,39483,0.0837,vanish
2350_sCLtK1a2GGc,96,5,80,61414,0.1945,shrink
2350_sCLtK1a2GGc,96,4,80,9467,0.0000,vanish
2350_sCLtK1a2GGc,97,2,19,2347,0.0000,vanish
2350_sCLtK1a2GGc,97,2,19,6362,0.0000,vanish
2350_sCLtK1a2GGc,97,4,21,6088,0.0000,vanish
2350_sCLtK1a2GGc,97,5,21,35861,0.0331,vanish
2350_sCLtK1a2GGc,97,5,80,61753,0.0647,vanish
2350_sCLtK1a2GGc,97,4,80,8047,0.1678,shrink
2350_sCLtK1a2GGc,98,1,19,1106,0.0000,vanish
2350_sCLtK1a2GGc,98,1,19,3708,0.0000,vanish
2350_sCLtK1a2GGc,98,5,21,117053,0.1345,shrink
2350_sCLtK1a2GGc,98,5,21,32490,0.0000,vanish
2350_sCLtK1a2GGc,98,5,80,59003,0.0026,vanish
2350_sCLtK1a2GGc,99,1,19,396,0.0000,vanish
2350_sCLtK1a2GGc,99,5,21,2800,0.0000,vanish
2350_sCLtK1a2GGc,99,5,21,15861,0.0000,vanish
2350_sCLtK1a2GGc,99,4,21,25914,0.0000,vanish
2350_sCLtK1a2GGc,99,1,21,967,0.0000,vanish
2350_sCLtK1a2GGc,99,1,61,4221,0.1147,shrink
2350_sCLtK1a2GGc,99,5,80,58434,0.0000,vanish
2350_sCLtK1a2GGc,99,5,80,5535,0.0000,vanish
2350_sCLtK1a2GGc,100,1,19,940,0.0011,vanish
2350_sCLtK1a2GGc,100,2,19,2995,0.0000,vanish
2350_sCLtK1a2GGc,100,4,21,3673,0.0000,vanish
2350_sCLtK1a2GGc,100,4,21,17752,0.0000,vanish
2350_sCLtK1a2GGc,100,3,21,6254,0.0000,vanish
2350_sCLtK1a2GGc,100,3,21,19472,0.0000,vanish
2350_sCLtK1a2GGc,100,4,80,56659,0.0000,vanish
2350_sCLtK1a2GGc,100,4,80,4367,0.0000,vanish
2350_sCLtK1a2GGc,101,3,19,569,0.0000,vanish
2350_sCLtK1a2GGc,101,1,19,1005,0.0000,vanish
2350_sCLtK1a2GGc,101,1,21,1088,0.0000,vanish
2350_sCLtK1a2GGc,101,3,21,19585,0.0000,vanish
2350_sCLtK1a2GGc,101,3,21,10561,0.0000,vanish
2350_sCLtK1a2GGc,101,3,21,13967,0.0000,vanish
2350_sCLtK1a2GGc,101,3,80,57664,0.0000,vanish
2350_sCLtK1a2GGc,101,3,80,3677,0.0000,vanish
2350_sCLtK1a2GGc,102,2,21,7214,0.1103,shrink
2350_sCLtK1a2GGc,102,2,21,19520,0.0009,vanish
2350_sCLtK1a2GGc,102,2,21,14912,0.1243,shrink
2350_sCLtK1a2GGc,102,2,21,7388,0.0000,vanish
2350_sCLtK1a2GGc,102,2,80,58333,0.0374,vanish
2350_sCLtK1a2GGc,102,2,80,4345,0.0000,vanish
2350_sCLtK1a2GGc,103,1,21,16138,0.2174,shrink
2350_sCLtK1a2GGc,103,1,21,2563,0.0000,vanish
2350_sCLtK1a2GGc,103,1,80,3203,0.0000,vanish
2351_sHtf9sCPZbA,0,3,69,2002,0.0000,vanish
2351_sHtf9sCPZbA,0,1,69,1322,0.0000,vanish
2351_sHtf9sCPZbA,1,2,69,1557,0.0000,vanish
2351_sHtf9sCPZbA,2,1,69,1149,0.0000,vanish
2351_sHtf9sCPZbA,3,2,69,938,0.0000,vanish
2351_sHtf9sCPZbA,4,1,69,859,0.0000,vanish
2351_sHtf9sCPZbA,5,2,69,1030,0.0000,vanish
2351_sHtf9sCPZbA,6,3,69,1369,0.0000,vanish
2351_sHtf9sCPZbA,7,4,69,1722,0.0767,vanish
2351_sHtf9sCPZbA,16,5,69,701,0.0185,vanish
2351_sHtf9sCPZbA,17,5,69,839,0.0000,vanish
2351_sHtf9sCPZbA,18,4,69,920,0.0000,vanish
2351_sHtf9sCPZbA,19,3,69,1020,0.0000,vanish
2351_sHtf9sCPZbA,20,3,69,1156,0.0000,vanish
2351_sHtf9sCPZbA,21,4,69,1311,0.0000,vanish
2351_sHtf9sCPZbA,22,5,69,1238,0.0000,vanish
2351_sHtf9sCPZbA,23,4,69,1235,0.0024,vanish
2351_sHtf9sCPZbA,24,5,69,1197,0.0234,vanish
2351_sHtf9sCPZbA,25,4,69,1028,0.1167,shrink
2351_sHtf9sCPZbA,26,5,69,956,0.2176,shrink
2351_sHtf9sCPZbA,28,5,69,868,0.0023,vanish
2351_sHtf9sCPZbA,29,4,69,881,0.0000,vanish
2351_sHtf9sCPZbA,30,4,69,1115,0.0000,vanish
2351_sHtf9sCPZbA,31,2,69,894,0.0000,vanish
2351_sHtf9sCPZbA,32,2,69,898,0.0000,vanish
2351_sHtf9sCPZbA,33,2,69,933,0.0000,vanish
2351_sHtf9sCPZbA,34,5,12,81420,0.0109,vanish
2351_sHtf9sCPZbA,34,5,69,71088,0.2204,shrink
2351_sHtf9sCPZbA,34,2,69,1069,0.0000,vanish
2351_sHtf9sCPZbA,35,5,12,76587,0.0000,vanish
2351_sHtf9sCPZbA,35,1,69,1350,0.0000,vanish
2351_sHtf9sCPZbA,36,4,12,71513,0.0000,vanish
2351_sHtf9sCPZbA,36,3,69,73693,0.2474,shrink
2351_sHtf9sCPZbA,36,2,96,724,0.0000,vanish
2351_sHtf9sCPZbA,37,1,0,2770,0.2448,shrink
2351_sHtf9sCPZbA,37,3,12,65562,0.0000,vanish
2351_sHtf9sCPZbA,37,2,61,2982,0.0000,vanish
2351_sHtf9sCPZbA,37,2,69,62732,0.1998,shrink
2351_sHtf9sCPZbA,37,1,96,300,0.0000,vanish
2351_sHtf9sCPZbA,38,2,0,902,0.0000,vanish
2351_sHtf9sCPZbA,38,1,0,4924,0.0002,vanish
2351_sHtf9sCPZbA,38,3,12,60331,0.0000,vanish
2351_sHtf9sCPZbA,38,2,61,8206,0.0000,vanish
2351_sHtf9sCPZbA,38,3,61,652,0.0000,vanish
2351_sHtf9sCPZbA,38,2,69,40898,0.0493,vanish
2351_sHtf9sCPZbA,39,2,0,3355,0.0000,vanish
2351_sHtf9sCPZbA,39,2,0,4071,0.0000,vanish
2351_sHtf9sCPZbA,39,3,12,55461,0.0000,vanish
2351_sHtf9sCPZbA,39,2,61,4614,0.0000,vanish
2351_sHtf9sCPZbA,39,1,61,433,0.0000,vanish
2351_sHtf9sCPZbA,39,1,61,1038,0.0000,vanish
2351_sHtf9sCPZbA,39,1,69,12534,0.0000,vanish
2351_sHtf9sCPZbA,40,2,0,5920,0.0000,vanish
2351_sHtf9sCPZbA,40,1,0,561,0.0000,vanish
2351_sHtf9sCPZbA,40,3,12,39009,0.0257,vanish
2351_sHtf9sCPZbA,40,3,61,22595,0.0000,vanish
2351_sHtf9sCPZbA,40,1,69,1013,0.0000,vanish
2351_sHtf9sCPZbA,41,3,0,7739,0.0756,vanish
2351_sHtf9sCPZbA,41,2,12,17474,0.0573,vanish
2351_sHtf9sCPZbA,41,3,61,25464,0.0000,vanish
2351_sHtf9sCPZbA,41,1,69,10515,0.0024,vanish
2351_sHtf9sCPZbA,41,1,69,628,0.0000,vanish
2351_sHtf9sCPZbA,42,2,69,9313,0.0375,vanish
2352_sNnbi4oLRdc,0,3,13,163902,0.0000,vanish
2352_sNnbi4oLRdc,0,3,29,55971,0.0000,vanish
2352_sNnbi4oLRdc,1,3,13,164616,0.0000,vanish
2352_sNnbi4oLRdc,1,3,29,60193,0.0000,vanish
2352_sNnbi4oLRdc,2,4,13,160630,0.0000,vanish
2352_sNnbi4oLRdc,2,4,29,66687,0.0000,vanish
2352_sNnbi4oLRdc,3,3,13,159298,0.0000,vanish
2352_sNnbi4oLRdc,3,3,29,69877,0.0000,vanish
2352_sNnbi4oLRdc,4,3,13,156793,0.0000,vanish
2352_sNnbi4oLRdc,4,3,29,76267,0.0000,vanish
2352_sNnbi4oLRdc,4,1,67,321,0.0000,vanish
2352_sNnbi4oLRdc,4,5,67,27921,0.0000,vanish
2352_sNnbi4oLRdc,5,3,13,175710,0.0000,vanish
2352_sNnbi4oLRdc,5,3,29,77990,0.0000,vanish
2352_sNnbi4oLRdc,5,5,29,7546,0.1687,shrink
2352_sNnbi4oLRdc,5,4,67,36190,0.1002,shrink
2352_sNnbi4oLRdc,6,3,13,179017,0.0000,vanish
2352_sNnbi4oLRdc,6,5,28,30786,0.1939,shrink
2352_sNnbi4oLRdc,6,3,29,84135,0.0000,vanish
2352_sNnbi4oLRdc,6,5,29,23885,0.0634,vanish
2352_sNnbi4oLRdc,7,4,13,173717,0.0000,vanish
2352_sNnbi4oLRdc,7,4,29,90527,0.0000,vanish
2352_sNnbi4oLRdc,7,5,29,41950,0.0377,vanish
2352_sNnbi4oLRdc,7,1,67,916,0.0000,vanish
2352_sNnbi4oLRdc,7,1,67,1840,0.0000,vanish
2352_sNnbi4oLRdc,8,3,13,166817,0.0000,vanish
2352_sNnbi4oLRdc,8,4,29,92261,0.0000,vanish
2352_sNnbi4oLRdc,8,5,29,49012,0.0331,vanish
2352_sNnbi4oLRdc,8,1,61,4781,0.0000,vanish
2352_sNnbi4oLRdc,9,3,13,161555,0.0000,vanish
2352_sNnbi4oLRdc,9,4,29,97829,0.0000,vanish
2352_sNnbi4oLRdc,10,3,13,160822,0.0000,vanish
2352_sNnbi4oLRdc,10,4,29,101236,0.0000,vanish
2352_sNnbi4oLRdc,10,5,67,90475,0.1839,shrink
2352_sNnbi4oLRdc,11,3,13,152226,0.0000,vanish
2352_sNnbi4oLRdc,11,3,28,20531,0.0334,vanish
2352_sNnbi4oLRdc,11,5,29,106819,0.0000,vanish
2352_sNnbi4oLRdc,11,4,67,208259,0.1177,shrink
2352_sNnbi4oLRdc,12,4,13,150362,0.0000,vanish
2352_sNnbi4oLRdc,12,5,19,36431,0.0000,vanish
2352_sNnbi4oLRdc,12,5,28,117324,0.0000,vanish
2352_sNnbi4oLRdc,12,5,29,109956,0.0000,vanish
2352_sNnbi4oLRdc,12,4,67,204436,0.1542,shrink
2352_sNnbi4oLRdc,13,3,13,149320,0.0000,vanish
2352_sNnbi4oLRdc,13,4,19,54815,0.0000,vanish
2352_sNnbi4oLRdc,13,5,28,162638,0.0000,vanish
2352_sNnbi4oLRdc,13,5,29,112858,0.0000,vanish
2352_sNnbi4oLRdc,14,3,13,148821,0.0000,vanish
2352_sNnbi4oLRdc,14,2,13,50182,0.0000,vanish
2352_sNnbi4oLRdc,14,4,19,85480,0.0000,vanish
2352_sNnbi4oLRdc,14,5,28,201874,0.0000,vanish
2352_sNnbi4oLRdc,14,5,29,115688,0.0191,vanish
2352_sNnbi4oLRdc,15,4,13,157232,0.0000,vanish
2352_sNnbi4oLRdc,15,2,13,51417,0.0000,vanish
2352_sNnbi4oLRdc,15,4,19,100298,0.0000,vanish
2352_sNnbi4oLRdc,15,4,28,203441,0.0000,vanish
2352_sNnbi4oLRdc,15,2,28,43904,0.0000,vanish
2352_sNnbi4oLRdc,15,5,29,117137,0.0578,vanish
2352_sNnbi4oLRdc,16,4,13,151284,0.0000,vanish
2352_sNnbi4oLRdc,16,2,13,52469,0.0000,vanish
2352_sNnbi4oLRdc,16,5,28,205292,0.0000,vanish
2352_sNnbi4oLRdc,16,1,28,49371,0.0000,vanish
2352_sNnbi4oLRdc,16,5,29,124750,0.1529,shrink
2352_sNnbi4oLRdc,16,5,67,223870,0.2375,shrink
2352_sNnbi4oLRdc,17,4,13,145523,0.0000,vanish
2352_sNnbi4oLRdc,17,2,13,38062,0.0000,vanish
2352_sNnbi4oLRdc,17,4,28,199301,0.0000,vanish
2352_sNnbi4oLRdc,17,1,28,16676,0.0000,vanish
2352_sNnbi4oLRdc,17,5,29,130255,0.2496,shrink
2352_sNnbi4oLRdc,17,1,67,2206,0.0000,vanish
2352_sNnbi4oLRdc,18,4,13,145083,0.0000,vanish
2352_sNnbi4oLRdc,18,1,13,15353,0.0000,vanish
2352_sNnbi4oLRdc,18,4,28,201548,0.0000,vanish
2352_sNnbi4oLRdc,18,1,28,4130,0.0000,vanish
2352_sNnbi4oLRdc,19,5,13,143866,0.0000,vanish
2352_sNnbi4oLRdc,19,3,28,171563,0.0000,vanish
2352_sNnbi4oLRdc,19,5,67,560955,0.1729,shrink
2352_sNnbi4oLRdc,20,4,13,142593,0.0000,vanish
2352_sNnbi4oLRdc,20,3,28,150602,0.0000,vanish
2352_sNnbi4oLRdc,20,3,67,153727,0.0000,vanish
2352_sNnbi4oLRdc,20,5,67,359447,0.2199,shrink
2352_sNnbi4oLRdc,21,5,13,141914,0.0000,vanish
2352_sNnbi4oLRdc,21,3,28,106224,0.0000,vanish
2352_sNnbi4oLRdc,21,3,67,151985,0.0000,vanish
2352_sNnbi4oLRdc,21,5,67,241563,0.0292,vanish
2352_sNnbi4oLRdc,22,1,13,1093,0.0000,vanish
2352_sNnbi4oLRdc,22,5,13,144809,0.0071,vanish
2352_sNnbi4oLRdc,22,2,28,62469,0.0000,vanish
2352_sNnbi4oLRdc,22,4,67,155167,0.0000,vanish
2352_sNnbi4oLRdc,22,5,67,163213,0.0079,vanish
2352_sNnbi4oLRdc,23,5,13,145754,0.0176,vanish
2352_sNnbi4oLRdc,23,1,28,41620,0.0000,vanish
2352_sNnbi4oLRdc,23,3,67,155545,0.0000,vanish
2352_sNnbi4oLRdc,23,4,67,133779,0.0051,vanish
2352_sNnbi4oLRdc,24,2,13,5528,0.0000,vanish
2352_sNnbi4oLRdc,24,5,13,147720,0.0387,vanish
2352_sNnbi4oLRdc,24,4,67,158672,0.0000,vanish
2352_sNnbi4oLRdc,24,3,67,60972,0.0000,vanish
2352_sNnbi4oLRdc,25,2,13,5956,0.0000,vanish
2352_sNnbi4oLRdc,25,5,13,144763,0.0529,vanish
2352_sNnbi4oLRdc,25,4,67,161741,0.0000,vanish
2352_sNnbi4oLRdc,25,2,67,48617,0.0000,vanish
2352_sNnbi4oLRdc,26,2,13,8561,0.0000,vanish
2352_sNnbi4oLRdc,26,5,13,148288,0.0623,vanish
2352_sNnbi4oLRdc,26,5,67,163955,0.0000,vanish
2352_sNnbi4oLRdc,26,1,67,2172,0.0000,vanish
2352_sNnbi4oLRdc,27,3,13,9161,0.0000,vanish
2352_sNnbi4oLRdc,27,5,13,143941,0.0822,vanish
2352_sNnbi4oLRdc,27,5,28,48496,0.2077,shrink
2352_sNnbi4oLRdc,27,5,67,167833,0.0000,vanish
2352_sNnbi4oLRdc,28,3,13,8514,0.0000,vanish
2352_sNnbi4oLRdc,28,5,13,146938,0.0975,vanish
2352_sNnbi4oLRdc,28,5,67,172126,0.0007,vanish
2352_sNnbi4oLRdc,29,3,13,8524,0.0000,vanish
2352_sNnbi4oLRdc,29,5,13,144453,0.1160,shrink
2352_sNnbi4oLRdc,29,5,67,173612,0.0066,vanish
2352_sNnbi4oLRdc,30,5,13,12648,0.0063,vanish
2352_sNnbi4oLRdc,30,5,13,144125,0.1255,shrink
2352_sNnbi4oLRdc,30,5,28,379797,0.2247,shrink
2352_sNnbi4oLRdc,30,5,67,174075,0.0048,vanish
2352_sNnbi4oLRdc,31,5,13,9695,0.0984,vanish
2352_sNnbi4oLRdc,31,5,28,326111,0.1221,shrink
2352_sNnbi4oLRdc,31,5,67,177279,0.0888,vanish
2352_sNnbi4oLRdc,32,5,13,8540,0.1200,shrink
2352_sNnbi4oLRdc,32,5,19,20651,0.1920,shrink
2352_sNnbi4oLRdc,32,5,28,199646,0.0000,vanish
2352_sNnbi4oLRdc,32,5,67,180109,0.1793,shrink
2352_sNnbi4oLRdc,33,4,13,9810,0.1068,shrink
2352_sNnbi4oLRdc,33,5,19,19590,0.1294,shrink
2352_sNnbi4oLRdc,33,4,28,176003,0.0000,vanish
2352_sNnbi4oLRdc,33,5,67,179672,0.2224,shrink
2352_sNnbi4oLRdc,34,3,13,7440,0.1426,shrink
2352_sNnbi4oLRdc,34,5,13,42235,0.2295,shrink
2352_sNnbi4oLRdc,34,5,19,15908,0.0013,vanish
2352_sNnbi4oLRdc,34,3,28,122602,0.0000,vanish
2352_sNnbi4oLRdc,34,5,29,34844,0.1958,shrink
2352_sNnbi4oLRdc,35,5,13,47314,0.2341,shrink
2352_sNnbi4oLRdc,35,5,13,42450,0.1292,shrink
2352_sNnbi4oLRdc,35,5,19,14154,0.0000,vanish
2352_sNnbi4oLRdc,35,2,28,96421,0.0000,vanish
2352_sNnbi4oLRdc,35,5,29,30474,0.1480,shrink
2352_sNnbi4oLRdc,36,5,13,46473,0.1294,shrink
2352_sNnbi4oLRdc,36,5,13,45820,0.0281,vanish
2352_sNnbi4oLRdc,36,4,19,10835,0.0000,vanish
2352_sNnbi4oLRdc,36,1,28,42530,0.0000,vanish
2352_sNnbi4oLRdc,36,5,28,8445,0.1531,shrink
2352_sNnbi4oLRdc,36,5,29,22630,0.0543,vanish
2352_sNnbi4oLRdc,36,5,29,209443,0.1720,shrink
2352_sNnbi4oLRdc,37,5,13,153390,0.1747,shrink
2352_sNnbi4oLRdc,37,5,13,47742,0.0398,vanish
2352_sNnbi4oLRdc,37,5,13,42955,0.0005,vanish
2352_sNnbi4oLRdc,37,3,19,7634,0.0000,vanish
2352_sNnbi4oLRdc,37,5,28,6446,0.0017,vanish
2352_sNnbi4oLRdc,37,5,29,15847,0.0000,vanish
2352_sNnbi4oLRdc,37,5,29,204768,0.0000,vanish
2352_sNnbi4oLRdc,38,5,13,1430,0.0210,vanish
2352_sNnbi4oLRdc,38,5,13,154792,0.0000,vanish
2352_sNnbi4oLRdc,38,5,13,47763,0.0292,vanish
2352_sNnbi4oLRdc,38,5,13,45466,0.0000,vanish
2352_sNnbi4oLRdc,38,2,19,5743,0.0000,vanish
2352_sNnbi4oLRdc,38,5,28,5701,0.0000,vanish
2352_sNnbi4oLRdc,38,4,29,12945,0.0000,vanish
2352_sNnbi4oLRdc,38,4,29,179562,0.0000,vanish
2352_sNnbi4oLRdc,39,5,13,3126,0.0000,vanish
2352_sNnbi4oLRdc,39,4,13,158097,0.0000,vanish
2352_sNnbi4oLRdc,39,5,13,48998,0.0051,vanish
2352_sNnbi4oLRdc,39,5,13,44255,0.0000,vanish
2352_sNnbi4oLRdc,39,2,19,2119,0.0000,vanish
2352_sNnbi4oLRdc,39,4,28,3784,0.0000,vanish
2352_sNnbi4oLRdc,39,3,29,7219,0.0000,vanish
2352_sNnbi4oLRdc,39,3,29,134200,0.0000,vanish
2352_sNnbi4oLRdc,40,4,13,988,0.0000,vanish
2352_sNnbi4oLRdc,40,3,13,160520,0.0000,vanish
2352_sNnbi4oLRdc,40,4,13,46811,0.0162,vanish
2352_sNnbi4oLRdc,40,4,13,42961,0.0000,vanish
2352_sNnbi4oLRdc,40,3,28,2946,0.0000,vanish
2352_sNnbi4oLRdc,40,2,29,4668,0.0000,vanish
2352_sNnbi4oLRdc,40,2,29,107264,0.0000,vanish
2352_sNnbi4oLRdc,41,3,13,4037,0.0079,vanish
2352_sNnbi4oLRdc,41,2,13,166112,0.0000,vanish
2352_sNnbi4oLRdc,41,3,13,50454,0.0874,vanish
2352_sNnbi4oLRdc,41,3,13,44787,0.0138,vanish
2352_sNnbi4oLRdc,41,2,28,1357,0.0000,vanish
2352_sNnbi4oLRdc,41,1,29,51921,0.0000,vanish
2352_sNnbi4oLRdc,41,1,29,1398,0.0000,vanish
2352_sNnbi4oLRdc,42,2,13,3989,0.0000,vanish
2352_sNnbi4oLRdc,42,1,13,48690,0.0000,vanish
2352_sNnbi4oLRdc,42,2,13,46724,0.1848,shrink
2352_sNnbi4oLRdc,43,1,13,5784,0.0035,vanish
2368_x3rgdHiDN7U,0,5,8,8118,0.0641,vanish
2368_x3rgdHiDN7U,0,5,15,34610,0.2142,shrink
2368_x3rgdHiDN7U,1,5,8,5016,0.0197,vanish
2368_x3rgdHiDN7U,1,5,15,27448,0.1710,shrink
2368_x3rgdHiDN7U,1,4,15,12955,0.0077,vanish
2368_x3rgdHiDN7U,2,4,8,4115,0.0262,vanish
2368_x3rgdHiDN7U,2,5,15,22640,0.0795,vanish
2368_x3rgdHiDN7U,2,3,15,11366,0.0056,vanish
2368_x3rgdHiDN7U,3,3,8,2078,0.0019,vanish
2368_x3rgdHiDN7U,3,5,15,17826,0.0008,vanish
2368_x3rgdHiDN7U,3,2,15,9571,0.1421,shrink
2368_x3rgdHiDN7U,3,4,15,417,0.1775,shrink
2368_x3rgdHiDN7U,4,2,8,1455,0.0041,vanish
2368_x3rgdHiDN7U,4,5,15,12477,0.0000,vanish
2368_x3rgdHiDN7U,4,5,15,9475,0.0004,vanish
2368_x3rgdHiDN7U,4,5,15,1314,0.0000,vanish
2368_x3rgdHiDN7U,5,1,8,340,0.0000,vanish
2368_x3rgdHiDN7U,5,4,15,7414,0.0000,vanish
2368_x3rgdHiDN7U,5,4,15,2038,0.0000,vanish
2368_x3rgdHiDN7U,5,3,15,780,0.0000,vanish
2368_x3rgdHiDN7U,6,3,15,4694,0.0000,vanish
2368_x3rgdHiDN7U,6,5,15,15953,0.0905,vanish
2368_x3rgdHiDN7U,6,3,15,2478,0.0000,vanish
2368_x3rgdHiDN7U,7,2,15,1800,0.0000,vanish
2368_x3rgdHiDN7U,7,5,15,21455,0.1327,shrink
2368_x3rgdHiDN7U,8,4,15,18468,0.1665,shrink
2368_x3rgdHiDN7U,8,1,15,352,0.0000,vanish
2368_x3rgdHiDN7U,9,2,15,327,0.0000,vanish
2368_x3rgdHiDN7U,10,1,15,764,0.0000,vanish
2368_x3rgdHiDN7U,12,5,15,29166,0.0561,vanish
2368_x3rgdHiDN7U,12,4,15,669,0.0000,vanish
2368_x3rgdHiDN7U,13,4,15,7199,0.0000,vanish
2368_x3rgdHiDN7U,13,4,15,1170,0.0000,vanish
2368_x3rgdHiDN7U,14,3,15,6282,0.0000,vanish
2368_x3rgdHiDN7U,14,3,15,2119,0.0000,vanish
2368_x3rgdHiDN7U,15,2,15,11173,0.0000,vanish
2368_x3rgdHiDN7U,15,2,15,3348,0.0000,vanish
2368_x3rgdHiDN7U,16,1,15,5187,0.0000,vanish
2368_x3rgdHiDN7U,16,1,15,845,0.0000,vanish
2368_x3rgdHiDN7U,17,1,15,677,0.0000,vanish
2368_x3rgdHiDN7U,19,5,65,880,0.0000,vanish
2368_x3rgdHiDN7U,20,5,8,803,0.0000,vanish
2368_x3rgdHiDN7U,21,5,65,2795,0.0000,vanish
2368_x3rgdHiDN7U,22,4,15,1084,0.0000,vanish
2368_x3rgdHiDN7U,22,5,65,3837,0.0000,vanish
2368_x3rgdHiDN7U,23,3,15,707,0.0000,vanish
2368_x3rgdHiDN7U,23,4,65,4786,0.0000,vanish
2368_x3rgdHiDN7U,24,3,65,6472,0.0000,vanish
2368_x3rgdHiDN7U,25,3,65,7216,0.0000,vanish
2368_x3rgdHiDN7U,26,4,65,8733,0.0007,vanish
2368_x3rgdHiDN7U,30,5,15,1947,0.0272,vanish
2368_x3rgdHiDN7U,31,4,15,2805,0.0353,vanish
2368_x3rgdHiDN7U,32,3,15,3038,0.2307,shrink
2368_x3rgdHiDN7U,38,5,15,1421,0.0000,vanish
2368_x3rgdHiDN7U,39,5,15,2994,0.1293,shrink
2368_x3rgdHiDN7U,40,5,15,7052,0.2408,shrink
2368_x3rgdHiDN7U,40,4,15,4526,0.1852,shrink
2368_x3rgdHiDN7U,43,5,15,8814,0.0993,vanish
2368_x3rgdHiDN7U,44,5,15,8890,0.1531,shrink
2368_x3rgdHiDN7U,44,5,15,8403,0.0000,vanish
2368_x3rgdHiDN7U,45,5,15,9986,0.0105,vanish
2368_x3rgdHiDN7U,45,4,15,9373,0.0000,vanish
2368_x3rgdHiDN7U,46,5,15,7931,0.0000,vanish
2368_x3rgdHiDN7U,46,3,15,10054,0.0059,vanish
2368_x3rgdHiDN7U,47,2,15,10534,0.0613,vanish
2368_x3rgdHiDN7U,47,2,15,5181,0.0000,vanish
2368_x3rgdHiDN7U,48,5,15,26339,0.1476,shrink
2368_x3rgdHiDN7U,48,2,15,5343,0.1430,shrink
2368_x3rgdHiDN7U,48,1,15,791,0.0000,vanish
2368_x3rgdHiDN7U,48,1,15,379,0.0000,vanish
2368_x3rgdHiDN7U,49,5,15,28166,0.1071,shrink
2368_x3rgdHiDN7U,49,1,15,2401,0.1958,shrink
2368_x3rgdHiDN7U,50,5,15,31893,0.0799,vanish
2368_x3rgdHiDN7U,50,5,15,2554,0.0368,vanish
2368_x3rgdHiDN7U,51,5,15,7412,0.2466,shrink
2368_x3rgdHiDN7U,51,5,15,32488,0.0185,vanish
2368_x3rgdHiDN7U,51,4,15,7417,0.2353,shrink
2368_x3rgdHiDN7U,52,5,15,5651,0.1929,shrink
2368_x3rgdHiDN7U,52,3,15,13378,0.2003,shrink
2368_x3rgdHiDN7U,53,5,15,4112,0.1846,shrink
2368_x3rgdHiDN7U,53,2,15,13930,0.2243,shrink
2368_x3rgdHiDN7U,54,5,15,3365,0.0000,vanish
2368_x3rgdHiDN7U,55,4,15,2870,0.0000,vanish
2368_x3rgdHiDN7U,55,1,15,1073,0.0186,vanish
2368_x3rgdHiDN7U,56,3,15,1828,0.0000,vanish
2368_x3rgdHiDN7U,56,1,15,1320,0.0000,vanish
2368_x3rgdHiDN7U,56,3,15,471,0.1019,shrink
2368_x3rgdHiDN7U,56,2,65,491,0.0000,vanish
2368_x3rgdHiDN7U,57,2,15,1090,0.0000,vanish
2368_x3rgdHiDN7U,57,1,65,422,0.0000,vanish
2368_x3rgdHiDN7U,58,1,15,759,0.0000,vanish
2370_xe5GXsP9zvo,5,5,19,1163,0.1092,shrink
2370_xe5GXsP9zvo,7,3,19,878,0.0752,vanish
2370_xe5GXsP9zvo,7,5,61,2824,0.0000,vanish
2370_xe5GXsP9zvo,8,4,61,2894,0.0000,vanish
2370_xe5GXsP9zvo,9,3,61,2345,0.0000,vanish
2370_xe5GXsP9zvo,10,2,61,2401,0.0000,vanish
2370_xe5GXsP9zvo,11,1,61,1510,0.0000,vanish
2370_xe5GXsP9zvo,15,5,15,15897,0.2136,shrink
2370_xe5GXsP9zvo,16,5,15,15524,0.0000,vanish
2370_xe5GXsP9zvo,16,5,19,4333,0.0000,vanish
2370_xe5GXsP9zvo,17,4,15,14434,0.0000,vanish
2370_xe5GXsP9zvo,17,4,19,4294,0.0000,vanish
2370_xe5GXsP9zvo,18,3,15,12414,0.0000,vanish
2370_xe5GXsP9zvo,18,3,19,1973,0.0000,vanish
2370_xe5GXsP9zvo,19,2,15,10680,0.0000,vanish
2370_xe5GXsP9zvo,19,2,19,1902,0.0000,vanish
2370_xe5GXsP9zvo,20,1,15,3722,0.0000,vanish
2370_xe5GXsP9zvo,20,1,19,1634,0.0000,vanish
2370_xe5GXsP9zvo,22,5,22,17467,0.2094,shrink
2370_xe5GXsP9zvo,24,5,52,3821,0.1610,shrink
2370_xe5GXsP9zvo,25,4,52,3634,0.1679,shrink
2370_xe5GXsP9zvo,26,3,52,3200,0.1903,shrink
2371_xkIDA1g5utU,8,5,75,4767,0.0029,vanish
2371_xkIDA1g5utU,9,5,75,3372,0.0000,vanish
2371_xkIDA1g5utU,10,5,75,1685,0.0000,vanish
2371_xkIDA1g5utU,11,4,75,1535,0.0000,vanish
2371_xkIDA1g5utU,12,3,75,1872,0.0000,vanish
2371_xkIDA1g5utU,13,2,75,2950,0.0000,vanish
2372_xnPdCXYob_U,15,1,38,1160,0.0000,vanish
2372_xnPdCXYob_U,32,5,31,12999,0.1759,shrink
2372_xnPdCXYob_U,33,5,31,10744,0.0316,vanish
2372_xnPdCXYob_U,34,5,31,8524,0.0000,vanish
2372_xnPdCXYob_U,35,4,31,5635,0.0000,vanish
2372_xnPdCXYob_U,36,3,31,3758,0.0000,vanish
2372_xnPdCXYob_U,37,2,31,2286,0.0000,vanish
2372_xnPdCXYob_U,38,1,31,339,0.0000,vanish
2372_xnPdCXYob_U,45,5,31,2481,0.1225,shrink
2372_xnPdCXYob_U,46,5,31,1957,0.0000,vanish
2372_xnPdCXYob_U,47,4,31,1842,0.0000,vanish
2372_xnPdCXYob_U,48,3,31,1667,0.0000,vanish
2372_xnPdCXYob_U,49,2,31,1457,0.0000,vanish
2372_xnPdCXYob_U,50,1,31,903,0.0000,vanish
2372_xnPdCXYob_U,52,5,31,3599,0.1217,shrink
2372_xnPdCXYob_U,53,5,31,3096,0.0000,vanish
2372_xnPdCXYob_U,54,4,31,3444,0.0000,vanish
2372_xnPdCXYob_U,55,3,31,2681,0.0000,vanish
2372_xnPdCXYob_U,56,2,31,2143,0.0000,vanish
2372_xnPdCXYob_U,57,1,31,587,0.0000,vanish
2373_y1irKODFDGo,0,5,13,2162,0.1660,shrink
2373_y1irKODFDGo,1,5,13,2076,0.1691,shrink
2373_y1irKODFDGo,2,5,13,2013,0.1754,shrink
2373_y1irKODFDGo,3,5,13,1986,0.1732,shrink
2373_y1irKODFDGo,4,5,13,1983,0.1987,shrink
2373_y1irKODFDGo,5,5,13,1976,0.1781,shrink
2373_y1irKODFDGo,6,5,13,2027,0.1391,shrink
2373_y1irKODFDGo,7,5,13,1993,0.1259,shrink
2373_y1irKODFDGo,8,5,13,1950,0.1328,shrink
2373_y1irKODFDGo,9,5,13,2083,0.1219,shrink
2373_y1irKODFDGo,10,5,13,2013,0.1167,shrink
2373_y1irKODFDGo,11,5,13,1996,0.1072,shrink
2373_y1irKODFDGo,12,5,13,1973,0.0912,vanish
2373_y1irKODFDGo,13,5,13,1989,0.0744,vanish
2373_y1irKODFDGo,14,5,13,2046,0.0894,vanish
2373_y1irKODFDGo,15,5,13,1948,0.0868,vanish
2373_y1irKODFDGo,16,5,13,2115,0.0870,vanish
2373_y1irKODFDGo,17,5,13,2051,0.1000,vanish
2373_y1irKODFDGo,18,5,13,2086,0.1270,shrink
2373_y1irKODFDGo,19,5,13,2086,0.1294,shrink
2373_y1irKODFDGo,20,5,13,2043,0.1371,shrink
2373_y1irKODFDGo,21,5,13,2037,0.1483,shrink
2373_y1irKODFDGo,22,5,13,2176,0.1301,shrink
2373_y1irKODFDGo,23,5,13,2152,0.1241,shrink
2373_y1irKODFDGo,24,5,13,2158,0.1057,shrink
2373_y1irKODFDGo,25,5,13,2187,0.0864,vanish
2373_y1irKODFDGo,26,5,13,2225,0.0701,vanish
2373_y1irKODFDGo,27,5,13,2268,0.0525,vanish
2373_y1irKODFDGo,28,5,13,2293,0.0222,vanish
2373_y1irKODFDGo,29,5,13,2284,0.0127,vanish
2373_y1irKODFDGo,30,5,13,2329,0.0060,vanish
2373_y1irKODFDGo,31,5,13,2315,0.0000,vanish
2373_y1irKODFDGo,32,5,13,2219,0.0000,vanish
2373_y1irKODFDGo,33,5,13,2236,0.0000,vanish
2373_y1irKODFDGo,34,5,13,2291,0.0000,vanish
2373_y1irKODFDGo,35,5,13,2255,0.0000,vanish
2373_y1irKODFDGo,36,5,13,2239,0.0018,vanish
2373_y1irKODFDGo,37,5,13,2267,0.0194,vanish
2373_y1irKODFDGo,38,5,13,2234,0.0291,vanish
2373_y1irKODFDGo,39,5,13,2321,0.0547,vanish
2373_y1irKODFDGo,40,5,13,2306,0.0759,vanish
2373_y1irKODFDGo,41,5,13,2373,0.1087,shrink
2373_y1irKODFDGo,42,5,13,2356,0.1329,shrink
2373_y1irKODFDGo,43,5,13,2304,0.1380,shrink
2373_y1irKODFDGo,44,5,13,2235,0.1611,shrink
2373_y1irKODFDGo,45,5,13,2282,0.1766,shrink
2374_yDxHqqhZI0Q,12,5,2,550,0.0709,vanish
2374_yDxHqqhZI0Q,20,5,104,5027,0.2248,shrink
2374_yDxHqqhZI0Q,21,5,104,4438,0.1521,shrink
2374_yDxHqqhZI0Q,22,5,104,3259,0.0000,vanish
2374_yDxHqqhZI0Q,23,4,104,2372,0.0000,vanish
2374_yDxHqqhZI0Q,24,3,104,2046,0.0000,vanish
2374_yDxHqqhZI0Q,25,2,104,1134,0.0000,vanish
2374_yDxHqqhZI0Q,26,1,104,675,0.0000,vanish
2374_yDxHqqhZI0Q,28,5,60,1299,0.1139,shrink
2374_yDxHqqhZI0Q,28,5,60,1274,0.0934,vanish
2374_yDxHqqhZI0Q,29,5,60,1120,0.0134,vanish
2374_yDxHqqhZI0Q,29,5,60,1419,0.1276,shrink
2374_yDxHqqhZI0Q,30,5,60,862,0.0000,vanish
2374_yDxHqqhZI0Q,31,4,60,649,0.0000,vanish
2374_yDxHqqhZI0Q,32,3,60,394,0.0000,vanish
2374_yDxHqqhZI0Q,33,5,107,1532,0.0646,vanish
2374_yDxHqqhZI0Q,34,5,107,1349,0.0000,vanish
2374_yDxHqqhZI0Q,35,4,107,991,0.0000,vanish
2374_yDxHqqhZI0Q,36,5,107,5783,0.2224,shrink
2374_yDxHqqhZI0Q,36,3,107,901,0.0000,vanish
2374_yDxHqqhZI0Q,37,5,2,6006,0.1019,shrink
2374_yDxHqqhZI0Q,37,5,107,4548,0.1317,shrink
2374_yDxHqqhZI0Q,37,2,107,553,0.0000,vanish
2374_yDxHqqhZI0Q,38,5,2,5404,0.0000,vanish
2374_yDxHqqhZI0Q,38,5,107,2954,0.0687,vanish
2374_yDxHqqhZI0Q,39,4,2,4751,0.0000,vanish
2374_yDxHqqhZI0Q,39,5,107,2287,0.0219,vanish
2374_yDxHqqhZI0Q,40,3,2,2739,0.0000,vanish
2374_yDxHqqhZI0Q,40,4,107,1603,0.0312,vanish
2374_yDxHqqhZI0Q,41,2,2,1930,0.0000,vanish
2374_yDxHqqhZI0Q,41,3,107,1286,0.0389,vanish
2374_yDxHqqhZI0Q,42,1,2,669,0.0000,vanish
2374_yDxHqqhZI0Q,42,2,107,599,0.0835,vanish
2375_yFZLkzU8Hw4,0,3,20,36023,0.0000,vanish
2375_yFZLkzU8Hw4,0,4,61,155589,0.0260,vanish
2375_yFZLkzU8Hw4,0,3,65,88914,0.0338,vanish
2375_yFZLkzU8Hw4,1,5,16,257939,0.2474,shrink
2375_yFZLkzU8Hw4,1,2,20,25702,0.0000,vanish
2375_yFZLkzU8Hw4,1,5,61,245250,0.1411,shrink
2375_yFZLkzU8Hw4,1,5,65,3756,0.1070,shrink
2375_yFZLkzU8Hw4,1,2,65,16477,0.0000,vanish
2375_yFZLkzU8Hw4,2,5,16,239094,0.1760,shrink
2375_yFZLkzU8Hw4,2,1,20,7903,0.0000,vanish
2375_yFZLkzU8Hw4,2,5,61,258865,0.1576,shrink
2375_yFZLkzU8Hw4,2,5,65,4038,0.0315,vanish
2375_yFZLkzU8Hw4,2,1,65,7834,0.0000,vanish
2375_yFZLkzU8Hw4,3,5,16,160124,0.1260,shrink
2375_yFZLkzU8Hw4,3,5,65,3719,0.0005,vanish
2375_yFZLkzU8Hw4,3,3,65,13723,0.0000,vanish
2375_yFZLkzU8Hw4,4,4,16,115378,0.1711,shrink
2375_yFZLkzU8Hw4,4,1,20,718,0.0000,vanish
2375_yFZLkzU8Hw4,5,3,16,100130,0.1799,shrink
2375_yFZLkzU8Hw4,5,5,65,4049,0.0000,vanish
2375_yFZLkzU8Hw4,6,5,16,29036,0.0566,vanish
2375_yFZLkzU8Hw4,7,4,16,41648,0.0375,vanish
2375_yFZLkzU8Hw4,8,5,16,66517,0.2417,shrink
2375_yFZLkzU8Hw4,8,5,67,16151,0.2384,shrink
2375_yFZLkzU8Hw4,13,5,16,10960,0.0000,vanish
2375_yFZLkzU8Hw4,14,4,16,13996,0.0000,vanish
2375_yFZLkzU8Hw4,15,3,16,14557,0.0000,vanish
2375_yFZLkzU8Hw4,16,2,16,5583,0.0000,vanish
2375_yFZLkzU8Hw4,17,1,16,3330,0.0000,vanish
2375_yFZLkzU8Hw4,18,5,20,19132,0.0000,vanish
2375_yFZLkzU8Hw4,19,4,20,17483,0.0000,vanish
2375_yFZLkzU8Hw4,19,5,65,4546,0.0000,vanish
2375_yFZLkzU8Hw4,20,3,20,15071,0.0000,vanish
2375_yFZLkzU8Hw4,20,3,65,2055,0.0000,vanish
2375_yFZLkzU8Hw4,21,5,16,60572,0.1948,shrink
2375_yFZLkzU8Hw4,21,2,20,4260,0.0000,vanish
2375_yFZLkzU8Hw4,21,5,29,900,0.1800,shrink
2375_yFZLkzU8Hw4,21,2,65,1145,0.0000,vanish
2375_yFZLkzU8Hw4,22,5,16,69621,0.0777,vanish
2375_yFZLkzU8Hw4,22,2,16,1533,0.0000,vanish
2375_yFZLkzU8Hw4,22,4,29,972,0.2346,shrink
2375_yFZLkzU8Hw4,22,2,65,3542,0.0000,vanish
2375_yFZLkzU8Hw4,23,5,16,50069,0.0000,vanish
2375_yFZLkzU8Hw4,23,2,16,5409,0.0000,vanish
2375_yFZLkzU8Hw4,23,3,16,4931,0.0000,vanish
2375_yFZLkzU8Hw4,23,3,29,492,0.1829,shrink
2375_yFZLkzU8Hw4,23,1,65,12515,0.0000,vanish
2375_yFZLkzU8Hw4,24,4,16,45049,0.0000,vanish
2375_yFZLkzU8Hw4,24,5,29,418,0.2344,shrink
2375_yFZLkzU8Hw4,25,3,16,39370,0.0000,vanish
2375_yFZLkzU8Hw4,25,5,61,375758,0.1178,shrink
2375_yFZLkzU8Hw4,26,2,16,13327,0.0000,vanish
2375_yFZLkzU8Hw4,26,5,61,370219,0.0951,vanish
2375_yFZLkzU8Hw4,26,1,65,1330,0.0000,vanish
2375_yFZLkzU8Hw4,27,1,16,5410,0.0000,vanish
2375_yFZLkzU8Hw4,27,5,20,69124,0.2300,shrink
2375_yFZLkzU8Hw4,27,5,29,462,0.0000,vanish
2375_yFZLkzU8Hw4,27,5,61,344064,0.1115,shrink
2375_yFZLkzU8Hw4,28,5,20,45190,0.0507,vanish
2375_yFZLkzU8Hw4,28,5,61,266967,0.1815,shrink
2375_yFZLkzU8Hw4,29,5,20,33050,0.0029,vanish
2375_yFZLkzU8Hw4,30,5,20,13616,0.0000,vanish
2375_yFZLkzU8Hw4,30,2,29,21553,0.1518,shrink
2375_yFZLkzU8Hw4,31,4,20,7409,0.0000,vanish
2375_yFZLkzU8Hw4,32,3,20,5551,0.0000,vanish
2375_yFZLkzU8Hw4,32,5,61,148807,0.2196,shrink
2375_yFZLkzU8Hw4,33,2,20,3013,0.0119,vanish
2375_yFZLkzU8Hw4,33,5,61,149010,0.0291,vanish
2375_yFZLkzU8Hw4,34,1,20,2039,0.0177,vanish
2375_yFZLkzU8Hw4,34,5,61,140846,0.0000,vanish
2375_yFZLkzU8Hw4,35,4,61,123621,0.0000,vanish
2375_yFZLkzU8Hw4,36,3,61,60553,0.0000,vanish
2375_yFZLkzU8Hw4,36,1,61,317,0.0000,vanish
2375_yFZLkzU8Hw4,37,2,61,37128,0.0000,vanish
2375_yFZLkzU8Hw4,38,5,20,95890,0.2246,shrink
2375_yFZLkzU8Hw4,38,1,61,4332,0.0000,vanish
2375_yFZLkzU8Hw4,40,4,16,312,0.0000,vanish
2375_yFZLkzU8Hw4,41,3,16,1848,0.0000,vanish
2375_yFZLkzU8Hw4,41,5,20,46582,0.2295,shrink
2375_yFZLkzU8Hw4,41,4,20,2274,0.0000,vanish
2375_yFZLkzU8Hw4,42,2,16,1940,0.0000,vanish
2375_yFZLkzU8Hw4,42,5,20,43499,0.1409,shrink
2375_yFZLkzU8Hw4,42,3,20,4230,0.0000,vanish
2375_yFZLkzU8Hw4,43,1,16,1961,0.0000,vanish
2375_yFZLkzU8Hw4,43,5,20,44088,0.0913,vanish
2375_yFZLkzU8Hw4,43,2,20,9601,0.0000,vanish
2375_yFZLkzU8Hw4,43,2,20,5437,0.0000,vanish
2375_yFZLkzU8Hw4,44,3,20,43340,0.0921,vanish
2375_yFZLkzU8Hw4,44,1,20,3188,0.0000,vanish
2375_yFZLkzU8Hw4,44,1,20,2648,0.0000,vanish
2375_yFZLkzU8Hw4,45,2,20,28205,0.1762,shrink
2375_yFZLkzU8Hw4,45,3,20,2399,0.0000,vanish
2375_yFZLkzU8Hw4,46,4,65,1259,0.0000,vanish
2375_yFZLkzU8Hw4,49,2,65,2855,0.0000,vanish
2375_yFZLkzU8Hw4,50,3,20,411,0.0000,vanish
2375_yFZLkzU8Hw4,51,2,20,729,0.0000,vanish
2375_yFZLkzU8Hw4,52,1,0,35819,0.0000,vanish
2375_yFZLkzU8Hw4,52,3,20,7698,0.0004,vanish
2375_yFZLkzU8Hw4,53,2,20,2356,0.0000,vanish
2375_yFZLkzU8Hw4,54,2,0,2594,0.0000,vanish
2375_yFZLkzU8Hw4,54,1,20,1193,0.0000,vanish
2375_yFZLkzU8Hw4,55,5,0,13752,0.0000,vanish
2375_yFZLkzU8Hw4,56,4,0,20514,0.0000,vanish
2375_yFZLkzU8Hw4,56,1,20,1376,0.0138,vanish
2375_yFZLkzU8Hw4,57,3,0,21316,0.0000,vanish
2375_yFZLkzU8Hw4,61,5,20,21090,0.2154,shrink
2375_yFZLkzU8Hw4,62,5,20,20904,0.1815,shrink
2375_yFZLkzU8Hw4,63,4,20,18567,0.1879,shrink
2375_yFZLkzU8Hw4,64,3,20,15482,0.1966,shrink
2375_yFZLkzU8Hw4,65,5,20,8192,0.1942,shrink
2375_yFZLkzU8Hw4,66,5,20,5452,0.0000,vanish
2375_yFZLkzU8Hw4,66,2,20,3473,0.0000,vanish
2375_yFZLkzU8Hw4,67,1,20,663,0.0000,vanish
2375_yFZLkzU8Hw4,69,5,20,31917,0.2324,shrink
2375_yFZLkzU8Hw4,70,4,20,26002,0.1082,shrink
2375_yFZLkzU8Hw4,71,3,20,18763,0.0309,vanish
2375_yFZLkzU8Hw4,72,2,16,5308,0.0663,vanish
2375_yFZLkzU8Hw4,72,2,20,15655,0.0402,vanish
2376_yM5SOiZspBs,17,2,14,941,0.0000,vanish
2376_yM5SOiZspBs,18,1,14,435,0.0000,vanish
2376_yM5SOiZspBs,24,5,14,6718,0.2428,shrink
2376_yM5SOiZspBs,25,3,2,1365,0.0000,vanish
2376_yM5SOiZspBs,26,2,2,637,0.0000,vanish
2376_yM5SOiZspBs,27,1,2,393,0.0000,vanish
2376_yM5SOiZspBs,38,5,14,610,0.0066,vanish
2376_yM5SOiZspBs,39,5,14,593,0.0000,vanish
2376_yM5SOiZspBs,40,4,14,461,0.0000,vanish
2377_ydyvAyS8Uzw,14,5,61,2160,0.1889,shrink
2377_ydyvAyS8Uzw,15,4,61,2068,0.1973,shrink
2377_ydyvAyS8Uzw,16,3,61,1929,0.2115,shrink
2377_ydyvAyS8Uzw,17,2,61,1669,0.2445,shrink
2377_ydyvAyS8Uzw,18,5,61,1372,0.2114,shrink
2377_ydyvAyS8Uzw,22,3,61,707,0.0000,vanish
2377_ydyvAyS8Uzw,25,5,16,13666,0.2230,shrink
2377_ydyvAyS8Uzw,26,4,16,13024,0.2022,shrink
2377_ydyvAyS8Uzw,27,4,16,12790,0.1776,shrink
2377_ydyvAyS8Uzw,27,5,67,23415,0.1423,shrink
2377_ydyvAyS8Uzw,28,3,16,13398,0.1906,shrink
2377_ydyvAyS8Uzw,28,5,67,20468,0.0125,vanish
2377_ydyvAyS8Uzw,29,3,16,13416,0.1701,shrink
2377_ydyvAyS8Uzw,29,5,16,14734,0.2306,shrink
2377_ydyvAyS8Uzw,29,5,67,15433,0.0000,vanish
2377_ydyvAyS8Uzw,29,4,67,5901,0.0000,vanish
2377_ydyvAyS8Uzw,30,3,16,14481,0.1850,shrink
2377_ydyvAyS8Uzw,30,5,16,15431,0.2263,shrink
2377_ydyvAyS8Uzw,30,4,67,13741,0.0000,vanish
2377_ydyvAyS8Uzw,30,3,67,4599,0.0000,vanish
2377_ydyvAyS8Uzw,31,3,16,13836,0.1648,shrink
2377_ydyvAyS8Uzw,31,5,16,15003,0.2419,shrink
2377_ydyvAyS8Uzw,31,3,67,8397,0.0000,vanish
2377_ydyvAyS8Uzw,31,2,67,1514,0.0000,vanish
2377_ydyvAyS8Uzw,32,3,16,13443,0.1618,shrink
2377_ydyvAyS8Uzw,32,5,16,14943,0.2397,shrink
2377_ydyvAyS8Uzw,32,1,67,375,0.0000,vanish
2377_ydyvAyS8Uzw,32,2,67,2868,0.0000,vanish
2377_ydyvAyS8Uzw,33,1,16,307,0.0000,vanish
2377_ydyvAyS8Uzw,33,3,16,13385,0.1530,shrink
2377_ydyvAyS8Uzw,33,5,16,14988,0.2439,shrink
2377_ydyvAyS8Uzw,33,2,61,8642,0.0000,vanish
2377_ydyvAyS8Uzw,34,3,16,13471,0.1604,shrink
2377_ydyvAyS8Uzw,34,5,16,15103,0.2494,shrink
2377_ydyvAyS8Uzw,34,1,61,4812,0.0000,vanish
2377_ydyvAyS8Uzw,35,5,16,19622,0.2409,shrink
2377_ydyvAyS8Uzw,35,3,16,13856,0.1588,shrink
2377_ydyvAyS8Uzw,36,3,16,3078,0.0000,vanish
2377_ydyvAyS8Uzw,36,3,16,13802,0.1564,shrink
2377_ydyvAyS8Uzw,37,2,16,1543,0.0000,vanish
2377_ydyvAyS8Uzw,37,3,16,13975,0.1546,shrink
2377_ydyvAyS8Uzw,38,5,8,3733,0.2475,shrink
2377_ydyvAyS8Uzw,38,1,16,474,0.0000,vanish
2377_ydyvAyS8Uzw,38,4,16,13739,0.1438,shrink
2377_ydyvAyS8Uzw,38,3,16,5155,0.2231,shrink
2377_ydyvAyS8Uzw,39,5,8,3038,0.1949,shrink
2377_ydyvAyS8Uzw,39,4,16,13790,0.1492,shrink
2377_ydyvAyS8Uzw,39,5,16,11886,0.2434,shrink
2377_ydyvAyS8Uzw,39,2,16,2802,0.0000,vanish
2377_ydyvAyS8Uzw,39,1,67,591,0.1861,shrink
2377_ydyvAyS8Uzw,40,5,8,2565,0.1918,shrink
2377_ydyvAyS8Uzw,40,5,16,13536,0.1399,shrink
2377_ydyvAyS8Uzw,40,5,16,11352,0.2422,shrink
2377_ydyvAyS8Uzw,40,1,16,1073,0.0000,vanish
2377_ydyvAyS8Uzw,41,5,8,1951,0.0000,vanish
2377_ydyvAyS8Uzw,41,5,16,13763,0.1517,shrink
2377_ydyvAyS8Uzw,41,5,16,11079,0.2224,shrink
2377_ydyvAyS8Uzw,42,4,8,1377,0.0000,vanish
2377_ydyvAyS8Uzw,42,5,16,14048,0.1713,shrink
2377_ydyvAyS8Uzw,42,5,16,10954,0.1994,shrink
2377_ydyvAyS8Uzw,42,1,29,353,0.0000,vanish
2377_ydyvAyS8Uzw,43,3,8,1118,0.0000,vanish
2377_ydyvAyS8Uzw,43,4,16,13892,0.1476,shrink
2377_ydyvAyS8Uzw,43,5,16,11042,0.1968,shrink
2377_ydyvAyS8Uzw,44,2,8,720,0.0000,vanish
2377_ydyvAyS8Uzw,44,4,16,14226,0.1451,shrink
2377_ydyvAyS8Uzw,44,4,16,10279,0.1826,shrink
2377_ydyvAyS8Uzw,45,1,8,948,0.0000,vanish
2377_ydyvAyS8Uzw,45,3,16,14663,0.1648,shrink
2377_ydyvAyS8Uzw,45,4,16,9717,0.2027,shrink
2377_ydyvAyS8Uzw,45,5,16,16478,0.2384,shrink
2377_ydyvAyS8Uzw,46,3,16,14541,0.1518,shrink
2377_ydyvAyS8Uzw,46,5,16,16305,0.2424,shrink
2377_ydyvAyS8Uzw,46,3,16,8064,0.1656,shrink
2377_ydyvAyS8Uzw,47,2,8,1148,0.2404,shrink
2377_ydyvAyS8Uzw,47,3,16,14328,0.1527,shrink
2377_ydyvAyS8Uzw,47,3,16,6331,0.1407,shrink
2377_ydyvAyS8Uzw,48,1,8,424,0.0000,vanish
2377_ydyvAyS8Uzw,48,3,16,14499,0.1395,shrink
2377_ydyvAyS8Uzw,48,3,16,4319,0.0248,vanish
2377_ydyvAyS8Uzw,49,4,16,14622,0.1431,shrink
2377_ydyvAyS8Uzw,49,3,16,2356,0.0000,vanish
2377_ydyvAyS8Uzw,50,1,16,1294,0.0000,vanish
2377_ydyvAyS8Uzw,50,5,16,14812,0.1439,shrink
2377_ydyvAyS8Uzw,50,2,16,989,0.0000,vanish
2377_ydyvAyS8Uzw,51,5,16,14826,0.1526,shrink
2377_ydyvAyS8Uzw,51,4,64,4265,0.0000,vanish
2377_ydyvAyS8Uzw,52,5,16,14667,0.1927,shrink
2377_ydyvAyS8Uzw,52,3,64,3306,0.0000,vanish
2377_ydyvAyS8Uzw,53,5,16,14821,0.1941,shrink
2377_ydyvAyS8Uzw,53,2,64,2270,0.0000,vanish
2377_ydyvAyS8Uzw,54,5,16,14444,0.1958,shrink
2377_ydyvAyS8Uzw,54,3,61,5598,0.1499,shrink
2377_ydyvAyS8Uzw,54,1,64,830,0.0000,vanish
2377_ydyvAyS8Uzw,55,4,8,2323,0.0086,vanish
2377_ydyvAyS8Uzw,55,5,16,14896,0.2156,shrink
2377_ydyvAyS8Uzw,55,2,61,4585,0.2325,shrink
2377_ydyvAyS8Uzw,56,3,8,1000,0.0000,vanish
2377_ydyvAyS8Uzw,56,5,61,3542,0.0011,vanish
2377_ydyvAyS8Uzw,57,2,8,535,0.0000,vanish
2377_ydyvAyS8Uzw,57,4,61,956,0.0000,vanish
2377_ydyvAyS8Uzw,58,3,61,708,0.0000,vanish
2377_ydyvAyS8Uzw,59,2,61,609,0.0000,vanish
2377_ydyvAyS8Uzw,59,2,61,570,0.0000,vanish
2377_ydyvAyS8Uzw,60,1,61,510,0.0000,vanish
2377_ydyvAyS8Uzw,60,1,61,376,0.0000,vanish
2377_ydyvAyS8Uzw,61,5,16,4679,0.2428,shrink
2377_ydyvAyS8Uzw,68,5,16,1583,0.0638,vanish
2377_ydyvAyS8Uzw,69,5,16,1625,0.0000,vanish
2377_ydyvAyS8Uzw,70,4,16,1175,0.0000,vanish
2377_ydyvAyS8Uzw,71,3,16,854,0.0000,vanish
2377_ydyvAyS8Uzw,72,2,16,611,0.0000,vanish
2377_ydyvAyS8Uzw,79,2,8,509,0.0000,vanish
2380_zGGPssONz84,0,4,1,3961,0.0000,vanish
2380_zGGPssONz84,0,4,61,8808,0.0000,vanish
2380_zGGPssONz84,1,3,1,3670,0.0000,vanish
2380_zGGPssONz84,1,5,61,9335,0.0000,vanish
2380_zGGPssONz84,2,2,1,2461,0.0000,vanish
2380_zGGPssONz84,2,5,61,10765,0.1227,shrink
2380_zGGPssONz84,2,5,61,4375,0.1957,shrink
2380_zGGPssONz84,3,1,1,762,0.0000,vanish
2380_zGGPssONz84,3,5,61,4772,0.0000,vanish
2380_zGGPssONz84,4,4,61,4799,0.0000,vanish
2380_zGGPssONz84,5,3,61,4553,0.0000,vanish
2380_zGGPssONz84,6,2,61,3730,0.0000,vanish
2380_zGGPssONz84,7,1,61,333,0.0000,vanish
2380_zGGPssONz84,7,1,61,1087,0.0000,vanish
2380_zGGPssONz84,9,5,1,1624,0.0505,vanish
2380_zGGPssONz84,10,5,1,1532,0.0000,vanish
2380_zGGPssONz84,11,4,1,1453,0.0000,vanish
2380_zGGPssONz84,12,3,1,1245,0.0000,vanish
2380_zGGPssONz84,13,2,1,734,0.0000,vanish
2380_zGGPssONz84,17,5,1,1043,0.0240,vanish
2380_zGGPssONz84,18,5,1,1090,0.0000,vanish
2380_zGGPssONz84,19,4,1,949,0.0000,vanish
2380_zGGPssONz84,20,3,1,693,0.0000,vanish
2380_zGGPssONz84,21,2,1,383,0.0000,vanish
2380_zGGPssONz84,26,5,1,873,0.0000,vanish
2380_zGGPssONz84,27,3,1,388,0.0000,vanish
2380_zGGPssONz84,27,4,1,874,0.0000,vanish
2380_zGGPssONz84,28,2,1,528,0.0000,vanish
2380_zGGPssONz84,28,3,1,895,0.0000,vanish
2380_zGGPssONz84,28,3,61,347,0.0000,vanish
2380_zGGPssONz84,29,2,1,889,0.0000,vanish
2380_zGGPssONz84,29,2,61,312,0.0000,vanish
2380_zGGPssONz84,30,1,0,779,0.0000,vanish
2380_zGGPssONz84,30,1,1,930,0.0000,vanish
2380_zGGPssONz84,30,1,1,417,0.0000,vanish
2380_zGGPssONz84,30,1,61,989,0.2295,shrink
2380_zGGPssONz84,39,5,1,2276,0.1810,shrink
2380_zGGPssONz84,40,5,1,2194,0.0000,vanish
2380_zGGPssONz84,40,5,61,9981,0.2106,shrink
2380_zGGPssONz84,41,4,1,2071,0.0000,vanish
2380_zGGPssONz84,41,4,61,9973,0.2127,shrink
2380_zGGPssONz84,42,3,1,1833,0.0000,vanish
2380_zGGPssONz84,44,3,1,483,0.0000,vanish
2380_zGGPssONz84,45,1,0,408,0.0000,vanish
2380_zGGPssONz84,45,2,1,727,0.0000,vanish
2380_zGGPssONz84,46,1,1,440,0.0000,vanish
2380_zGGPssONz84,54,5,0,26531,0.0984,vanish
2380_zGGPssONz84,54,5,61,77471,0.0639,vanish
2380_zGGPssONz84,55,4,0,26778,0.1024,shrink
2380_zGGPssONz84,55,4,61,77417,0.0637,vanish
2380_zGGPssONz84,56,3,0,26821,0.1082,shrink
2380_zGGPssONz84,56,3,61,76744,0.0667,vanish
2380_zGGPssONz84,57,2,0,21124,0.0740,vanish
2380_zGGPssONz84,57,2,61,78856,0.1170,shrink
2380_zGGPssONz84,58,1,0,10103,0.0000,vanish
2380_zGGPssONz84,58,1,61,74986,0.2386,shrink
2381_zHtCNhABlLw,14,1,0,305,0.0000,vanish
2381_zHtCNhABlLw,45,2,19,640,0.0031,vanish
2381_zHtCNhABlLw,46,1,19,321,0.0062,vanish
2382_zJyEES_KMUQ,2,5,118,311,0.1286,shrink
2382_zJyEES_KMUQ,3,5,118,1289,0.2258,shrink
2382_zJyEES_KMUQ,4,5,118,2857,0.2440,shrink
2382_zJyEES_KMUQ,10,2,61,500,0.0000,vanish
2382_zJyEES_KMUQ,11,2,61,1117,0.0000,vanish
2382_zJyEES_KMUQ,13,5,61,1000,0.0000,vanish
2382_zJyEES_KMUQ,14,4,61,1778,0.0000,vanish
2382_zJyEES_KMUQ,15,4,61,2208,0.0566,vanish
2382_zJyEES_KMUQ,15,5,61,900,0.0000,vanish
2382_zJyEES_KMUQ,16,4,61,970,0.0000,vanish
2382_zJyEES_KMUQ,16,4,61,344,0.0000,vanish
2382_zJyEES_KMUQ,17,3,61,1276,0.0000,vanish
2382_zJyEES_KMUQ,18,5,61,7040,0.1747,shrink
2382_zJyEES_KMUQ,21,5,61,17492,0.0545,vanish
2382_zJyEES_KMUQ,22,5,61,18259,0.0206,vanish
2382_zJyEES_KMUQ,23,4,61,18719,0.0257,vanish
2382_zJyEES_KMUQ,24,3,61,13468,0.1528,shrink
2382_zJyEES_KMUQ,24,4,95,7179,0.1162,shrink
2382_zJyEES_KMUQ,27,5,95,438,0.1073,shrink
2382_zJyEES_KMUQ,28,1,61,892,0.0000,vanish
2382_zJyEES_KMUQ,28,5,95,2038,0.0000,vanish
2382_zJyEES_KMUQ,29,5,61,14081,0.0000,vanish
2382_zJyEES_KMUQ,30,3,61,14502,0.0000,vanish
2382_zJyEES_KMUQ,31,4,61,16777,0.0000,vanish
2382_zJyEES_KMUQ,32,1,95,626,0.0000,vanish
2382_zJyEES_KMUQ,33,2,61,572,0.0000,vanish
2382_zJyEES_KMUQ,34,2,61,345,0.0000,vanish
2384_zdr0bBXoxjk,9,5,60,1488,0.2164,shrink
2384_zdr0bBXoxjk,11,5,60,2567,0.1827,shrink
2384_zdr0bBXoxjk,12,5,60,2693,0.0832,vanish
2384_zdr0bBXoxjk,13,5,60,2624,0.1414,shrink
2384_zdr0bBXoxjk,36,5,60,2633,0.1117,shrink
2384_zdr0bBXoxjk,37,5,60,2465,0.1396,shrink
2384_zdr0bBXoxjk,38,4,2,2901,0.0000,vanish
2384_zdr0bBXoxjk,38,5,60,2132,0.0826,vanish
2384_zdr0bBXoxjk,38,5,99,8989,0.1854,shrink
2384_zdr0bBXoxjk,39,4,2,7114,0.0000,vanish
2384_zdr0bBXoxjk,39,5,60,2015,0.0000,vanish
2384_zdr0bBXoxjk,39,5,99,8157,0.1086,shrink
2384_zdr0bBXoxjk,40,5,2,15501,0.0000,vanish
2384_zdr0bBXoxjk,40,4,60,1536,0.0000,vanish
2384_zdr0bBXoxjk,40,2,99,558,0.0000,vanish
2384_zdr0bBXoxjk,40,5,99,6275,0.1436,shrink
2384_zdr0bBXoxjk,41,4,2,17880,0.0000,vanish
2384_zdr0bBXoxjk,41,3,60,1239,0.0000,vanish
2384_zdr0bBXoxjk,41,4,99,4847,0.1719,shrink
2384_zdr0bBXoxjk,42,2,60,800,0.0000,vanish
2384_zdr0bBXoxjk,42,5,99,3479,0.1500,shrink
2384_zdr0bBXoxjk,42,3,101,9746,0.1674,shrink
2384_zdr0bBXoxjk,43,1,60,893,0.0000,vanish
2384_zdr0bBXoxjk,43,2,101,5805,0.0028,vanish
2384_zdr0bBXoxjk,44,5,99,8069,0.0001,vanish
2384_zdr0bBXoxjk,44,1,101,2945,0.0000,vanish
2384_zdr0bBXoxjk,45,5,99,8269,0.0000,vanish
2384_zdr0bBXoxjk,46,4,99,5129,0.0000,vanish
2384_zdr0bBXoxjk,47,3,99,3046,0.0000,vanish
2384_zdr0bBXoxjk,48,2,99,748,0.0000,vanish
2384_zdr0bBXoxjk,48,5,101,21491,0.0500,vanish
2384_zdr0bBXoxjk,49,5,101,17062,0.0000,vanish
2384_zdr0bBXoxjk,50,4,101,13872,0.0000,vanish
2384_zdr0bBXoxjk,51,3,101,10602,0.0000,vanish
2384_zdr0bBXoxjk,52,2,101,6820,0.0000,vanish
2384_zdr0bBXoxjk,53,1,101,1842,0.0000,vanish
2385_zhpgbTT2w8c,1,5,31,606291,0.2360,shrink
2385_zhpgbTT2w8c,4,2,56,174310,0.1403,shrink
2385_zhpgbTT2w8c,5,5,56,3225,0.0707,vanish
2385_zhpgbTT2w8c,6,5,56,20007,0.0833,vanish
2385_zhpgbTT2w8c,8,5,37,6324,0.1254,shrink
2385_zhpgbTT2w8c,12,5,31,85445,0.1107,shrink
2385_zhpgbTT2w8c,12,1,56,1022,0.0000,vanish
2385_zhpgbTT2w8c,13,5,31,96994,0.0000,vanish
2385_zhpgbTT2w8c,14,4,31,101596,0.0000,vanish
2385_zhpgbTT2w8c,15,3,31,94220,0.0000,vanish
2385_zhpgbTT2w8c,16,4,31,1536,0.0000,vanish
2385_zhpgbTT2w8c,16,2,31,60424,0.0000,vanish
2385_zhpgbTT2w8c,17,3,31,4296,0.0000,vanish
2385_zhpgbTT2w8c,17,1,31,9984,0.0000,vanish
2385_zhpgbTT2w8c,19,1,31,829,0.0000,vanish
2385_zhpgbTT2w8c,19,1,31,4449,0.0000,vanish
2385_zhpgbTT2w8c,20,1,31,2596,0.0000,vanish
2385_zhpgbTT2w8c,23,1,31,676,0.0000,vanish
2385_zhpgbTT2w8c,23,1,31,5749,0.0000,vanish
2385_zhpgbTT2w8c,30,4,37,43580,0.1073,shrink
2385_zhpgbTT2w8c,31,5,37,31310,0.1284,shrink
2385_zhpgbTT2w8c,32,5,37,25885,0.0000,vanish
2385_zhpgbTT2w8c,33,4,37,12726,0.0000,vanish
2385_zhpgbTT2w8c,34,3,37,5018,0.0000,vanish
2385_zhpgbTT2w8c,35,2,37,7213,0.0000,vanish
2386_zjYC02GpjJg,0,5,13,10612,0.1054,shrink
2386_zjYC02GpjJg,1,5,13,11471,0.1296,shrink
2386_zjYC02GpjJg,2,5,13,12471,0.1516,shrink
2386_zjYC02GpjJg,16,4,13,17215,0.0755,vanish
2386_zjYC02GpjJg,17,5,13,20567,0.0958,vanish
2386_zjYC02GpjJg,17,2,67,4809,0.1923,shrink
2386_zjYC02GpjJg,18,5,13,22624,0.1241,shrink
2386_zjYC02GpjJg,19,4,13,25826,0.1599,shrink
2386_zjYC02GpjJg,20,5,13,25245,0.1366,shrink
2386_zjYC02GpjJg,21,5,13,25806,0.1249,shrink
2386_zjYC02GpjJg,22,5,13,26573,0.1228,shrink
2386_zjYC02GpjJg,23,5,13,28387,0.1345,shrink
2386_zjYC02GpjJg,24,5,13,31406,0.1223,shrink
2386_zjYC02GpjJg,25,5,13,28128,0.0966,vanish
2386_zjYC02GpjJg,26,5,13,25997,0.0952,vanish
2386_zjYC02GpjJg,27,5,13,24046,0.0802,vanish
2386_zjYC02GpjJg,28,5,13,22559,0.0698,vanish
2386_zjYC02GpjJg,29,5,13,18965,0.0827,vanish
2386_zjYC02GpjJg,30,5,13,16041,0.0825,vanish
2386_zjYC02GpjJg,51,5,13,25729,0.1364,shrink
2386_zjYC02GpjJg,51,1,67,1403,0.0000,vanish
2386_zjYC02GpjJg,52,5,13,29777,0.1317,shrink
2386_zjYC02GpjJg,53,5,13,31786,0.1287,shrink
2386_zjYC02GpjJg,54,5,13,34921,0.1543,shrink
2386_zjYC02GpjJg,55,4,13,33299,0.1735,shrink
2386_zjYC02GpjJg,56,3,13,33156,0.2087,shrink
2387_3502lHaZQIo,0,2,10,94718,0.0000,vanish
2387_3502lHaZQIo,0,4,10,79216,0.0884,vanish
2387_3502lHaZQIo,1,1,10,96277,0.0000,vanish
2387_3502lHaZQIo,1,3,10,79839,0.0813,vanish
2387_3502lHaZQIo,24,5,10,106073,0.1280,shrink
2387_3502lHaZQIo,24,4,67,30441,0.0004,vanish
2387_3502lHaZQIo,25,5,10,106532,0.1780,shrink
2387_3502lHaZQIo,25,3,67,23145,0.0000,vanish
2387_3502lHaZQIo,26,2,67,11645,0.0000,vanish
2387_3502lHaZQIo,27,1,67,2771,0.0000,vanish
2387_3502lHaZQIo,28,5,10,23835,0.2495,shrink
2387_3502lHaZQIo,29,4,10,25139,0.2098,shrink
2387_3502lHaZQIo,31,5,10,26470,0.0132,vanish
2387_3502lHaZQIo,34,5,10,27657,0.2417,shrink
2387_3502lHaZQIo,36,5,10,30437,0.1374,shrink
2387_3502lHaZQIo,37,4,10,30641,0.1195,shrink
2387_3502lHaZQIo,38,3,10,31108,0.0233,vanish
2387_3502lHaZQIo,39,5,10,30914,0.1200,shrink
2387_3502lHaZQIo,43,5,10,33085,0.2373,shrink
2387_3502lHaZQIo,45,5,61,4471,0.2317,shrink
2387_3502lHaZQIo,48,5,61,3406,0.0822,vanish
2387_3502lHaZQIo,49,5,61,3048,0.0000,vanish
2387_3502lHaZQIo,50,5,61,3434,0.1043,shrink
2387_3502lHaZQIo,51,4,61,3494,0.0097,vanish
2387_3502lHaZQIo,52,5,10,38987,0.1194,shrink
2387_3502lHaZQIo,52,2,61,3009,0.0000,vanish
2387_3502lHaZQIo,53,5,10,36989,0.0000,vanish
2387_3502lHaZQIo,53,5,61,2876,0.0000,vanish
2387_3502lHaZQIo,54,4,10,33997,0.0000,vanish
2387_3502lHaZQIo,54,3,61,2335,0.0000,vanish
2387_3502lHaZQIo,55,3,10,35435,0.0000,vanish
2387_3502lHaZQIo,55,2,61,1712,0.0000,vanish
2387_3502lHaZQIo,56,3,10,34957,0.0000,vanish
2387_3502lHaZQIo,56,2,61,1514,0.0000,vanish
2387_3502lHaZQIo,57,2,61,832,0.0120,vanish
2387_3502lHaZQIo,58,1,61,449,0.0223,vanish
2389_JNN3H6xLbWQ,0,3,60,1733,0.2262,shrink
2389_JNN3H6xLbWQ,2,5,80,30777,0.1796,shrink
2389_JNN3H6xLbWQ,3,5,60,1887,0.0000,vanish
2389_JNN3H6xLbWQ,3,5,80,27738,0.0729,vanish
2389_JNN3H6xLbWQ,4,5,60,1961,0.0000,vanish
2389_JNN3H6xLbWQ,4,5,80,25084,0.0123,vanish
2389_JNN3H6xLbWQ,5,4,60,1916,0.0000,vanish
2389_JNN3H6xLbWQ,5,5,80,22460,0.0000,vanish
2389_JNN3H6xLbWQ,6,3,60,2029,0.0000,vanish
2389_JNN3H6xLbWQ,6,4,80,15707,0.0000,vanish
2389_JNN3H6xLbWQ,6,2,80,458,0.0000,vanish
2389_JNN3H6xLbWQ,7,3,60,2173,0.0000,vanish
2389_JNN3H6xLbWQ,7,3,80,9403,0.0000,vanish
2389_JNN3H6xLbWQ,8,3,60,2351,0.0000,vanish
2389_JNN3H6xLbWQ,8,2,80,4282,0.0000,vanish
2389_JNN3H6xLbWQ,9,3,60,2928,0.0000,vanish
2389_JNN3H6xLbWQ,9,1,80,2078,0.0000,vanish
2389_JNN3H6xLbWQ,10,3,60,3116,0.0000,vanish
2389_JNN3H6xLbWQ,11,3,60,3342,0.0000,vanish
2389_JNN3H6xLbWQ,11,5,61,42948,0.0976,vanish
2389_JNN3H6xLbWQ,12,4,60,3689,0.0000,vanish
2389_JNN3H6xLbWQ,12,5,61,49739,0.1441,shrink
2389_JNN3H6xLbWQ,12,5,61,2289,0.0354,vanish
2389_JNN3H6xLbWQ,13,5,61,53965,0.2208,shrink
2389_JNN3H6xLbWQ,14,5,61,49893,0.1347,shrink
2389_JNN3H6xLbWQ,15,4,6,20860,0.0000,vanish
2389_JNN3H6xLbWQ,15,5,6,3929,0.0000,vanish
2389_JNN3H6xLbWQ,15,5,61,52280,0.0314,vanish
2389_JNN3H6xLbWQ,16,3,6,18298,0.0000,vanish
2389_JNN3H6xLbWQ,16,4,6,2977,0.0000,vanish
2389_JNN3H6xLbWQ,16,5,61,55822,0.0000,vanish
2389_JNN3H6xLbWQ,17,2,1,2685,0.0000,vanish
2389_JNN3H6xLbWQ,17,3,6,2217,0.0000,vanish
2389_JNN3H6xLbWQ,17,4,61,64335,0.0000,vanish
2389_JNN3H6xLbWQ,17,5,61,17161,0.2390,shrink
2389_JNN3H6xLbWQ,18,3,1,538,0.0000,vanish
2389_JNN3H6xLbWQ,18,2,1,3615,0.0000,vanish
2389_JNN3H6xLbWQ,18,2,6,2503,0.0000,vanish
2389_JNN3H6xLbWQ,18,3,61,13593,0.0000,vanish
2389_JNN3H6xLbWQ,18,4,61,54336,0.0000,vanish
2389_JNN3H6xLbWQ,18,5,61,13549,0.0000,vanish
2389_JNN3H6xLbWQ,19,1,6,3516,0.0000,vanish
2389_JNN3H6xLbWQ,19,2,61,6722,0.0000,vanish
2389_JNN3H6xLbWQ,19,4,61,58571,0.0000,vanish
2389_JNN3H6xLbWQ,19,4,61,16248,0.0000,vanish
2389_JNN3H6xLbWQ,20,1,61,1643,0.0000,vanish
2389_JNN3H6xLbWQ,20,4,61,66933,0.0000,vanish
2389_JNN3H6xLbWQ,20,3,61,13372,0.0000,vanish
2389_JNN3H6xLbWQ,21,5,6,96842,0.2381,shrink
2389_JNN3H6xLbWQ,21,4,61,76254,0.0000,vanish
2389_JNN3H6xLbWQ,21,2,61,12257,0.0000,vanish
2389_JNN3H6xLbWQ,22,5,6,97430,0.1222,shrink
2389_JNN3H6xLbWQ,22,2,6,8866,0.0000,vanish
2389_JNN3H6xLbWQ,22,1,61,4247,0.0000,vanish
2389_JNN3H6xLbWQ,23,5,6,80645,0.0610,vanish
2389_JNN3H6xLbWQ,23,1,6,426,0.0000,vanish
2389_JNN3H6xLbWQ,24,4,6,61980,0.0131,vanish
2389_JNN3H6xLbWQ,25,3,6,46618,0.0173,vanish
2389_JNN3H6xLbWQ,26,3,6,29502,0.0000,vanish
2389_JNN3H6xLbWQ,27,2,6,16269,0.0000,vanish
2389_JNN3H6xLbWQ,28,2,6,8563,0.0000,vanish
2389_JNN3H6xLbWQ,29,1,6,2349,0.0000,vanish
2389_JNN3H6xLbWQ,31,1,1,3123,0.0000,vanish
2389_JNN3H6xLbWQ,32,4,6,1779,0.0000,vanish
2389_JNN3H6xLbWQ,32,2,6,364,0.0000,vanish
2389_JNN3H6xLbWQ,32,2,61,19885,0.2153,shrink
2389_JNN3H6xLbWQ,33,5,6,12650,0.1990,shrink
2389_JNN3H6xLbWQ,33,2,61,12401,0.0564,vanish
2389_JNN3H6xLbWQ,34,1,12,4684,0.0000,vanish
2389_JNN3H6xLbWQ,34,1,61,4076,0.0000,vanish
2389_JNN3H6xLbWQ,36,1,1,5616,0.0000,vanish
2389_JNN3H6xLbWQ,37,5,1,8962,0.0000,vanish
2389_JNN3H6xLbWQ,37,5,61,219541,0.2478,shrink
2389_JNN3H6xLbWQ,38,4,1,10433,0.0000,vanish
2389_JNN3H6xLbWQ,38,5,6,32784,0.2475,shrink
2389_JNN3H6xLbWQ,38,5,6,7835,0.2217,shrink
2389_JNN3H6xLbWQ,38,5,61,188212,0.1741,shrink
2389_JNN3H6xLbWQ,39,3,1,9789,0.0000,vanish
2389_JNN3H6xLbWQ,39,5,6,37517,0.1080,shrink
2389_JNN3H6xLbWQ,39,5,60,4035,0.0178,vanish
2389_JNN3H6xLbWQ,39,5,61,153002,0.0900,vanish
2389_JNN3H6xLbWQ,40,2,1,8893,0.0000,vanish
2389_JNN3H6xLbWQ,40,5,61,117358,0.0012,vanish
2389_JNN3H6xLbWQ,41,1,1,5594,0.0000,vanish
2389_JNN3H6xLbWQ,41,5,6,8461,0.2391,shrink
2389_JNN3H6xLbWQ,41,5,61,84395,0.0000,vanish
2389_JNN3H6xLbWQ,42,5,6,8142,0.2361,shrink
2389_JNN3H6xLbWQ,42,4,61,54774,0.0000,vanish
2389_JNN3H6xLbWQ,43,5,6,8863,0.1440,shrink
2389_JNN3H6xLbWQ,43,3,61,32776,0.0000,vanish
2389_JNN3H6xLbWQ,44,5,6,8928,0.1332,shrink
2389_JNN3H6xLbWQ,44,1,61,12036,0.0000,vanish
2389_JNN3H6xLbWQ,44,2,61,1731,0.0000,vanish
2389_JNN3H6xLbWQ,45,5,6,8212,0.2065,shrink
2389_JNN3H6xLbWQ,51,5,6,7620,0.1951,shrink
2389_JNN3H6xLbWQ,52,5,6,8678,0.1489,shrink
2389_JNN3H6xLbWQ,53,5,6,10847,0.1572,shrink
2389_JNN3H6xLbWQ,54,5,6,13245,0.1474,shrink
2389_JNN3H6xLbWQ,55,2,6,2079,0.0678,vanish
2389_JNN3H6xLbWQ,56,2,6,1940,0.0191,vanish
2389_JNN3H6xLbWQ,57,2,6,1688,0.0427,vanish
2390_JnVKvR4u4Wg,26,2,1,721,0.0000,vanish
2390_JnVKvR4u4Wg,32,5,1,9861,0.0224,vanish
2390_JnVKvR4u4Wg,32,5,60,16145,0.2474,shrink
2390_JnVKvR4u4Wg,33,5,1,10454,0.0000,vanish
2390_JnVKvR4u4Wg,33,5,60,15592,0.0799,vanish
2390_JnVKvR4u4Wg,34,4,1,12193,0.0000,vanish
2390_JnVKvR4u4Wg,34,5,60,16980,0.0415,vanish
2390_JnVKvR4u4Wg,35,3,1,7771,0.0000,vanish
2390_JnVKvR4u4Wg,35,5,60,16279,0.0463,vanish
2390_JnVKvR4u4Wg,35,2,60,365,0.0000,vanish
2390_JnVKvR4u4Wg,36,2,1,4603,0.0000,vanish
2390_JnVKvR4u4Wg,36,1,1,650,0.0000,vanish
2390_JnVKvR4u4Wg,36,5,60,17107,0.0645,vanish
2390_JnVKvR4u4Wg,37,4,60,13715,0.1680,shrink
2332_WSVuuQ6gsPM,20,5,67,10860,0.0000,vanish
2332_WSVuuQ6gsPM,21,4,67,10865,0.0000,vanish
2332_WSVuuQ6gsPM,22,3,67,10874,0.0000,vanish
2332_WSVuuQ6gsPM,23,2,67,10879,0.0000,vanish
2332_WSVuuQ6gsPM,24,3,58,6911,0.0000,vanish
2332_WSVuuQ6gsPM,24,1,67,8491,0.0000,vanish
2332_WSVuuQ6gsPM,25,2,58,25158,0.1194,shrink
2332_WSVuuQ6gsPM,26,2,58,34387,0.0774,vanish
2332_WSVuuQ6gsPM,28,1,29,334,0.0000,vanish
2332_WSVuuQ6gsPM,34,3,0,16648,0.0000,vanish
2332_WSVuuQ6gsPM,34,1,15,1530,0.0000,vanish
2332_WSVuuQ6gsPM,35,2,0,19888,0.1851,shrink
2332_WSVuuQ6gsPM,36,1,58,1175,0.0000,vanish
2332_WSVuuQ6gsPM,40,2,0,1672,0.2380,shrink
2369_xGeYj3Kr3Iw,0,1,1,1608,0.0000,vanish
2369_xGeYj3Kr3Iw,0,1,1,324,0.0000,vanish
2378_yn-TfAzobDI,9,5,19,34698,0.0272,vanish
2378_yn-TfAzobDI,10,5,19,32989,0.0286,vanish
2378_yn-TfAzobDI,11,5,19,29592,0.0000,vanish
2378_yn-TfAzobDI,12,4,19,19410,0.0000,vanish
2378_yn-TfAzobDI,13,3,19,14786,0.0000,vanish
2378_yn-TfAzobDI,14,2,19,6883,0.0000,vanish
2378_yn-TfAzobDI,15,1,19,4189,0.0000,vanish
2378_yn-TfAzobDI,27,5,41,72265,0.1514,shrink
2378_yn-TfAzobDI,28,5,41,64389,0.0497,vanish
2378_yn-TfAzobDI,29,5,41,53793,0.0000,vanish
2378_yn-TfAzobDI,30,4,41,48189,0.0000,vanish
2378_yn-TfAzobDI,31,3,41,28733,0.0000,vanish
2378_yn-TfAzobDI,32,2,41,12993,0.0000,vanish
2378_yn-TfAzobDI,33,1,41,3202,0.0000,vanish
2378_yn-TfAzobDI,37,5,19,66189,0.0492,vanish
2378_yn-TfAzobDI,38,5,19,64712,0.0353,vanish
2378_yn-TfAzobDI,39,5,19,60926,0.0000,vanish
2378_yn-TfAzobDI,40,4,19,56140,0.0000,vanish
2378_yn-TfAzobDI,54,2,41,132317,0.0000,vanish
2378_yn-TfAzobDI,55,1,29,95441,0.2383,shrink
2378_yn-TfAzobDI,55,2,41,134279,0.0000,vanish
2378_yn-TfAzobDI,56,2,41,108455,0.0000,vanish
2378_yn-TfAzobDI,57,1,41,14987,0.0000,vanish
2378_yn-TfAzobDI,64,3,61,4330,0.0000,vanish
2378_yn-TfAzobDI,65,2,61,5000,0.0000,vanish
2378_yn-TfAzobDI,66,1,61,4043,0.0000,vanish
2378_yn-TfAzobDI,68,5,73,133198,0.2326,shrink
2378_yn-TfAzobDI,69,1,61,2102,0.0000,vanish
2378_yn-TfAzobDI,69,5,73,121686,0.2208,shrink
